aa_customer_id,bank_code,bank_cif_id,cust_id
1,ANCHOR,CIF00100000,C00001
1,BANK_A,CIF00200001,
1,BANK_B,CIF00300001,
2,ANCHOR,CIF00100001,C00002
2,BANK_A,CIF00200002,
2,BANK_B,CIF00300002,
3,ANCHOR,CIF00100002,C00003
4,ANCHOR,CIF00100003,C00004
4,BANK_B,CIF00300004,
5,ANCHOR,CIF00100004,C00005
5,BANK_A,CIF00200005,
5,BANK_B,CIF00300005,
6,ANCHOR,CIF00100005,C00006
6,BANK_A,CIF00200006,
7,ANCHOR,CIF00100006,C00007
7,BANK_A,CIF00200007,
7,BANK_B,CIF00300007,
8,ANCHOR,CIF00100007,C00008
8,BANK_A,CIF00200008,
9,ANCHOR,CIF00100008,C00009
9,BANK_A,CIF00200009,
10,ANCHOR,CIF00100009,C00010
10,BANK_B,CIF00300010,
11,ANCHOR,CIF00100010,C00011
12,ANCHOR,CIF00100011,C00012
12,BANK_A,CIF00200012,
12,BANK_B,CIF00300012,
13,ANCHOR,CIF00100012,C00013
13,BANK_B,CIF00300013,
14,ANCHOR,CIF00100013,C00014
14,BANK_A,CIF00200014,
14,BANK_B,CIF00300014,
15,ANCHOR,CIF00100014,C00015
16,ANCHOR,CIF00100015,C00016
17,ANCHOR,CIF00100016,C00017
17,BANK_A,CIF00200017,
18,ANCHOR,CIF00100017,C00018
18,BANK_A,CIF00200018,
19,ANCHOR,CIF00100018,C00019
20,ANCHOR,CIF00100019,C00020
21,ANCHOR,CIF00100020,C00021
21,BANK_B,CIF00300021,
22,ANCHOR,CIF00100021,C00022
22,BANK_A,CIF00200022,
22,BANK_B,CIF00300022,
23,ANCHOR,CIF00100022,C00023
23,BANK_A,CIF00200023,
23,BANK_B,CIF00300023,
24,ANCHOR,CIF00100023,C00024
24,BANK_A,CIF00200024,
24,BANK_B,CIF00300024,
25,ANCHOR,CIF00100024,C00025
25,BANK_A,CIF00200025,
25,BANK_B,CIF00300025,
26,ANCHOR,CIF00100025,C00026
26,BANK_A,CIF00200026,
26,BANK_B,CIF00300026,
27,ANCHOR,CIF00100026,C00027
27,BANK_A,CIF00200027,
28,ANCHOR,CIF00100027,C00028
28,BANK_A,CIF00200028,
29,ANCHOR,CIF00100028,C00029
29,BANK_A,CIF00200029,
30,ANCHOR,CIF00100029,C00030
30,BANK_A,CIF00200030,
30,BANK_B,CIF00300030,
31,ANCHOR,CIF00100030,C00031
32,ANCHOR,CIF00100031,C00032
32,BANK_A,CIF00200032,
33,ANCHOR,CIF00100032,C00033
34,ANCHOR,CIF00100033,C00034
34,BANK_A,CIF00200034,
34,BANK_B,CIF00300034,
35,ANCHOR,CIF00100034,C00035
35,BANK_A,CIF00200035,
35,BANK_B,CIF00300035,
36,ANCHOR,CIF00100035,C00036
36,BANK_A,CIF00200036,
37,ANCHOR,CIF00100036,C00037
37,BANK_B,CIF00300037,
38,ANCHOR,CIF00100037,C00038
38,BANK_A,CIF00200038,
38,BANK_B,CIF00300038,
39,ANCHOR,CIF00100038,C00039
40,ANCHOR,CIF00100039,C00040
40,BANK_A,CIF00200040,
40,BANK_B,CIF00300040,
41,ANCHOR,CIF00100040,C00041
41,BANK_A,CIF00200041,
41,BANK_B,CIF00300041,
42,ANCHOR,CIF00100041,C00042
42,BANK_A,CIF00200042,
43,ANCHOR,CIF00100042,C00043
43,BANK_A,CIF00200043,
43,BANK_B,CIF00300043,
44,ANCHOR,CIF00100043,C00044
45,ANCHOR,CIF00100044,C00045
45,BANK_A,CIF00200045,
45,BANK_B,CIF00300045,
46,ANCHOR,CIF00100045,C00046
46,BANK_A,CIF00200046,
47,ANCHOR,CIF00100046,C00047
48,ANCHOR,CIF00100047,C00048
48,BANK_A,CIF00200048,
48,BANK_B,CIF00300048,
49,ANCHOR,CIF00100048,C00049
50,ANCHOR,CIF00100049,C00050
51,ANCHOR,CIF00100050,C00051
51,BANK_A,CIF00200051,
52,ANCHOR,CIF00100051,C00052
52,BANK_A,CIF00200052,
53,ANCHOR,CIF00100052,C00053
53,BANK_A,CIF00200053,
54,ANCHOR,CIF00100053,C00054
54,BANK_A,CIF00200054,
55,ANCHOR,CIF00100054,C00055
55,BANK_A,CIF00200055,
56,ANCHOR,CIF00100055,C00056
56,BANK_B,CIF00300056,
57,ANCHOR,CIF00100056,C00057
57,BANK_A,CIF00200057,
57,BANK_B,CIF00300057,
58,ANCHOR,CIF00100057,C00058
59,ANCHOR,CIF00100058,C00059
59,BANK_A,CIF00200059,
60,ANCHOR,CIF00100059,C00060
60,BANK_A,CIF00200060,
60,BANK_B,CIF00300060,
61,ANCHOR,CIF00100060,C00061
62,ANCHOR,CIF00100061,C00062
63,ANCHOR,CIF00100062,C00063
63,BANK_A,CIF00200063,
63,BANK_B,CIF00300063,
64,ANCHOR,CIF00100063,C00064
64,BANK_A,CIF00200064,
65,ANCHOR,CIF00100064,C00065
66,ANCHOR,CIF00100065,C00066
66,BANK_A,CIF00200066,
66,BANK_B,CIF00300066,
67,ANCHOR,CIF00100066,C00067
68,ANCHOR,CIF00100067,C00068
68,BANK_A,CIF00200068,
69,ANCHOR,CIF00100068,C00069
69,BANK_A,CIF00200069,
70,ANCHOR,CIF00100069,C00070
70,BANK_B,CIF00300070,
71,ANCHOR,CIF00100070,C00071
71,BANK_A,CIF00200071,
72,ANCHOR,CIF00100071,C00072
72,BANK_A,CIF00200072,
73,ANCHOR,CIF00100072,C00073
73,BANK_A,CIF00200073,
73,BANK_B,CIF00300073,
74,ANCHOR,CIF00100073,C00074
74,BANK_A,CIF00200074,
75,ANCHOR,CIF00100074,C00075
75,BANK_A,CIF00200075,
75,BANK_B,CIF00300075,
76,ANCHOR,CIF00100075,C00076
77,ANCHOR,CIF00100076,C00077
77,BANK_A,CIF00200077,
78,ANCHOR,CIF00100077,C00078
78,BANK_A,CIF00200078,
78,BANK_B,CIF00300078,
79,ANCHOR,CIF00100078,C00079
79,BANK_A,CIF00200079,
80,ANCHOR,CIF00100079,C00080
80,BANK_A,CIF00200080,
80,BANK_B,CIF00300080,
81,ANCHOR,CIF00100080,C00081
81,BANK_A,CIF00200081,
82,ANCHOR,CIF00100081,C00082
82,BANK_A,CIF00200082,
83,ANCHOR,CIF00100082,C00083
83,BANK_B,CIF00300083,
84,ANCHOR,CIF00100083,C00084
84,BANK_A,CIF00200084,
85,ANCHOR,CIF00100084,C00085
85,BANK_A,CIF00200085,
85,BANK_B,CIF00300085,
86,ANCHOR,CIF00100085,C00086
87,ANCHOR,CIF00100086,C00087
87,BANK_A,CIF00200087,
88,ANCHOR,CIF00100087,C00088
88,BANK_B,CIF00300088,
89,ANCHOR,CIF00100088,C00089
89,BANK_A,CIF00200089,
90,ANCHOR,CIF00100089,C00090
90,BANK_A,CIF00200090,
91,ANCHOR,CIF00100090,C00091
92,ANCHOR,CIF00100091,C00092
92,BANK_B,CIF00300092,
93,ANCHOR,CIF00100092,C00093
93,BANK_A,CIF00200093,
93,BANK_B,CIF00300093,
94,ANCHOR,CIF00100093,C00094
94,BANK_B,CIF00300094,
95,ANCHOR,CIF00100094,C00095
95,BANK_A,CIF00200095,
96,ANCHOR,CIF00100095,C00096
96,BANK_A,CIF00200096,
96,BANK_B,CIF00300096,
97,ANCHOR,CIF00100096,C00097
97,BANK_A,CIF00200097,
98,ANCHOR,CIF00100097,C00098
98,BANK_A,CIF00200098,
99,ANCHOR,CIF00100098,C00099
99,BANK_A,CIF00200099,
99,BANK_B,CIF00300099,
100,ANCHOR,CIF00100099,C00100
101,ANCHOR,CIF00100100,C00101
102,ANCHOR,CIF00100101,C00102
102,BANK_B,CIF00300102,
103,ANCHOR,CIF00100102,C00103
103,BANK_A,CIF00200103,
103,BANK_B,CIF00300103,
104,ANCHOR,CIF00100103,C00104
104,BANK_A,CIF00200104,
104,BANK_B,CIF00300104,
105,ANCHOR,CIF00100104,C00105
105,BANK_A,CIF00200105,
106,ANCHOR,CIF00100105,C00106
106,BANK_A,CIF00200106,
107,ANCHOR,CIF00100106,C00107
107,BANK_A,CIF00200107,
108,ANCHOR,CIF00100107,C00108
109,ANCHOR,CIF00100108,C00109
109,BANK_A,CIF00200109,
110,ANCHOR,CIF00100109,C00110
110,BANK_A,CIF00200110,
110,BANK_B,CIF00300110,
111,ANCHOR,CIF00100110,C00111
112,ANCHOR,CIF00100111,C00112
112,BANK_A,CIF00200112,
113,ANCHOR,CIF00100112,C00113
113,BANK_A,CIF00200113,
114,ANCHOR,CIF00100113,C00114
114,BANK_A,CIF00200114,
115,ANCHOR,CIF00100114,C00115
115,BANK_A,CIF00200115,
116,ANCHOR,CIF00100115,C00116
116,BANK_A,CIF00200116,
116,BANK_B,CIF00300116,
117,ANCHOR,CIF00100116,C00117
117,BANK_A,CIF00200117,
118,ANCHOR,CIF00100117,C00118
118,BANK_A,CIF00200118,
118,BANK_B,CIF00300118,
119,ANCHOR,CIF00100118,C00119
119,BANK_B,CIF00300119,
120,ANCHOR,CIF00100119,C00120
120,BANK_A,CIF00200120,
121,ANCHOR,CIF00100120,C00121
121,BANK_A,CIF00200121,
122,ANCHOR,CIF00100121,C00122
122,BANK_A,CIF00200122,
123,ANCHOR,CIF00100122,C00123
123,BANK_A,CIF00200123,
124,ANCHOR,CIF00100123,C00124
124,BANK_A,CIF00200124,
124,BANK_B,CIF00300124,
125,ANCHOR,CIF00100124,C00125
125,BANK_A,CIF00200125,
125,BANK_B,CIF00300125,
126,ANCHOR,CIF00100125,C00126
126,BANK_A,CIF00200126,
127,ANCHOR,CIF00100126,C00127
127,BANK_A,CIF00200127,
128,ANCHOR,CIF00100127,C00128
129,ANCHOR,CIF00100128,C00129
129,BANK_A,CIF00200129,
129,BANK_B,CIF00300129,
130,ANCHOR,CIF00100129,C00130
130,BANK_A,CIF00200130,
131,ANCHOR,CIF00100130,C00131
132,ANCHOR,CIF00100131,C00132
132,BANK_A,CIF00200132,
132,BANK_B,CIF00300132,
133,ANCHOR,CIF00100132,C00133
134,ANCHOR,CIF00100133,C00134
134,BANK_A,CIF00200134,
135,ANCHOR,CIF00100134,C00135
135,BANK_A,CIF00200135,
135,BANK_B,CIF00300135,
136,ANCHOR,CIF00100135,C00136
136,BANK_B,CIF00300136,
137,ANCHOR,CIF00100136,C00137
137,BANK_A,CIF00200137,
138,ANCHOR,CIF00100137,C00138
138,BANK_A,CIF00200138,
138,BANK_B,CIF00300138,
139,ANCHOR,CIF00100138,C00139
139,BANK_A,CIF00200139,
140,ANCHOR,CIF00100139,C00140
140,BANK_A,CIF00200140,
141,ANCHOR,CIF00100140,C00141
141,BANK_B,CIF00300141,
142,ANCHOR,CIF00100141,C00142
142,BANK_A,CIF00200142,
142,BANK_B,CIF00300142,
143,ANCHOR,CIF00100142,C00143
143,BANK_A,CIF00200143,
144,ANCHOR,CIF00100143,C00144
144,BANK_B,CIF00300144,
145,ANCHOR,CIF00100144,C00145
145,BANK_A,CIF00200145,
145,BANK_B,CIF00300145,
146,ANCHOR,CIF00100145,C00146
146,BANK_A,CIF00200146,
147,ANCHOR,CIF00100146,C00147
147,BANK_A,CIF00200147,
147,BANK_B,CIF00300147,
148,ANCHOR,CIF00100147,C00148
149,ANCHOR,CIF00100148,C00149
149,BANK_A,CIF00200149,
149,BANK_B,CIF00300149,
150,ANCHOR,CIF00100149,C00150
150,BANK_A,CIF00200150,
151,ANCHOR,CIF00100150,C00151
152,ANCHOR,CIF00100151,C00152
153,ANCHOR,CIF00100152,C00153
153,BANK_A,CIF00200153,
153,BANK_B,CIF00300153,
154,ANCHOR,CIF00100153,C00154
154,BANK_A,CIF00200154,
155,ANCHOR,CIF00100154,C00155
156,ANCHOR,CIF00100155,C00156
156,BANK_B,CIF00300156,
157,ANCHOR,CIF00100156,C00157
157,BANK_A,CIF00200157,
157,BANK_B,CIF00300157,
158,ANCHOR,CIF00100157,C00158
159,ANCHOR,CIF00100158,C00159
159,BANK_A,CIF00200159,
160,ANCHOR,CIF00100159,C00160
160,BANK_A,CIF00200160,
161,ANCHOR,CIF00100160,C00161
162,ANCHOR,CIF00100161,C00162
163,ANCHOR,CIF00100162,C00163
163,BANK_A,CIF00200163,
164,ANCHOR,CIF00100163,C00164
164,BANK_A,CIF00200164,
165,ANCHOR,CIF00100164,C00165
166,ANCHOR,CIF00100165,C00166
166,BANK_B,CIF00300166,
167,ANCHOR,CIF00100166,C00167
167,BANK_B,CIF00300167,
168,ANCHOR,CIF00100167,C00168
169,ANCHOR,CIF00100168,C00169
169,BANK_A,CIF00200169,
170,ANCHOR,CIF00100169,C00170
170,BANK_A,CIF00200170,
170,BANK_B,CIF00300170,
171,ANCHOR,CIF00100170,C00171
171,BANK_B,CIF00300171,
172,ANCHOR,CIF00100171,C00172
172,BANK_A,CIF00200172,
172,BANK_B,CIF00300172,
173,ANCHOR,CIF00100172,C00173
173,BANK_A,CIF00200173,
174,ANCHOR,CIF00100173,C00174
174,BANK_B,CIF00300174,
175,ANCHOR,CIF00100174,C00175
175,BANK_A,CIF00200175,
175,BANK_B,CIF00300175,
176,ANCHOR,CIF00100175,C00176
177,ANCHOR,CIF00100176,C00177
177,BANK_B,CIF00300177,
178,ANCHOR,CIF00100177,C00178
178,BANK_B,CIF00300178,
179,ANCHOR,CIF00100178,C00179
179,BANK_B,CIF00300179,
180,ANCHOR,CIF00100179,C00180
180,BANK_A,CIF00200180,
181,ANCHOR,CIF00100180,C00181
181,BANK_B,CIF00300181,
182,ANCHOR,CIF00100181,C00182
182,BANK_A,CIF00200182,
183,ANCHOR,CIF00100182,C00183
183,BANK_A,CIF00200183,
184,ANCHOR,CIF00100183,C00184
184,BANK_A,CIF00200184,
185,ANCHOR,CIF00100184,C00185
185,BANK_A,CIF00200185,
186,ANCHOR,CIF00100185,C00186
186,BANK_A,CIF00200186,
187,ANCHOR,CIF00100186,C00187
188,ANCHOR,CIF00100187,C00188
188,BANK_A,CIF00200188,
188,BANK_B,CIF00300188,
189,ANCHOR,CIF00100188,C00189
189,BANK_A,CIF00200189,
189,BANK_B,CIF00300189,
190,ANCHOR,CIF00100189,C00190
190,BANK_A,CIF00200190,
191,ANCHOR,CIF00100190,C00191
191,BANK_B,CIF00300191,
192,ANCHOR,CIF00100191,C00192
192,BANK_A,CIF00200192,
193,ANCHOR,CIF00100192,C00193
193,BANK_A,CIF00200193,
193,BANK_B,CIF00300193,
194,ANCHOR,CIF00100193,C00194
194,BANK_A,CIF00200194,
195,ANCHOR,CIF00100194,C00195
196,ANCHOR,CIF00100195,C00196
197,ANCHOR,CIF00100196,C00197
197,BANK_A,CIF00200197,
198,ANCHOR,CIF00100197,C00198
198,BANK_A,CIF00200198,
198,BANK_B,CIF00300198,
199,ANCHOR,CIF00100198,C00199
199,BANK_A,CIF00200199,
200,ANCHOR,CIF00100199,C00200
200,BANK_A,CIF00200200,
201,ANCHOR,CIF00100200,C00201
201,BANK_A,CIF00200201,
201,BANK_B,CIF00300201,
202,ANCHOR,CIF00100201,C00202
202,BANK_A,CIF00200202,
203,ANCHOR,CIF00100202,C00203
203,BANK_B,CIF00300203,
204,ANCHOR,CIF00100203,C00204
204,BANK_A,CIF00200204,
205,ANCHOR,CIF00100204,C00205
205,BANK_A,CIF00200205,
205,BANK_B,CIF00300205,
206,ANCHOR,CIF00100205,C00206
207,ANCHOR,CIF00100206,C00207
207,BANK_A,CIF00200207,
207,BANK_B,CIF00300207,
208,ANCHOR,CIF00100207,C00208
208,BANK_A,CIF00200208,
208,BANK_B,CIF00300208,
209,ANCHOR,CIF00100208,C00209
209,BANK_A,CIF00200209,
210,ANCHOR,CIF00100209,C00210
210,BANK_B,CIF00300210,
211,ANCHOR,CIF00100210,C00211
211,BANK_A,CIF00200211,
212,ANCHOR,CIF00100211,C00212
212,BANK_A,CIF00200212,
213,ANCHOR,CIF00100212,C00213
213,BANK_A,CIF00200213,
213,BANK_B,CIF00300213,
214,ANCHOR,CIF00100213,C00214
214,BANK_A,CIF00200214,
214,BANK_B,CIF00300214,
215,ANCHOR,CIF00100214,C00215
216,ANCHOR,CIF00100215,C00216
216,BANK_A,CIF00200216,
217,ANCHOR,CIF00100216,C00217
217,BANK_A,CIF00200217,
218,ANCHOR,CIF00100217,C00218
218,BANK_A,CIF00200218,
218,BANK_B,CIF00300218,
219,ANCHOR,CIF00100218,C00219
219,BANK_A,CIF00200219,
220,ANCHOR,CIF00100219,C00220
220,BANK_A,CIF00200220,
221,ANCHOR,CIF00100220,C00221
221,BANK_A,CIF00200221,
222,ANCHOR,CIF00100221,C00222
222,BANK_A,CIF00200222,
223,ANCHOR,CIF00100222,C00223
224,ANCHOR,CIF00100223,C00224
225,ANCHOR,CIF00100224,C00225
226,ANCHOR,CIF00100225,C00226
227,ANCHOR,CIF00100226,C00227
227,BANK_A,CIF00200227,
227,BANK_B,CIF00300227,
228,ANCHOR,CIF00100227,C00228
228,BANK_A,CIF00200228,
229,ANCHOR,CIF00100228,C00229
230,ANCHOR,CIF00100229,C00230
230,BANK_A,CIF00200230,
230,BANK_B,CIF00300230,
231,ANCHOR,CIF00100230,C00231
231,BANK_A,CIF00200231,
231,BANK_B,CIF00300231,
232,ANCHOR,CIF00100231,C00232
232,BANK_A,CIF00200232,
232,BANK_B,CIF00300232,
233,ANCHOR,CIF00100232,C00233
233,BANK_A,CIF00200233,
233,BANK_B,CIF00300233,
234,ANCHOR,CIF00100233,C00234
234,BANK_A,CIF00200234,
235,ANCHOR,CIF00100234,C00235
235,BANK_B,CIF00300235,
236,ANCHOR,CIF00100235,C00236
236,BANK_A,CIF00200236,
237,ANCHOR,CIF00100236,C00237
237,BANK_A,CIF00200237,
237,BANK_B,CIF00300237,
238,ANCHOR,CIF00100237,C00238
238,BANK_A,CIF00200238,
239,ANCHOR,CIF00100238,C00239
239,BANK_A,CIF00200239,
240,ANCHOR,CIF00100239,C00240
241,ANCHOR,CIF00100240,C00241
241,BANK_A,CIF00200241,
241,BANK_B,CIF00300241,
242,ANCHOR,CIF00100241,C00242
242,BANK_A,CIF00200242,
243,ANCHOR,CIF00100242,C00243
244,ANCHOR,CIF00100243,C00244
244,BANK_A,CIF00200244,
245,ANCHOR,CIF00100244,C00245
245,BANK_A,CIF00200245,
246,ANCHOR,CIF00100245,C00246
246,BANK_A,CIF00200246,
246,BANK_B,CIF00300246,
247,ANCHOR,CIF00100246,C00247
247,BANK_A,CIF00200247,
247,BANK_B,CIF00300247,
248,ANCHOR,CIF00100247,C00248
248,BANK_A,CIF00200248,
249,ANCHOR,CIF00100248,C00249
249,BANK_A,CIF00200249,
249,BANK_B,CIF00300249,
250,ANCHOR,CIF00100249,C00250
250,BANK_A,CIF00200250,
250,BANK_B,CIF00300250,
251,ANCHOR,CIF00100250,C00251
251,BANK_A,CIF00200251,
251,BANK_B,CIF00300251,
252,ANCHOR,CIF00100251,C00252
252,BANK_A,CIF00200252,
253,ANCHOR,CIF00100252,C00253
253,BANK_A,CIF00200253,
254,ANCHOR,CIF00100253,C00254
254,BANK_A,CIF00200254,
255,ANCHOR,CIF00100254,C00255
255,BANK_A,CIF00200255,
255,BANK_B,CIF00300255,
256,ANCHOR,CIF00100255,C00256
256,BANK_A,CIF00200256,
256,BANK_B,CIF00300256,
257,ANCHOR,CIF00100256,C00257
257,BANK_B,CIF00300257,
258,ANCHOR,CIF00100257,C00258
259,ANCHOR,CIF00100258,C00259
259,BANK_A,CIF00200259,
259,BANK_B,CIF00300259,
260,ANCHOR,CIF00100259,C00260
260,BANK_A,CIF00200260,
261,ANCHOR,CIF00100260,C00261
261,BANK_B,CIF00300261,
262,ANCHOR,CIF00100261,C00262
262,BANK_A,CIF00200262,
263,ANCHOR,CIF00100262,C00263
263,BANK_A,CIF00200263,
264,ANCHOR,CIF00100263,C00264
264,BANK_B,CIF00300264,
265,ANCHOR,CIF00100264,C00265
265,BANK_A,CIF00200265,
265,BANK_B,CIF00300265,
266,ANCHOR,CIF00100265,C00266
266,BANK_A,CIF00200266,
267,ANCHOR,CIF00100266,C00267
267,BANK_A,CIF00200267,
267,BANK_B,CIF00300267,
268,ANCHOR,CIF00100267,C00268
268,BANK_A,CIF00200268,
269,ANCHOR,CIF00100268,C00269
269,BANK_A,CIF00200269,
270,ANCHOR,CIF00100269,C00270
270,BANK_B,CIF00300270,
271,ANCHOR,CIF00100270,C00271
272,ANCHOR,CIF00100271,C00272
272,BANK_A,CIF00200272,
272,BANK_B,CIF00300272,
273,ANCHOR,CIF00100272,C00273
273,BANK_A,CIF00200273,
274,ANCHOR,CIF00100273,C00274
274,BANK_B,CIF00300274,
275,ANCHOR,CIF00100274,C00275
275,BANK_B,CIF00300275,
276,ANCHOR,CIF00100275,C00276
276,BANK_A,CIF00200276,
277,ANCHOR,CIF00100276,C00277
277,BANK_A,CIF00200277,
278,ANCHOR,CIF00100277,C00278
279,ANCHOR,CIF00100278,C00279
279,BANK_A,CIF00200279,
280,ANCHOR,CIF00100279,C00280
280,BANK_B,CIF00300280,
281,ANCHOR,CIF00100280,C00281
281,BANK_A,CIF00200281,
281,BANK_B,CIF00300281,
282,ANCHOR,CIF00100281,C00282
282,BANK_A,CIF00200282,
282,BANK_B,CIF00300282,
283,ANCHOR,CIF00100282,C00283
284,ANCHOR,CIF00100283,C00284
284,BANK_A,CIF00200284,
285,ANCHOR,CIF00100284,C00285
285,BANK_A,CIF00200285,
286,ANCHOR,CIF00100285,C00286
287,ANCHOR,CIF00100286,C00287
288,ANCHOR,CIF00100287,C00288
288,BANK_A,CIF00200288,
289,ANCHOR,CIF00100288,C00289
289,BANK_A,CIF00200289,
290,ANCHOR,CIF00100289,C00290
290,BANK_A,CIF00200290,
291,ANCHOR,CIF00100290,C00291
291,BANK_A,CIF00200291,
292,ANCHOR,CIF00100291,C00292
292,BANK_B,CIF00300292,
293,ANCHOR,CIF00100292,C00293
293,BANK_B,CIF00300293,
294,ANCHOR,CIF00100293,C00294
294,BANK_A,CIF00200294,
295,ANCHOR,CIF00100294,C00295
295,BANK_A,CIF00200295,
295,BANK_B,CIF00300295,
296,ANCHOR,CIF00100295,C00296
296,BANK_B,CIF00300296,
297,ANCHOR,CIF00100296,C00297
297,BANK_A,CIF00200297,
298,ANCHOR,CIF00100297,C00298
298,BANK_A,CIF00200298,
299,ANCHOR,CIF00100298,C00299
299,BANK_B,CIF00300299,
300,ANCHOR,CIF00100299,C00300
300,BANK_A,CIF00200300,
301,ANCHOR,CIF00100300,C00301
301,BANK_A,CIF00200301,
302,ANCHOR,CIF00100301,C00302
302,BANK_A,CIF00200302,
303,ANCHOR,CIF00100302,C00303
303,BANK_A,CIF00200303,
304,ANCHOR,CIF00100303,C00304
304,BANK_A,CIF00200304,
305,ANCHOR,CIF00100304,C00305
305,BANK_A,CIF00200305,
305,BANK_B,CIF00300305,
306,ANCHOR,CIF00100305,C00306
306,BANK_A,CIF00200306,
306,BANK_B,CIF00300306,
307,ANCHOR,CIF00100306,C00307
307,BANK_A,CIF00200307,
308,ANCHOR,CIF00100307,C00308
308,BANK_A,CIF00200308,
309,ANCHOR,CIF00100308,C00309
309,BANK_B,CIF00300309,
310,ANCHOR,CIF00100309,C00310
310,BANK_B,CIF00300310,
311,ANCHOR,CIF00100310,C00311
311,BANK_A,CIF00200311,
311,BANK_B,CIF00300311,
312,ANCHOR,CIF00100311,C00312
312,BANK_A,CIF00200312,
312,BANK_B,CIF00300312,
313,ANCHOR,CIF00100312,C00313
313,BANK_A,CIF00200313,
314,ANCHOR,CIF00100313,C00314
314,BANK_A,CIF00200314,
314,BANK_B,CIF00300314,
315,ANCHOR,CIF00100314,C00315
315,BANK_A,CIF00200315,
316,ANCHOR,CIF00100315,C00316
317,ANCHOR,CIF00100316,C00317
317,BANK_A,CIF00200317,
317,BANK_B,CIF00300317,
318,ANCHOR,CIF00100317,C00318
318,BANK_A,CIF00200318,
318,BANK_B,CIF00300318,
319,ANCHOR,CIF00100318,C00319
319,BANK_A,CIF00200319,
319,BANK_B,CIF00300319,
320,ANCHOR,CIF00100319,C00320
320,BANK_A,CIF00200320,
320,BANK_B,CIF00300320,
321,ANCHOR,CIF00100320,C00321
322,ANCHOR,CIF00100321,C00322
322,BANK_A,CIF00200322,
322,BANK_B,CIF00300322,
323,ANCHOR,CIF00100322,C00323
324,ANCHOR,CIF00100323,C00324
325,ANCHOR,CIF00100324,C00325
325,BANK_A,CIF00200325,
326,ANCHOR,CIF00100325,C00326
326,BANK_A,CIF00200326,
326,BANK_B,CIF00300326,
327,ANCHOR,CIF00100326,C00327
328,ANCHOR,CIF00100327,C00328
329,ANCHOR,CIF00100328,C00329
329,BANK_A,CIF00200329,
330,ANCHOR,CIF00100329,C00330
330,BANK_A,CIF00200330,
330,BANK_B,CIF00300330,
331,ANCHOR,CIF00100330,C00331
331,BANK_A,CIF00200331,
331,BANK_B,CIF00300331,
332,ANCHOR,CIF00100331,C00332
332,BANK_B,CIF00300332,
333,ANCHOR,CIF00100332,C00333
334,ANCHOR,CIF00100333,C00334
334,BANK_B,CIF00300334,
335,ANCHOR,CIF00100334,C00335
335,BANK_A,CIF00200335,
336,ANCHOR,CIF00100335,C00336
336,BANK_A,CIF00200336,
337,ANCHOR,CIF00100336,C00337
337,BANK_B,CIF00300337,
338,ANCHOR,CIF00100337,C00338
338,BANK_A,CIF00200338,
339,ANCHOR,CIF00100338,C00339
340,ANCHOR,CIF00100339,C00340
340,BANK_A,CIF00200340,
340,BANK_B,CIF00300340,
341,ANCHOR,CIF00100340,C00341
341,BANK_A,CIF00200341,
341,BANK_B,CIF00300341,
342,ANCHOR,CIF00100341,C00342
342,BANK_A,CIF00200342,
342,BANK_B,CIF00300342,
343,ANCHOR,CIF00100342,C00343
343,BANK_A,CIF00200343,
344,ANCHOR,CIF00100343,C00344
344,BANK_A,CIF00200344,
344,BANK_B,CIF00300344,
345,ANCHOR,CIF00100344,C00345
345,BANK_A,CIF00200345,
346,ANCHOR,CIF00100345,C00346
347,ANCHOR,CIF00100346,C00347
347,BANK_A,CIF00200347,
348,ANCHOR,CIF00100347,C00348
349,ANCHOR,CIF00100348,C00349
349,BANK_A,CIF00200349,
350,ANCHOR,CIF00100349,C00350
350,BANK_A,CIF00200350,
351,ANCHOR,CIF00100350,C00351
351,BANK_A,CIF00200351,
352,ANCHOR,CIF00100351,C00352
352,BANK_B,CIF00300352,
353,ANCHOR,CIF00100352,C00353
353,BANK_A,CIF00200353,
353,BANK_B,CIF00300353,
354,ANCHOR,CIF00100353,C00354
355,ANCHOR,CIF00100354,C00355
355,BANK_A,CIF00200355,
355,BANK_B,CIF00300355,
356,ANCHOR,CIF00100355,C00356
356,BANK_A,CIF00200356,
357,ANCHOR,CIF00100356,C00357
358,ANCHOR,CIF00100357,C00358
358,BANK_A,CIF00200358,
358,BANK_B,CIF00300358,
359,ANCHOR,CIF00100358,C00359
359,BANK_A,CIF00200359,
360,ANCHOR,CIF00100359,C00360
360,BANK_A,CIF00200360,
360,BANK_B,CIF00300360,
361,ANCHOR,CIF00100360,C00361
361,BANK_A,CIF00200361,
362,ANCHOR,CIF00100361,C00362
363,ANCHOR,CIF00100362,C00363
364,ANCHOR,CIF00100363,C00364
364,BANK_A,CIF00200364,
364,BANK_B,CIF00300364,
365,ANCHOR,CIF00100364,C00365
365,BANK_A,CIF00200365,
366,ANCHOR,CIF00100365,C00366
366,BANK_A,CIF00200366,
367,ANCHOR,CIF00100366,C00367
367,BANK_B,CIF00300367,
368,ANCHOR,CIF00100367,C00368
368,BANK_A,CIF00200368,
369,ANCHOR,CIF00100368,C00369
369,BANK_A,CIF00200369,
369,BANK_B,CIF00300369,
370,ANCHOR,CIF00100369,C00370
370,BANK_A,CIF00200370,
370,BANK_B,CIF00300370,
371,ANCHOR,CIF00100370,C00371
371,BANK_A,CIF00200371,
372,ANCHOR,CIF00100371,C00372
372,BANK_A,CIF00200372,
373,ANCHOR,CIF00100372,C00373
373,BANK_A,CIF00200373,
374,ANCHOR,CIF00100373,C00374
375,ANCHOR,CIF00100374,C00375
375,BANK_A,CIF00200375,
375,BANK_B,CIF00300375,
376,ANCHOR,CIF00100375,C00376
376,BANK_A,CIF00200376,
377,ANCHOR,CIF00100376,C00377
377,BANK_A,CIF00200377,
378,ANCHOR,CIF00100377,C00378
379,ANCHOR,CIF00100378,C00379
379,BANK_A,CIF00200379,
380,ANCHOR,CIF00100379,C00380
380,BANK_A,CIF00200380,
380,BANK_B,CIF00300380,
381,ANCHOR,CIF00100380,C00381
382,ANCHOR,CIF00100381,C00382
382,BANK_B,CIF00300382,
383,ANCHOR,CIF00100382,C00383
383,BANK_A,CIF00200383,
384,ANCHOR,CIF00100383,C00384
384,BANK_A,CIF00200384,
385,ANCHOR,CIF00100384,C00385
385,BANK_A,CIF00200385,
386,ANCHOR,CIF00100385,C00386
386,BANK_A,CIF00200386,
386,BANK_B,CIF00300386,
387,ANCHOR,CIF00100386,C00387
387,BANK_A,CIF00200387,
388,ANCHOR,CIF00100387,C00388
388,BANK_A,CIF00200388,
388,BANK_B,CIF00300388,
389,ANCHOR,CIF00100388,C00389
390,ANCHOR,CIF00100389,C00390
390,BANK_A,CIF00200390,
390,BANK_B,CIF00300390,
391,ANCHOR,CIF00100390,C00391
392,ANCHOR,CIF00100391,C00392
393,ANCHOR,CIF00100392,C00393
393,BANK_A,CIF00200393,
394,ANCHOR,CIF00100393,C00394
394,BANK_B,CIF00300394,
395,ANCHOR,CIF00100394,C00395
395,BANK_A,CIF00200395,
395,BANK_B,CIF00300395,
396,ANCHOR,CIF00100395,C00396
397,ANCHOR,CIF00100396,C00397
398,ANCHOR,CIF00100397,C00398
398,BANK_A,CIF00200398,
399,ANCHOR,CIF00100398,C00399
399,BANK_A,CIF00200399,
400,ANCHOR,CIF00100399,C00400
400,BANK_A,CIF00200400,
401,ANCHOR,CIF00100400,C00401
401,BANK_A,CIF00200401,
401,BANK_B,CIF00300401,
402,ANCHOR,CIF00100401,C00402
402,BANK_A,CIF00200402,
403,ANCHOR,CIF00100402,C00403
403,BANK_A,CIF00200403,
403,BANK_B,CIF00300403,
404,ANCHOR,CIF00100403,C00404
404,BANK_A,CIF00200404,
404,BANK_B,CIF00300404,
405,ANCHOR,CIF00100404,C00405
405,BANK_A,CIF00200405,
406,ANCHOR,CIF00100405,C00406
406,BANK_A,CIF00200406,
406,BANK_B,CIF00300406,
407,ANCHOR,CIF00100406,C00407
407,BANK_A,CIF00200407,
408,ANCHOR,CIF00100407,C00408
408,BANK_A,CIF00200408,
408,BANK_B,CIF00300408,
409,ANCHOR,CIF00100408,C00409
409,BANK_B,CIF00300409,
410,ANCHOR,CIF00100409,C00410
411,ANCHOR,CIF00100410,C00411
411,BANK_B,CIF00300411,
412,ANCHOR,CIF00100411,C00412
412,BANK_A,CIF00200412,
413,ANCHOR,CIF00100412,C00413
414,ANCHOR,CIF00100413,C00414
414,BANK_A,CIF00200414,
415,ANCHOR,CIF00100414,C00415
415,BANK_A,CIF00200415,
416,ANCHOR,CIF00100415,C00416
417,ANCHOR,CIF00100416,C00417
417,BANK_A,CIF00200417,
418,ANCHOR,CIF00100417,C00418
419,ANCHOR,CIF00100418,C00419
419,BANK_A,CIF00200419,
419,BANK_B,CIF00300419,
420,ANCHOR,CIF00100419,C00420
420,BANK_A,CIF00200420,
421,ANCHOR,CIF00100420,C00421
421,BANK_A,CIF00200421,
422,ANCHOR,CIF00100421,C00422
422,BANK_A,CIF00200422,
423,ANCHOR,CIF00100422,C00423
424,ANCHOR,CIF00100423,C00424
424,BANK_A,CIF00200424,
424,BANK_B,CIF00300424,
425,ANCHOR,CIF00100424,C00425
426,ANCHOR,CIF00100425,C00426
426,BANK_B,CIF00300426,
427,ANCHOR,CIF00100426,C00427
427,BANK_A,CIF00200427,
428,ANCHOR,CIF00100427,C00428
429,ANCHOR,CIF00100428,C00429
430,ANCHOR,CIF00100429,C00430
430,BANK_A,CIF00200430,
431,ANCHOR,CIF00100430,C00431
432,ANCHOR,CIF00100431,C00432
432,BANK_A,CIF00200432,
433,ANCHOR,CIF00100432,C00433
433,BANK_A,CIF00200433,
434,ANCHOR,CIF00100433,C00434
434,BANK_A,CIF00200434,
434,BANK_B,CIF00300434,
435,ANCHOR,CIF00100434,C00435
435,BANK_A,CIF00200435,
436,ANCHOR,CIF00100435,C00436
436,BANK_A,CIF00200436,
437,ANCHOR,CIF00100436,C00437
437,BANK_A,CIF00200437,
437,BANK_B,CIF00300437,
438,ANCHOR,CIF00100437,C00438
439,ANCHOR,CIF00100438,C00439
439,BANK_A,CIF00200439,
440,ANCHOR,CIF00100439,C00440
440,BANK_A,CIF00200440,
441,ANCHOR,CIF00100440,C00441
441,BANK_A,CIF00200441,
441,BANK_B,CIF00300441,
442,ANCHOR,CIF00100441,C00442
442,BANK_A,CIF00200442,
443,ANCHOR,CIF00100442,C00443
444,ANCHOR,CIF00100443,C00444
444,BANK_A,CIF00200444,
445,ANCHOR,CIF00100444,C00445
445,BANK_A,CIF00200445,
446,ANCHOR,CIF00100445,C00446
446,BANK_A,CIF00200446,
447,ANCHOR,CIF00100446,C00447
447,BANK_A,CIF00200447,
448,ANCHOR,CIF00100447,C00448
448,BANK_A,CIF00200448,
448,BANK_B,CIF00300448,
449,ANCHOR,CIF00100448,C00449
449,BANK_A,CIF00200449,
449,BANK_B,CIF00300449,
450,ANCHOR,CIF00100449,C00450
450,BANK_A,CIF00200450,
451,ANCHOR,CIF00100450,C00451
451,BANK_B,CIF00300451,
452,ANCHOR,CIF00100451,C00452
453,ANCHOR,CIF00100452,C00453
453,BANK_A,CIF00200453,
454,ANCHOR,CIF00100453,C00454
454,BANK_A,CIF00200454,
455,ANCHOR,CIF00100454,C00455
455,BANK_A,CIF00200455,
456,ANCHOR,CIF00100455,C00456
456,BANK_A,CIF00200456,
457,ANCHOR,CIF00100456,C00457
457,BANK_A,CIF00200457,
458,ANCHOR,CIF00100457,C00458
458,BANK_A,CIF00200458,
458,BANK_B,CIF00300458,
459,ANCHOR,CIF00100458,C00459
459,BANK_A,CIF00200459,
460,ANCHOR,CIF00100459,C00460
460,BANK_A,CIF00200460,
461,ANCHOR,CIF00100460,C00461
461,BANK_A,CIF00200461,
462,ANCHOR,CIF00100461,C00462
462,BANK_A,CIF00200462,
463,ANCHOR,CIF00100462,C00463
463,BANK_A,CIF00200463,
463,BANK_B,CIF00300463,
464,ANCHOR,CIF00100463,C00464
464,BANK_A,CIF00200464,
465,ANCHOR,CIF00100464,C00465
465,BANK_B,CIF00300465,
466,ANCHOR,CIF00100465,C00466
466,BANK_A,CIF00200466,
467,ANCHOR,CIF00100466,C00467
467,BANK_A,CIF00200467,
467,BANK_B,CIF00300467,
468,ANCHOR,CIF00100467,C00468
468,BANK_A,CIF00200468,
469,ANCHOR,CIF00100468,C00469
469,BANK_A,CIF00200469,
470,ANCHOR,CIF00100469,C00470
470,BANK_B,CIF00300470,
471,ANCHOR,CIF00100470,C00471
472,ANCHOR,CIF00100471,C00472
473,ANCHOR,CIF00100472,C00473
473,BANK_A,CIF00200473,
473,BANK_B,CIF00300473,
474,ANCHOR,CIF00100473,C00474
474,BANK_B,CIF00300474,
475,ANCHOR,CIF00100474,C00475
476,ANCHOR,CIF00100475,C00476
477,ANCHOR,CIF00100476,C00477
478,ANCHOR,CIF00100477,C00478
478,BANK_A,CIF00200478,
479,ANCHOR,CIF00100478,C00479
479,BANK_A,CIF00200479,
480,ANCHOR,CIF00100479,C00480
480,BANK_A,CIF00200480,
481,ANCHOR,CIF00100480,C00481
481,BANK_A,CIF00200481,
482,ANCHOR,CIF00100481,C00482
483,ANCHOR,CIF00100482,C00483
483,BANK_A,CIF00200483,
483,BANK_B,CIF00300483,
484,ANCHOR,CIF00100483,C00484
484,BANK_A,CIF00200484,
485,ANCHOR,CIF00100484,C00485
485,BANK_A,CIF00200485,
486,ANCHOR,CIF00100485,C00486
486,BANK_A,CIF00200486,
486,BANK_B,CIF00300486,
487,ANCHOR,CIF00100486,C00487
488,ANCHOR,CIF00100487,C00488
488,BANK_A,CIF00200488,
489,ANCHOR,CIF00100488,C00489
489,BANK_A,CIF00200489,
490,ANCHOR,CIF00100489,C00490
490,BANK_A,CIF00200490,
491,ANCHOR,CIF00100490,C00491
491,BANK_A,CIF00200491,
492,ANCHOR,CIF00100491,C00492
492,BANK_A,CIF00200492,
493,ANCHOR,CIF00100492,C00493
493,BANK_A,CIF00200493,
494,ANCHOR,CIF00100493,C00494
495,ANCHOR,CIF00100494,C00495
495,BANK_B,CIF00300495,
496,ANCHOR,CIF00100495,C00496
496,BANK_A,CIF00200496,
496,BANK_B,CIF00300496,
497,ANCHOR,CIF00100496,C00497
497,BANK_A,CIF00200497,
498,ANCHOR,CIF00100497,C00498
498,BANK_B,CIF00300498,
499,ANCHOR,CIF00100498,C00499
499,BANK_A,CIF00200499,
500,ANCHOR,CIF00100499,C00500
