Account_ID,Customer_ID,Account_Type,Account_Open_Date,Account_Status,Balance,Currency,Branch_Code,Account_Manager_ID
ACCT00000001,CUST000471,Credit Card,2022-03-09,Dormant,227340.48,INR,BR005,AM013
ACCT00000002,CUST000357,Fixed Deposit,2019-02-09,Closed,350093.67,INR,BR010,AM004
ACCT00000003,CUST000173,Loan,2025-01-23,Closed,276033.91,INR,BR020,AM004
ACCT00000004,CUST000370,Savings,2016-04-03,Closed,3847.71,INR,BR012,AM015
ACCT00000005,CUST000467,Credit Card,2025-09-24,Dormant,128126.83,INR,BR014,AM010
ACCT00000006,CUST000388,Credit Card,2017-04-16,Closed,239353.53,INR,BR006,AM024
ACCT00000007,CUST000393,Fixed Deposit,2023-09-01,Active,94381.34,INR,BR005,AM029
ACCT00000008,CUST000004,Fixed Deposit,2025-02-02,Dormant,346516.7,INR,BR015,AM013
ACCT00000009,CUST000165,Credit Card,2018-01-03,Closed,294355.21,INR,BR019,AM009
ACCT00000010,CUST000484,Savings,2018-12-14,Dormant,12465.95,INR,BR016,AM011
ACCT00000011,CUST000025,Fixed Deposit,2023-10-22,Closed,62949.24,INR,BR019,AM017
ACCT00000012,CUST000433,Credit Card,2019-11-08,Dormant,308309.79,INR,BR013,AM011
ACCT00000013,CUST000388,Current,2017-06-08,Active,40836.81,INR,BR007,AM014
ACCT00000014,CUST000266,Loan,2024-10-13,Closed,299025.3,INR,BR011,AM004
ACCT00000015,CUST000178,Loan,2017-10-25,Active,72445.79,INR,BR010,AM009
ACCT00000016,CUST000250,Credit Card,2018-10-21,Active,152050.0,INR,BR010,AM030
ACCT00000017,CUST000133,Fixed Deposit,2016-10-21,Active,200419.5,INR,BR009,AM005
ACCT00000018,CUST000050,Current,2024-05-24,Closed,53758.45,INR,BR006,AM001
ACCT00000019,CUST000307,Savings,2024-03-08,Closed,13994.76,INR,BR007,AM001
ACCT00000020,CUST000251,Savings,2021-04-15,Active,99827.99,INR,BR010,AM019
ACCT00000021,CUST000219,Credit Card,2023-11-11,Active,114590.37,INR,BR015,AM010
ACCT00000022,CUST000471,Savings,2017-01-15,Dormant,38609.64,INR,BR014,AM016
ACCT00000023,CUST000135,Savings,2017-04-30,Dormant,59623.65,INR,BR004,AM012
ACCT00000024,CUST000412,Savings,2018-10-14,Closed,91155.11,INR,BR003,AM011
ACCT00000025,CUST000081,Fixed Deposit,2020-09-14,Dormant,256929.19,INR,BR015,AM021
ACCT00000026,CUST000377,Fixed Deposit,2016-04-05,Closed,110028.63,INR,BR011,AM029
ACCT00000027,CUST000474,Savings,2022-05-16,Active,72729.13,INR,BR017,AM011
ACCT00000028,CUST000098,Fixed Deposit,2025-08-26,Active,302214.15,INR,BR001,AM008
ACCT00000029,CUST000071,Fixed Deposit,2021-05-26,Active,226585.12,INR,BR007,AM009
ACCT00000030,CUST000241,Current,2023-03-30,Active,9878.92,INR,BR016,AM010
ACCT00000031,CUST000068,Current,2025-10-19,Active,174092.16,INR,BR017,AM028
ACCT00000032,CUST000371,Current,2015-01-20,Dormant,59253.97,INR,BR003,AM016
ACCT00000033,CUST000286,Fixed Deposit,2018-07-19,Closed,294343.77,INR,BR006,AM002
ACCT00000034,CUST000215,Loan,2025-06-08,Dormant,205401.48,INR,BR019,AM008
ACCT00000035,CUST000327,Loan,2023-03-28,Closed,364859.83,INR,BR006,AM029
ACCT00000036,CUST000154,Current,2019-12-21,Closed,190427.27,INR,BR016,AM016
ACCT00000037,CUST000408,Credit Card,2025-03-03,Dormant,180082.87,INR,BR018,AM016
ACCT00000038,CUST000152,Savings,2018-09-22,Active,127725.68,INR,BR010,AM014
ACCT00000039,CUST000497,Credit Card,2020-07-14,Active,251630.08,INR,BR014,AM004
ACCT00000040,CUST000091,Credit Card,2020-06-04,Closed,309490.52,INR,BR004,AM012
ACCT00000041,CUST000357,Credit Card,2017-03-06,Dormant,122806.12,INR,BR016,AM020
ACCT00000042,CUST000211,Current,2015-06-29,Dormant,104884.12,INR,BR009,AM017
ACCT00000043,CUST000111,Credit Card,2016-01-13,Closed,284673.96,INR,BR011,AM009
ACCT00000044,CUST000346,Loan,2021-12-30,Dormant,59300.84,INR,BR015,AM014
ACCT00000045,CUST000205,Loan,2015-12-06,Dormant,105339.32,INR,BR016,AM024
ACCT00000046,CUST000113,Loan,2025-10-28,Active,36861.43,INR,BR010,AM015
ACCT00000047,CUST000210,Current,2024-09-27,Active,28447.45,INR,BR018,AM007
ACCT00000048,CUST000400,Savings,2025-06-07,Closed,107403.38,INR,BR011,AM005
ACCT00000049,CUST000310,Fixed Deposit,2015-05-04,Closed,320188.56,INR,BR001,AM026
ACCT00000050,CUST000195,Savings,2020-09-01,Dormant,55927.58,INR,BR018,AM003
ACCT00000051,CUST000336,Savings,2023-10-28,Active,180289.24,INR,BR012,AM018
ACCT00000052,CUST000102,Current,2024-02-11,Dormant,60408.12,INR,BR008,AM010
ACCT00000053,CUST000411,Current,2021-05-12,Dormant,86270.6,INR,BR014,AM007
ACCT00000054,CUST000284,Current,2015-03-26,Active,45556.18,INR,BR001,AM025
ACCT00000055,CUST000482,Fixed Deposit,2016-09-29,Closed,230725.24,INR,BR013,AM026
ACCT00000056,CUST000249,Savings,2017-09-02,Dormant,47384.42,INR,BR010,AM001
ACCT00000057,CUST000118,Current,2015-07-29,Dormant,115395.37,INR,BR004,AM027
ACCT00000058,CUST000402,Credit Card,2021-10-26,Active,192870.4,INR,BR009,AM028
ACCT00000059,CUST000044,Savings,2016-04-04,Closed,54357.56,INR,BR014,AM001
ACCT00000060,CUST000008,Fixed Deposit,2025-04-16,Active,253573.8,INR,BR004,AM024
ACCT00000061,CUST000302,Credit Card,2018-04-22,Closed,229327.86,INR,BR010,AM026
ACCT00000062,CUST000166,Credit Card,2023-09-19,Closed,124809.62,INR,BR001,AM010
ACCT00000063,CUST000141,Credit Card,2018-06-13,Active,158890.65,INR,BR009,AM021
ACCT00000064,CUST000296,Credit Card,2021-05-28,Dormant,115262.92,INR,BR014,AM003
ACCT00000065,CUST000114,Credit Card,2024-07-17,Dormant,194985.67,INR,BR016,AM010
ACCT00000066,CUST000465,Fixed Deposit,2023-08-14,Active,276411.39,INR,BR013,AM001
ACCT00000067,CUST000255,Credit Card,2021-05-05,Closed,121141.92,INR,BR004,AM015
ACCT00000068,CUST000115,Fixed Deposit,2015-06-04,Dormant,240323.72,INR,BR008,AM015
ACCT00000069,CUST000190,Credit Card,2024-07-31,Active,157579.39,INR,BR010,AM011
ACCT00000070,CUST000074,Savings,2016-08-15,Closed,13429.83,INR,BR006,AM007
ACCT00000071,CUST000443,Credit Card,2025-02-04,Active,191437.57,INR,BR003,AM005
ACCT00000072,CUST000207,Fixed Deposit,2023-01-21,Closed,117180.61,INR,BR019,AM025
ACCT00000073,CUST000120,Savings,2023-05-24,Dormant,5708.06,INR,BR014,AM010
ACCT00000074,CUST000380,Loan,2017-07-24,Active,104169.77,INR,BR011,AM023
ACCT00000075,CUST000290,Fixed Deposit,2021-12-01,Active,357178.01,INR,BR009,AM023
ACCT00000076,CUST000108,Fixed Deposit,2023-04-25,Closed,202821.08,INR,BR016,AM011
ACCT00000077,CUST000492,Current,2020-06-22,Dormant,5978.04,INR,BR016,AM017
ACCT00000078,CUST000285,Savings,2016-10-14,Dormant,67118.39,INR,BR003,AM013
ACCT00000079,CUST000066,Savings,2017-10-04,Closed,41013.76,INR,BR004,AM006
ACCT00000080,CUST000102,Credit Card,2016-12-07,Active,182322.43,INR,BR014,AM016
ACCT00000081,CUST000088,Fixed Deposit,2023-04-16,Active,249133.34,INR,BR018,AM014
ACCT00000082,CUST000205,Savings,2020-01-18,Active,110600.62,INR,BR014,AM010
ACCT00000083,CUST000369,Loan,2023-11-21,Dormant,157559.91,INR,BR020,AM029
ACCT00000084,CUST000191,Fixed Deposit,2017-10-28,Active,153934.54,INR,BR010,AM017
ACCT00000085,CUST000351,Current,2025-06-12,Closed,27995.86,INR,BR012,AM017
ACCT00000086,CUST000310,Loan,2023-01-12,Dormant,15846.31,INR,BR007,AM030
ACCT00000087,CUST000170,Current,2017-10-17,Closed,71215.28,INR,BR016,AM001
ACCT00000088,CUST000163,Credit Card,2018-01-18,Active,309349.94,INR,BR016,AM003
ACCT00000089,CUST000003,Loan,2018-03-12,Active,331597.42,INR,BR004,AM018
ACCT00000090,CUST000235,Loan,2016-08-11,Active,180077.12,INR,BR020,AM015
ACCT00000091,CUST000305,Current,2016-02-19,Dormant,96124.56,INR,BR018,AM029
ACCT00000092,CUST000116,Loan,2025-09-12,Active,224900.01,INR,BR007,AM009
ACCT00000093,CUST000146,Credit Card,2024-12-10,Closed,446310.46,INR,BR010,AM012
ACCT00000094,CUST000320,Credit Card,2019-05-02,Closed,289565.99,INR,BR018,AM021
ACCT00000095,CUST000338,Current,2016-04-26,Closed,39766.59,INR,BR005,AM004
ACCT00000096,CUST000375,Current,2019-10-06,Active,26443.24,INR,BR009,AM019
ACCT00000097,CUST000053,Current,2023-11-20,Closed,78515.71,INR,BR013,AM011
ACCT00000098,CUST000295,Fixed Deposit,2025-04-15,Dormant,216277.09,INR,BR020,AM022
ACCT00000099,CUST000466,Credit Card,2018-07-24,Active,139491.94,INR,BR001,AM026
ACCT00000100,CUST000119,Current,2016-07-21,Closed,63780.3,INR,BR005,AM005
ACCT00000101,CUST000085,Credit Card,2015-01-02,Dormant,148274.17,INR,BR003,AM029
ACCT00000102,CUST000497,Savings,2017-05-01,Closed,36523.84,INR,BR015,AM014
ACCT00000103,CUST000341,Credit Card,2020-07-25,Dormant,334971.33,INR,BR017,AM025
ACCT00000104,CUST000061,Current,2024-07-12,Dormant,120531.18,INR,BR013,AM025
ACCT00000105,CUST000198,Credit Card,2021-01-14,Dormant,199362.19,INR,BR017,AM011
ACCT00000106,CUST000272,Savings,2025-04-19,Active,168395.53,INR,BR006,AM021
ACCT00000107,CUST000427,Loan,2017-06-06,Dormant,206189.46,INR,BR018,AM015
ACCT00000108,CUST000251,Loan,2017-01-17,Closed,131097.26,INR,BR014,AM021
ACCT00000109,CUST000179,Current,2015-06-07,Dormant,171849.93,INR,BR015,AM025
ACCT00000110,CUST000344,Loan,2022-03-20,Active,243112.8,INR,BR020,AM018
ACCT00000111,CUST000449,Current,2021-07-04,Dormant,32979.69,INR,BR006,AM030
ACCT00000112,CUST000383,Savings,2018-05-01,Dormant,34772.91,INR,BR012,AM017
ACCT00000113,CUST000100,Savings,2024-12-21,Dormant,20049.46,INR,BR011,AM004
ACCT00000114,CUST000467,Loan,2019-04-26,Closed,89376.02,INR,BR001,AM020
ACCT00000115,CUST000140,Savings,2019-09-05,Closed,124094.2,INR,BR016,AM013
ACCT00000116,CUST000023,Loan,2019-08-31,Closed,352753.33,INR,BR002,AM019
ACCT00000117,CUST000422,Savings,2023-01-04,Closed,61885.41,INR,BR015,AM016
ACCT00000118,CUST000089,Credit Card,2024-04-13,Active,245037.54,INR,BR002,AM012
ACCT00000119,CUST000015,Fixed Deposit,2017-08-09,Closed,147948.59,INR,BR006,AM028
ACCT00000120,CUST000436,Current,2016-05-29,Dormant,11029.97,INR,BR004,AM002
ACCT00000121,CUST000228,Savings,2020-05-06,Active,2608.49,INR,BR018,AM009
ACCT00000122,CUST000437,Current,2025-06-12,Closed,19119.26,INR,BR001,AM011
ACCT00000123,CUST000429,Loan,2017-11-17,Closed,203881.73,INR,BR012,AM017
ACCT00000124,CUST000008,Credit Card,2022-01-31,Closed,133523.99,INR,BR002,AM003
ACCT00000125,CUST000099,Fixed Deposit,2017-07-05,Closed,221636.55,INR,BR009,AM003
ACCT00000126,CUST000089,Credit Card,2015-10-04,Dormant,195980.95,INR,BR020,AM007
ACCT00000127,CUST000353,Fixed Deposit,2021-12-18,Active,180884.16,INR,BR001,AM010
ACCT00000128,CUST000141,Fixed Deposit,2020-12-19,Active,127394.91,INR,BR011,AM015
ACCT00000129,CUST000291,Savings,2024-08-19,Dormant,3858.29,INR,BR003,AM004
ACCT00000130,CUST000471,Savings,2018-02-08,Closed,110431.3,INR,BR003,AM006
ACCT00000131,CUST000163,Fixed Deposit,2025-08-29,Active,240073.38,INR,BR006,AM026
ACCT00000132,CUST000006,Current,2021-05-16,Dormant,28204.42,INR,BR003,AM029
ACCT00000133,CUST000371,Current,2020-03-27,Closed,57946.58,INR,BR007,AM024
ACCT00000134,CUST000387,Current,2020-04-13,Active,110110.97,INR,BR013,AM023
ACCT00000135,CUST000147,Current,2019-09-30,Active,83552.42,INR,BR019,AM011
ACCT00000136,CUST000212,Current,2018-03-15,Dormant,93468.82,INR,BR007,AM006
ACCT00000137,CUST000152,Loan,2022-06-24,Dormant,146990.1,INR,BR003,AM016
ACCT00000138,CUST000182,Fixed Deposit,2021-03-09,Dormant,245647.89,INR,BR017,AM015
ACCT00000139,CUST000425,Current,2015-08-17,Closed,11060.73,INR,BR013,AM005
ACCT00000140,CUST000276,Fixed Deposit,2018-08-02,Closed,55609.43,INR,BR014,AM012
ACCT00000141,CUST000331,Loan,2018-07-13,Dormant,69796.6,INR,BR017,AM018
ACCT00000142,CUST000425,Loan,2016-07-17,Closed,203846.8,INR,BR007,AM009
ACCT00000143,CUST000112,Credit Card,2019-06-09,Active,220777.8,INR,BR004,AM017
ACCT00000144,CUST000338,Current,2023-01-31,Active,22345.33,INR,BR015,AM019
ACCT00000145,CUST000166,Loan,2024-08-04,Dormant,251087.4,INR,BR019,AM029
ACCT00000146,CUST000018,Loan,2016-10-12,Closed,67078.4,INR,BR012,AM028
ACCT00000147,CUST000462,Savings,2017-09-13,Dormant,44713.62,INR,BR016,AM011
ACCT00000148,CUST000173,Savings,2018-03-08,Dormant,46881.3,INR,BR010,AM006
ACCT00000149,CUST000240,Fixed Deposit,2018-03-02,Active,147853.11,INR,BR015,AM026
ACCT00000150,CUST000316,Credit Card,2025-02-05,Closed,203791.89,INR,BR014,AM024
ACCT00000151,CUST000205,Credit Card,2019-02-22,Dormant,131166.93,INR,BR012,AM020
ACCT00000152,CUST000173,Credit Card,2021-10-28,Dormant,169235.56,INR,BR002,AM030
ACCT00000153,CUST000450,Current,2023-08-17,Active,130503.42,INR,BR014,AM014
ACCT00000154,CUST000397,Loan,2024-10-28,Dormant,153848.65,INR,BR019,AM001
ACCT00000155,CUST000084,Fixed Deposit,2017-10-30,Dormant,266855.37,INR,BR020,AM023
ACCT00000156,CUST000483,Fixed Deposit,2018-05-18,Closed,109623.45,INR,BR005,AM005
ACCT00000157,CUST000340,Loan,2015-12-01,Active,242384.33,INR,BR010,AM026
ACCT00000158,CUST000393,Current,2020-11-20,Dormant,165325.49,INR,BR013,AM006
ACCT00000159,CUST000236,Savings,2017-07-05,Active,147731.56,INR,BR006,AM010
ACCT00000160,CUST000158,Savings,2018-02-21,Active,13751.62,INR,BR007,AM014
ACCT00000161,CUST000047,Current,2017-08-15,Closed,96165.77,INR,BR018,AM028
ACCT00000162,CUST000398,Loan,2015-01-31,Dormant,183756.37,INR,BR006,AM012
ACCT00000163,CUST000052,Credit Card,2024-05-09,Closed,229691.67,INR,BR013,AM023
ACCT00000164,CUST000109,Credit Card,2021-05-27,Dormant,151681.19,INR,BR008,AM025
ACCT00000165,CUST000470,Savings,2021-08-05,Active,56927.18,INR,BR011,AM025
ACCT00000166,CUST000479,Current,2021-10-20,Dormant,37545.82,INR,BR010,AM027
ACCT00000167,CUST000346,Credit Card,2025-02-26,Dormant,293422.56,INR,BR018,AM003
ACCT00000168,CUST000178,Credit Card,2024-12-22,Active,220353.67,INR,BR008,AM029
ACCT00000169,CUST000312,Current,2019-01-01,Dormant,77008.21,INR,BR012,AM011
ACCT00000170,CUST000257,Savings,2025-05-21,Closed,17049.84,INR,BR013,AM030
ACCT00000171,CUST000040,Current,2017-05-07,Dormant,10991.5,INR,BR007,AM002
ACCT00000172,CUST000109,Loan,2022-05-29,Active,165395.34,INR,BR011,AM013
ACCT00000173,CUST000335,Current,2022-03-30,Active,81556.17,INR,BR010,AM010
ACCT00000174,CUST000199,Credit Card,2015-08-05,Dormant,166321.24,INR,BR014,AM006
ACCT00000175,CUST000084,Credit Card,2023-10-20,Active,223181.99,INR,BR015,AM026
ACCT00000176,CUST000043,Loan,2016-09-22,Closed,366032.06,INR,BR013,AM026
ACCT00000177,CUST000414,Savings,2017-09-26,Dormant,119689.98,INR,BR005,AM019
ACCT00000178,CUST000260,Credit Card,2022-09-26,Active,173918.12,INR,BR016,AM021
ACCT00000179,CUST000492,Credit Card,2022-03-10,Active,296097.11,INR,BR010,AM014
ACCT00000180,CUST000133,Savings,2025-04-08,Dormant,17353.97,INR,BR017,AM012
ACCT00000181,CUST000400,Credit Card,2020-09-13,Closed,36950.04,INR,BR012,AM004
ACCT00000182,CUST000403,Current,2022-03-20,Closed,30646.9,INR,BR013,AM028
ACCT00000183,CUST000346,Savings,2017-07-23,Active,99663.35,INR,BR011,AM030
ACCT00000184,CUST000363,Fixed Deposit,2019-05-22,Active,171878.92,INR,BR017,AM027
ACCT00000185,CUST000315,Credit Card,2022-05-26,Active,201473.47,INR,BR015,AM010
ACCT00000186,CUST000021,Savings,2023-05-01,Dormant,184114.98,INR,BR012,AM002
ACCT00000187,CUST000456,Fixed Deposit,2021-04-13,Dormant,226154.19,INR,BR014,AM011
ACCT00000188,CUST000346,Loan,2015-05-27,Closed,182471.96,INR,BR009,AM006
ACCT00000189,CUST000151,Loan,2022-02-04,Active,266352.45,INR,BR015,AM011
ACCT00000190,CUST000153,Savings,2025-02-19,Active,126890.82,INR,BR012,AM024
ACCT00000191,CUST000019,Fixed Deposit,2021-09-27,Active,218849.16,INR,BR006,AM003
ACCT00000192,CUST000274,Savings,2017-02-22,Closed,111669.22,INR,BR005,AM021
ACCT00000193,CUST000253,Credit Card,2019-09-03,Dormant,81713.1,INR,BR015,AM023
ACCT00000194,CUST000317,Current,2023-11-28,Closed,141500.32,INR,BR015,AM002
ACCT00000195,CUST000040,Loan,2021-05-05,Active,227079.71,INR,BR005,AM020
ACCT00000196,CUST000371,Savings,2021-07-01,Closed,16776.97,INR,BR003,AM011
ACCT00000197,CUST000475,Loan,2022-03-10,Dormant,250622.55,INR,BR001,AM006
ACCT00000198,CUST000487,Loan,2016-05-07,Dormant,381655.43,INR,BR004,AM026
ACCT00000199,CUST000099,Fixed Deposit,2019-06-10,Dormant,214549.3,INR,BR020,AM017
ACCT00000200,CUST000277,Current,2015-10-31,Dormant,69857.65,INR,BR019,AM016
ACCT00000201,CUST000111,Credit Card,2019-09-04,Closed,163251.13,INR,BR006,AM009
ACCT00000202,CUST000257,Savings,2025-04-14,Dormant,17987.55,INR,BR006,AM022
ACCT00000203,CUST000146,Loan,2015-02-01,Dormant,266426.87,INR,BR007,AM001
ACCT00000204,CUST000401,Credit Card,2017-03-17,Dormant,131513.29,INR,BR009,AM015
ACCT00000205,CUST000307,Loan,2016-08-26,Active,205725.3,INR,BR008,AM001
ACCT00000206,CUST000364,Loan,2018-10-05,Active,161787.4,INR,BR020,AM010
ACCT00000207,CUST000373,Fixed Deposit,2022-11-02,Closed,238318.39,INR,BR014,AM021
ACCT00000208,CUST000305,Loan,2024-03-18,Dormant,226692.97,INR,BR016,AM030
ACCT00000209,CUST000286,Savings,2020-11-01,Dormant,133003.2,INR,BR011,AM012
ACCT00000210,CUST000422,Credit Card,2017-08-01,Dormant,159198.69,INR,BR016,AM007
ACCT00000211,CUST000273,Current,2021-08-20,Dormant,28410.01,INR,BR013,AM002
ACCT00000212,CUST000339,Fixed Deposit,2016-05-03,Closed,121698.9,INR,BR016,AM018
ACCT00000213,CUST000177,Savings,2018-07-13,Closed,14456.54,INR,BR017,AM012
ACCT00000214,CUST000156,Loan,2020-05-13,Dormant,230184.04,INR,BR015,AM001
ACCT00000215,CUST000080,Fixed Deposit,2024-12-13,Active,260559.09,INR,BR020,AM012
ACCT00000216,CUST000290,Credit Card,2022-01-25,Active,126226.77,INR,BR010,AM018
ACCT00000217,CUST000381,Credit Card,2018-12-29,Dormant,269568.47,INR,BR018,AM005
ACCT00000218,CUST000194,Fixed Deposit,2017-02-06,Active,308451.03,INR,BR013,AM007
ACCT00000219,CUST000109,Savings,2024-09-16,Dormant,83074.79,INR,BR006,AM028
ACCT00000220,CUST000082,Credit Card,2024-05-11,Dormant,350143.67,INR,BR012,AM025
ACCT00000221,CUST000112,Credit Card,2025-03-12,Dormant,138096.86,INR,BR011,AM025
ACCT00000222,CUST000186,Savings,2025-10-09,Closed,49572.38,INR,BR011,AM017
ACCT00000223,CUST000275,Fixed Deposit,2021-09-02,Active,57702.38,INR,BR013,AM016
ACCT00000224,CUST000388,Credit Card,2019-11-14,Dormant,319683.54,INR,BR006,AM030
ACCT00000225,CUST000448,Current,2021-10-21,Dormant,102349.25,INR,BR001,AM018
ACCT00000226,CUST000425,Loan,2022-11-23,Closed,195553.23,INR,BR006,AM022
ACCT00000227,CUST000465,Savings,2021-07-10,Closed,72397.49,INR,BR014,AM014
ACCT00000228,CUST000211,Current,2025-10-29,Active,40039.12,INR,BR020,AM008
ACCT00000229,CUST000071,Fixed Deposit,2025-07-19,Closed,395660.16,INR,BR003,AM020
ACCT00000230,CUST000293,Credit Card,2015-05-22,Dormant,210337.69,INR,BR020,AM008
ACCT00000231,CUST000086,Fixed Deposit,2025-08-22,Dormant,208751.58,INR,BR003,AM012
ACCT00000232,CUST000012,Fixed Deposit,2021-08-16,Closed,258061.33,INR,BR017,AM028
ACCT00000233,CUST000099,Current,2022-10-15,Dormant,88480.74,INR,BR008,AM006
ACCT00000234,CUST000242,Current,2020-06-28,Active,67910.72,INR,BR010,AM003
ACCT00000235,CUST000458,Savings,2018-07-10,Closed,13237.96,INR,BR015,AM015
ACCT00000236,CUST000126,Fixed Deposit,2022-07-19,Active,237717.47,INR,BR006,AM015
ACCT00000237,CUST000257,Savings,2025-04-11,Dormant,200561.96,INR,BR006,AM008
ACCT00000238,CUST000237,Savings,2015-02-12,Closed,157633.6,INR,BR002,AM022
ACCT00000239,CUST000347,Credit Card,2023-11-04,Dormant,327454.93,INR,BR013,AM003
ACCT00000240,CUST000401,Credit Card,2019-06-04,Closed,159102.75,INR,BR018,AM004
ACCT00000241,CUST000367,Fixed Deposit,2024-02-02,Closed,120831.61,INR,BR001,AM015
ACCT00000242,CUST000247,Savings,2019-12-26,Dormant,39937.05,INR,BR002,AM012
ACCT00000243,CUST000205,Fixed Deposit,2025-09-15,Closed,204457.99,INR,BR015,AM014
ACCT00000244,CUST000404,Savings,2016-10-05,Active,137535.32,INR,BR009,AM025
ACCT00000245,CUST000423,Fixed Deposit,2016-11-25,Closed,64602.83,INR,BR006,AM012
ACCT00000246,CUST000212,Loan,2017-06-01,Active,322364.03,INR,BR016,AM007
ACCT00000247,CUST000136,Savings,2020-08-12,Closed,37359.37,INR,BR003,AM015
ACCT00000248,CUST000461,Credit Card,2019-03-01,Dormant,165849.51,INR,BR011,AM010
ACCT00000249,CUST000353,Credit Card,2020-08-16,Dormant,119031.65,INR,BR009,AM019
ACCT00000250,CUST000141,Fixed Deposit,2015-08-11,Active,67611.47,INR,BR005,AM017
ACCT00000251,CUST000148,Savings,2018-10-05,Dormant,115853.65,INR,BR019,AM012
ACCT00000252,CUST000366,Loan,2020-03-20,Closed,205865.44,INR,BR006,AM019
ACCT00000253,CUST000325,Loan,2023-02-01,Closed,96803.13,INR,BR015,AM022
ACCT00000254,CUST000151,Current,2017-03-09,Active,53606.3,INR,BR020,AM010
ACCT00000255,CUST000440,Credit Card,2019-05-18,Closed,173137.22,INR,BR008,AM001
ACCT00000256,CUST000436,Current,2024-12-03,Dormant,183521.72,INR,BR005,AM019
ACCT00000257,CUST000007,Loan,2021-03-12,Closed,179232.69,INR,BR017,AM024
ACCT00000258,CUST000446,Fixed Deposit,2021-11-26,Dormant,79748.56,INR,BR020,AM029
ACCT00000259,CUST000088,Loan,2017-08-26,Closed,180340.55,INR,BR017,AM011
ACCT00000260,CUST000268,Loan,2021-06-06,Dormant,178182.11,INR,BR006,AM028
ACCT00000261,CUST000269,Credit Card,2017-12-25,Dormant,15750.93,INR,BR013,AM001
ACCT00000262,CUST000343,Savings,2020-10-28,Active,45656.41,INR,BR010,AM007
ACCT00000263,CUST000115,Current,2019-09-26,Closed,31525.24,INR,BR004,AM021
ACCT00000264,CUST000101,Loan,2023-06-27,Dormant,255696.51,INR,BR019,AM030
ACCT00000265,CUST000327,Savings,2023-12-01,Active,197916.49,INR,BR007,AM012
ACCT00000266,CUST000341,Savings,2021-10-12,Closed,140125.2,INR,BR004,AM011
ACCT00000267,CUST000260,Savings,2019-08-14,Closed,28488.9,INR,BR018,AM028
ACCT00000268,CUST000380,Fixed Deposit,2016-05-08,Active,111477.93,INR,BR015,AM019
ACCT00000269,CUST000268,Current,2019-03-01,Dormant,255868.78,INR,BR006,AM023
ACCT00000270,CUST000480,Current,2018-11-19,Closed,54737.47,INR,BR015,AM006
ACCT00000271,CUST000021,Fixed Deposit,2019-07-10,Closed,201114.34,INR,BR009,AM003
ACCT00000272,CUST000381,Current,2016-01-31,Active,48069.99,INR,BR017,AM010
ACCT00000273,CUST000032,Current,2018-11-15,Active,65846.78,INR,BR019,AM025
ACCT00000274,CUST000298,Credit Card,2022-11-24,Active,188451.17,INR,BR018,AM029
ACCT00000275,CUST000401,Savings,2020-06-04,Closed,4107.04,INR,BR003,AM007
ACCT00000276,CUST000245,Savings,2022-07-08,Active,6251.28,INR,BR016,AM007
ACCT00000277,CUST000052,Fixed Deposit,2025-01-10,Active,197379.74,INR,BR020,AM016
ACCT00000278,CUST000154,Fixed Deposit,2015-03-01,Closed,156526.02,INR,BR014,AM028
ACCT00000279,CUST000464,Savings,2022-07-13,Closed,7027.66,INR,BR007,AM019
ACCT00000280,CUST000413,Fixed Deposit,2022-10-06,Active,208514.42,INR,BR009,AM025
ACCT00000281,CUST000209,Fixed Deposit,2019-08-10,Dormant,179601.82,INR,BR006,AM011
ACCT00000282,CUST000260,Credit Card,2023-10-01,Dormant,320319.44,INR,BR010,AM009
ACCT00000283,CUST000445,Fixed Deposit,2019-03-28,Dormant,12077.58,INR,BR009,AM022
ACCT00000284,CUST000288,Fixed Deposit,2020-04-02,Closed,287320.55,INR,BR015,AM004
ACCT00000285,CUST000388,Current,2023-04-18,Active,149686.82,INR,BR011,AM029
ACCT00000286,CUST000499,Fixed Deposit,2023-01-02,Dormant,34128.78,INR,BR006,AM006
ACCT00000287,CUST000034,Credit Card,2020-03-07,Active,172584.99,INR,BR015,AM011
ACCT00000288,CUST000327,Fixed Deposit,2018-02-08,Active,170284.73,INR,BR004,AM025
ACCT00000289,CUST000119,Current,2020-03-23,Closed,62600.94,INR,BR010,AM011
ACCT00000290,CUST000393,Fixed Deposit,2023-01-11,Active,137774.66,INR,BR010,AM030
ACCT00000291,CUST000313,Current,2024-09-18,Closed,38846.07,INR,BR005,AM011
ACCT00000292,CUST000081,Current,2021-09-28,Active,190181.64,INR,BR006,AM020
ACCT00000293,CUST000340,Current,2020-07-16,Closed,124854.27,INR,BR016,AM021
ACCT00000294,CUST000305,Credit Card,2019-08-01,Active,301724.41,INR,BR009,AM016
ACCT00000295,CUST000479,Loan,2021-04-23,Active,257733.77,INR,BR010,AM011
ACCT00000296,CUST000373,Loan,2020-05-13,Dormant,109675.86,INR,BR010,AM014
ACCT00000297,CUST000289,Credit Card,2022-02-04,Active,158038.38,INR,BR013,AM002
ACCT00000298,CUST000496,Credit Card,2021-01-06,Closed,239149.96,INR,BR005,AM015
ACCT00000299,CUST000393,Loan,2015-05-02,Closed,102229.78,INR,BR007,AM007
ACCT00000300,CUST000339,Loan,2020-01-06,Dormant,257039.87,INR,BR001,AM011
ACCT00000301,CUST000219,Credit Card,2020-07-16,Closed,180773.97,INR,BR018,AM024
ACCT00000302,CUST000103,Current,2025-07-04,Closed,20014.34,INR,BR015,AM028
ACCT00000303,CUST000141,Savings,2016-04-07,Active,106876.8,INR,BR006,AM011
ACCT00000304,CUST000371,Credit Card,2025-02-01,Dormant,235541.06,INR,BR002,AM025
ACCT00000305,CUST000338,Credit Card,2023-04-15,Active,171122.71,INR,BR009,AM020
ACCT00000306,CUST000301,Credit Card,2016-01-04,Active,292746.38,INR,BR002,AM021
ACCT00000307,CUST000176,Loan,2024-02-25,Dormant,113514.93,INR,BR015,AM030
ACCT00000308,CUST000146,Savings,2023-01-10,Active,99274.85,INR,BR003,AM011
ACCT00000309,CUST000397,Credit Card,2017-08-01,Active,247448.1,INR,BR019,AM010
ACCT00000310,CUST000294,Current,2024-07-23,Active,25236.28,INR,BR015,AM008
ACCT00000311,CUST000168,Fixed Deposit,2024-04-19,Closed,226090.64,INR,BR009,AM018
ACCT00000312,CUST000272,Loan,2015-05-16,Active,99910.91,INR,BR003,AM028
ACCT00000313,CUST000403,Loan,2021-02-22,Dormant,273922.16,INR,BR007,AM006
ACCT00000314,CUST000165,Credit Card,2018-11-15,Dormant,185207.83,INR,BR012,AM011
ACCT00000315,CUST000102,Loan,2019-05-06,Closed,158182.16,INR,BR001,AM005
ACCT00000316,CUST000062,Credit Card,2022-04-09,Dormant,283920.74,INR,BR016,AM026
ACCT00000317,CUST000025,Fixed Deposit,2016-01-10,Closed,143652.5,INR,BR012,AM001
ACCT00000318,CUST000290,Credit Card,2015-07-19,Closed,87323.1,INR,BR011,AM026
ACCT00000319,CUST000276,Credit Card,2019-10-23,Closed,75469.67,INR,BR011,AM021
ACCT00000320,CUST000035,Savings,2024-08-13,Active,98480.8,INR,BR018,AM025
ACCT00000321,CUST000058,Fixed Deposit,2017-09-10,Closed,97565.65,INR,BR003,AM019
ACCT00000322,CUST000473,Credit Card,2025-05-18,Closed,340383.53,INR,BR007,AM025
ACCT00000323,CUST000038,Credit Card,2019-09-17,Dormant,33445.65,INR,BR015,AM029
ACCT00000324,CUST000451,Current,2020-08-15,Active,185716.51,INR,BR006,AM021
ACCT00000325,CUST000295,Loan,2022-09-22,Closed,216881.4,INR,BR014,AM029
ACCT00000326,CUST000011,Credit Card,2024-10-11,Dormant,192262.95,INR,BR001,AM020
ACCT00000327,CUST000425,Credit Card,2015-04-28,Active,156406.47,INR,BR008,AM011
ACCT00000328,CUST000219,Current,2019-05-28,Active,81930.89,INR,BR019,AM022
ACCT00000329,CUST000394,Loan,2024-01-21,Dormant,196989.22,INR,BR007,AM025
ACCT00000330,CUST000421,Fixed Deposit,2021-01-12,Closed,288264.15,INR,BR019,AM005
ACCT00000331,CUST000097,Current,2018-07-04,Dormant,59138.21,INR,BR006,AM004
ACCT00000332,CUST000014,Fixed Deposit,2025-03-29,Active,212024.14,INR,BR005,AM018
ACCT00000333,CUST000179,Savings,2020-07-27,Dormant,20911.02,INR,BR008,AM022
ACCT00000334,CUST000107,Current,2020-02-26,Active,45444.35,INR,BR014,AM009
ACCT00000335,CUST000120,Current,2021-01-17,Active,74624.14,INR,BR005,AM029
ACCT00000336,CUST000461,Credit Card,2017-02-03,Dormant,63186.53,INR,BR001,AM015
ACCT00000337,CUST000445,Current,2021-06-21,Active,57854.83,INR,BR015,AM015
ACCT00000338,CUST000205,Current,2018-07-01,Dormant,109461.13,INR,BR019,AM027
ACCT00000339,CUST000064,Savings,2017-12-24,Closed,63669.24,INR,BR019,AM024
ACCT00000340,CUST000265,Savings,2017-10-09,Active,35281.33,INR,BR004,AM016
ACCT00000341,CUST000380,Fixed Deposit,2021-02-04,Closed,201474.71,INR,BR011,AM014
ACCT00000342,CUST000098,Current,2016-07-18,Closed,77806.54,INR,BR012,AM016
ACCT00000343,CUST000131,Fixed Deposit,2016-11-26,Dormant,156819.23,INR,BR001,AM001
ACCT00000344,CUST000195,Credit Card,2021-10-23,Active,137735.62,INR,BR012,AM012
ACCT00000345,CUST000485,Loan,2016-02-10,Dormant,215667.62,INR,BR010,AM008
ACCT00000346,CUST000360,Savings,2021-08-18,Dormant,28269.82,INR,BR001,AM009
ACCT00000347,CUST000374,Loan,2015-10-09,Active,232660.22,INR,BR008,AM006
ACCT00000348,CUST000290,Savings,2017-03-06,Closed,86206.69,INR,BR005,AM005
ACCT00000349,CUST000356,Credit Card,2015-08-31,Active,282332.45,INR,BR020,AM026
ACCT00000350,CUST000108,Loan,2021-04-28,Closed,237807.8,INR,BR014,AM027
ACCT00000351,CUST000081,Credit Card,2017-12-07,Active,220482.38,INR,BR017,AM005
ACCT00000352,CUST000380,Current,2021-03-18,Active,128615.28,INR,BR006,AM001
ACCT00000353,CUST000255,Current,2020-03-16,Dormant,183237.96,INR,BR012,AM030
ACCT00000354,CUST000431,Loan,2025-07-31,Dormant,281149.61,INR,BR001,AM026
ACCT00000355,CUST000014,Loan,2015-06-27,Dormant,52730.06,INR,BR002,AM024
ACCT00000356,CUST000447,Current,2021-12-08,Active,52366.16,INR,BR018,AM013
ACCT00000357,CUST000391,Fixed Deposit,2023-12-08,Active,150014.51,INR,BR006,AM004
ACCT00000358,CUST000008,Loan,2018-10-15,Active,202087.28,INR,BR014,AM003
ACCT00000359,CUST000058,Credit Card,2022-11-25,Dormant,241412.72,INR,BR018,AM015
ACCT00000360,CUST000069,Fixed Deposit,2015-01-05,Dormant,141940.49,INR,BR016,AM016
ACCT00000361,CUST000461,Loan,2017-03-07,Dormant,214941.34,INR,BR018,AM012
ACCT00000362,CUST000490,Fixed Deposit,2016-08-21,Dormant,139569.37,INR,BR016,AM024
ACCT00000363,CUST000426,Fixed Deposit,2018-05-04,Active,151078.58,INR,BR008,AM017
ACCT00000364,CUST000067,Current,2018-11-02,Closed,62532.89,INR,BR003,AM024
ACCT00000365,CUST000049,Credit Card,2019-10-21,Closed,126141.34,INR,BR004,AM008
ACCT00000366,CUST000116,Loan,2018-02-21,Closed,91865.23,INR,BR010,AM011
ACCT00000367,CUST000364,Credit Card,2025-01-19,Closed,121930.14,INR,BR017,AM019
ACCT00000368,CUST000453,Loan,2017-03-29,Dormant,284291.34,INR,BR014,AM012
ACCT00000369,CUST000339,Current,2024-11-09,Closed,25951.91,INR,BR002,AM024
ACCT00000370,CUST000464,Credit Card,2025-10-01,Active,410590.57,INR,BR007,AM006
ACCT00000371,CUST000008,Current,2025-10-18,Active,89465.43,INR,BR008,AM006
ACCT00000372,CUST000204,Loan,2015-03-14,Closed,214786.89,INR,BR016,AM016
ACCT00000373,CUST000440,Loan,2018-03-12,Closed,131331.38,INR,BR019,AM013
ACCT00000374,CUST000232,Current,2022-09-17,Closed,106024.79,INR,BR009,AM018
ACCT00000375,CUST000226,Savings,2019-10-02,Closed,3948.97,INR,BR017,AM030
ACCT00000376,CUST000173,Loan,2018-03-03,Dormant,209760.79,INR,BR011,AM026
ACCT00000377,CUST000447,Credit Card,2024-05-03,Dormant,404806.76,INR,BR004,AM022
ACCT00000378,CUST000439,Loan,2023-10-31,Dormant,192315.21,INR,BR003,AM026
ACCT00000379,CUST000188,Credit Card,2015-06-07,Closed,291941.87,INR,BR005,AM004
ACCT00000380,CUST000117,Credit Card,2016-11-21,Active,143745.89,INR,BR018,AM023
ACCT00000381,CUST000152,Current,2020-11-30,Dormant,47200.92,INR,BR015,AM014
ACCT00000382,CUST000284,Savings,2023-08-03,Active,191664.05,INR,BR013,AM027
ACCT00000383,CUST000482,Fixed Deposit,2018-04-25,Active,149842.64,INR,BR008,AM025
ACCT00000384,CUST000009,Current,2021-01-08,Closed,194995.88,INR,BR020,AM025
ACCT00000385,CUST000078,Fixed Deposit,2024-01-10,Closed,256620.15,INR,BR002,AM026
ACCT00000386,CUST000273,Loan,2024-03-06,Active,155002.66,INR,BR017,AM006
ACCT00000387,CUST000192,Current,2016-09-14,Closed,100592.62,INR,BR006,AM021
ACCT00000388,CUST000325,Fixed Deposit,2018-11-06,Closed,277804.36,INR,BR005,AM018
ACCT00000389,CUST000483,Fixed Deposit,2022-03-19,Active,249744.8,INR,BR009,AM002
ACCT00000390,CUST000492,Credit Card,2020-01-17,Dormant,74382.02,INR,BR017,AM014
ACCT00000391,CUST000458,Credit Card,2022-12-18,Dormant,141829.03,INR,BR005,AM024
ACCT00000392,CUST000481,Loan,2015-01-03,Active,180198.51,INR,BR009,AM023
ACCT00000393,CUST000285,Loan,2018-07-21,Closed,194045.33,INR,BR020,AM020
ACCT00000394,CUST000492,Savings,2016-01-03,Dormant,99653.77,INR,BR005,AM005
ACCT00000395,CUST000247,Current,2019-02-15,Dormant,64216.08,INR,BR006,AM021
ACCT00000396,CUST000215,Credit Card,2025-01-22,Active,93172.45,INR,BR008,AM027
ACCT00000397,CUST000180,Savings,2018-11-07,Dormant,80415.83,INR,BR005,AM029
ACCT00000398,CUST000206,Savings,2024-12-19,Closed,98846.86,INR,BR005,AM007
ACCT00000399,CUST000228,Current,2019-09-08,Dormant,94783.24,INR,BR001,AM021
ACCT00000400,CUST000061,Fixed Deposit,2020-04-17,Closed,286462.46,INR,BR004,AM025
ACCT00000401,CUST000322,Fixed Deposit,2023-01-06,Active,266713.77,INR,BR015,AM010
ACCT00000402,CUST000421,Savings,2024-03-17,Closed,86734.41,INR,BR020,AM015
ACCT00000403,CUST000079,Savings,2020-10-22,Dormant,44386.74,INR,BR002,AM013
ACCT00000404,CUST000430,Loan,2016-12-02,Closed,67123.13,INR,BR015,AM014
ACCT00000405,CUST000300,Current,2023-04-17,Dormant,84369.46,INR,BR008,AM017
ACCT00000406,CUST000053,Savings,2025-04-06,Closed,66615.01,INR,BR012,AM008
ACCT00000407,CUST000446,Credit Card,2022-05-11,Dormant,221726.31,INR,BR002,AM021
ACCT00000408,CUST000054,Loan,2019-09-11,Dormant,97860.11,INR,BR017,AM011
ACCT00000409,CUST000215,Loan,2021-01-25,Active,113515.48,INR,BR001,AM004
ACCT00000410,CUST000366,Credit Card,2019-02-17,Closed,284252.23,INR,BR016,AM008
ACCT00000411,CUST000303,Credit Card,2019-07-10,Active,196835.59,INR,BR016,AM018
ACCT00000412,CUST000311,Fixed Deposit,2021-05-24,Closed,254520.06,INR,BR017,AM028
ACCT00000413,CUST000474,Credit Card,2015-09-19,Closed,202265.47,INR,BR004,AM019
ACCT00000414,CUST000430,Savings,2024-10-16,Active,52380.49,INR,BR004,AM025
ACCT00000415,CUST000123,Loan,2024-11-13,Closed,275062.7,INR,BR020,AM014
ACCT00000416,CUST000418,Credit Card,2015-09-05,Dormant,158716.42,INR,BR015,AM028
ACCT00000417,CUST000236,Fixed Deposit,2023-11-23,Active,207689.66,INR,BR013,AM027
ACCT00000418,CUST000413,Credit Card,2015-06-09,Active,163017.98,INR,BR019,AM006
ACCT00000419,CUST000013,Loan,2016-09-05,Dormant,165240.3,INR,BR014,AM026
ACCT00000420,CUST000015,Credit Card,2019-04-25,Dormant,175266.23,INR,BR012,AM012
ACCT00000421,CUST000499,Current,2019-09-15,Dormant,67770.7,INR,BR002,AM011
ACCT00000422,CUST000235,Loan,2017-09-24,Active,161700.11,INR,BR018,AM025
ACCT00000423,CUST000443,Fixed Deposit,2020-06-23,Closed,300460.49,INR,BR013,AM025
ACCT00000424,CUST000179,Current,2023-07-03,Active,21568.58,INR,BR011,AM012
ACCT00000425,CUST000316,Fixed Deposit,2018-11-15,Dormant,185050.27,INR,BR010,AM004
ACCT00000426,CUST000469,Savings,2021-11-28,Dormant,14821.52,INR,BR020,AM016
ACCT00000427,CUST000328,Current,2021-07-05,Active,165758.23,INR,BR009,AM028
ACCT00000428,CUST000363,Credit Card,2020-12-18,Dormant,215724.38,INR,BR015,AM029
ACCT00000429,CUST000186,Current,2017-11-13,Dormant,132547.56,INR,BR001,AM004
ACCT00000430,CUST000098,Fixed Deposit,2020-04-13,Closed,81155.17,INR,BR018,AM010
ACCT00000431,CUST000388,Fixed Deposit,2024-02-27,Active,221364.02,INR,BR013,AM020
ACCT00000432,CUST000357,Savings,2018-05-19,Active,121170.46,INR,BR003,AM023
ACCT00000433,CUST000307,Credit Card,2019-06-25,Active,206582.72,INR,BR011,AM018
ACCT00000434,CUST000182,Credit Card,2017-04-06,Dormant,285238.43,INR,BR004,AM028
ACCT00000435,CUST000490,Loan,2025-06-08,Closed,158616.92,INR,BR003,AM011
ACCT00000436,CUST000116,Credit Card,2015-09-11,Active,312747.8,INR,BR018,AM005
ACCT00000437,CUST000342,Loan,2015-06-13,Dormant,383911.85,INR,BR008,AM027
ACCT00000438,CUST000356,Current,2019-03-05,Active,20972.92,INR,BR015,AM021
ACCT00000439,CUST000416,Current,2017-06-22,Active,14359.8,INR,BR010,AM008
ACCT00000440,CUST000494,Savings,2025-06-01,Dormant,166270.76,INR,BR015,AM014
ACCT00000441,CUST000285,Fixed Deposit,2024-08-30,Active,326365.77,INR,BR014,AM006
ACCT00000442,CUST000435,Fixed Deposit,2024-11-18,Dormant,158171.2,INR,BR019,AM029
ACCT00000443,CUST000462,Credit Card,2019-06-13,Closed,166385.05,INR,BR012,AM026
ACCT00000444,CUST000411,Loan,2022-05-04,Dormant,177457.23,INR,BR012,AM029
ACCT00000445,CUST000474,Current,2020-06-12,Closed,57556.04,INR,BR012,AM003
ACCT00000446,CUST000491,Current,2020-06-21,Closed,23492.16,INR,BR008,AM026
ACCT00000447,CUST000276,Fixed Deposit,2017-03-11,Active,119668.74,INR,BR017,AM023
ACCT00000448,CUST000244,Fixed Deposit,2020-05-01,Active,138576.19,INR,BR020,AM008
ACCT00000449,CUST000369,Loan,2024-06-04,Active,197225.21,INR,BR015,AM009
ACCT00000450,CUST000295,Savings,2022-10-30,Closed,68737.18,INR,BR015,AM016
ACCT00000451,CUST000303,Credit Card,2016-02-06,Active,324040.04,INR,BR001,AM018
ACCT00000452,CUST000230,Fixed Deposit,2015-12-24,Dormant,120131.68,INR,BR016,AM028
ACCT00000453,CUST000362,Current,2016-02-01,Closed,128745.79,INR,BR012,AM003
ACCT00000454,CUST000489,Loan,2024-09-10,Dormant,182880.89,INR,BR001,AM023
ACCT00000455,CUST000307,Credit Card,2022-05-01,Closed,196042.9,INR,BR005,AM013
ACCT00000456,CUST000111,Credit Card,2020-04-09,Closed,253985.56,INR,BR010,AM011
ACCT00000457,CUST000120,Fixed Deposit,2023-08-23,Dormant,110182.24,INR,BR005,AM025
ACCT00000458,CUST000277,Fixed Deposit,2020-05-07,Active,230592.78,INR,BR020,AM002
ACCT00000459,CUST000365,Loan,2024-12-29,Active,213316.18,INR,BR003,AM020
ACCT00000460,CUST000033,Fixed Deposit,2022-01-14,Closed,239396.1,INR,BR006,AM024
ACCT00000461,CUST000100,Current,2025-03-26,Active,73133.49,INR,BR006,AM001
ACCT00000462,CUST000333,Credit Card,2017-01-12,Dormant,396424.01,INR,BR003,AM004
ACCT00000463,CUST000485,Credit Card,2024-10-06,Closed,148980.8,INR,BR013,AM026
ACCT00000464,CUST000209,Credit Card,2023-01-26,Active,157520.24,INR,BR011,AM006
ACCT00000465,CUST000050,Loan,2021-01-15,Active,150148.76,INR,BR014,AM029
ACCT00000466,CUST000130,Credit Card,2016-07-17,Active,155561.83,INR,BR009,AM013
ACCT00000467,CUST000103,Current,2020-12-22,Closed,990.97,INR,BR003,AM011
ACCT00000468,CUST000232,Savings,2023-11-30,Dormant,145121.32,INR,BR001,AM029
ACCT00000469,CUST000311,Savings,2024-06-23,Active,163640.34,INR,BR012,AM004
ACCT00000470,CUST000087,Savings,2024-01-01,Active,4340.3,INR,BR001,AM011
ACCT00000471,CUST000197,Loan,2015-06-21,Closed,133411.55,INR,BR019,AM012
ACCT00000472,CUST000440,Savings,2017-12-07,Active,87713.24,INR,BR020,AM016
ACCT00000473,CUST000094,Fixed Deposit,2018-09-18,Dormant,155822.16,INR,BR004,AM028
ACCT00000474,CUST000350,Current,2025-03-15,Dormant,100634.55,INR,BR019,AM006
ACCT00000475,CUST000457,Credit Card,2018-01-07,Closed,216233.84,INR,BR005,AM027
ACCT00000476,CUST000420,Credit Card,2015-07-08,Closed,78740.47,INR,BR002,AM030
ACCT00000477,CUST000276,Savings,2020-04-20,Dormant,173800.42,INR,BR004,AM012
ACCT00000478,CUST000350,Current,2025-01-14,Closed,193670.21,INR,BR006,AM029
ACCT00000479,CUST000052,Credit Card,2018-04-15,Closed,150976.9,INR,BR005,AM020
ACCT00000480,CUST000472,Loan,2022-09-26,Closed,168983.88,INR,BR018,AM027
ACCT00000481,CUST000200,Credit Card,2016-12-24,Closed,222869.23,INR,BR018,AM003
ACCT00000482,CUST000174,Current,2021-03-22,Active,76756.54,INR,BR008,AM027
ACCT00000483,CUST000252,Current,2021-11-17,Active,102683.54,INR,BR012,AM002
ACCT00000484,CUST000470,Credit Card,2025-01-21,Active,360816.36,INR,BR017,AM003
ACCT00000485,CUST000340,Loan,2023-12-21,Closed,185844.22,INR,BR019,AM023
ACCT00000486,CUST000273,Fixed Deposit,2021-09-15,Closed,136136.22,INR,BR007,AM010
ACCT00000487,CUST000165,Current,2022-08-15,Active,60345.54,INR,BR010,AM021
ACCT00000488,CUST000219,Credit Card,2022-05-27,Dormant,141525.6,INR,BR003,AM016
ACCT00000489,CUST000013,Credit Card,2016-10-10,Dormant,197349.84,INR,BR018,AM016
ACCT00000490,CUST000313,Credit Card,2020-03-15,Dormant,343564.63,INR,BR010,AM025
ACCT00000491,CUST000351,Savings,2023-12-23,Active,8591.1,INR,BR007,AM003
ACCT00000492,CUST000158,Fixed Deposit,2024-09-19,Closed,217903.04,INR,BR006,AM021
ACCT00000493,CUST000161,Savings,2024-02-02,Active,48686.17,INR,BR002,AM010
ACCT00000494,CUST000198,Current,2020-12-25,Closed,145071.46,INR,BR002,AM027
ACCT00000495,CUST000423,Credit Card,2023-08-25,Closed,402154.59,INR,BR006,AM017
ACCT00000496,CUST000190,Savings,2018-08-25,Active,7530.5,INR,BR015,AM006
ACCT00000497,CUST000457,Current,2020-06-13,Active,10844.84,INR,BR007,AM016
ACCT00000498,CUST000106,Fixed Deposit,2025-06-06,Active,283532.87,INR,BR002,AM030
ACCT00000499,CUST000196,Current,2016-12-23,Dormant,104551.32,INR,BR001,AM029
ACCT00000500,CUST000124,Loan,2018-01-05,Dormant,347736.59,INR,BR008,AM012
ACCT00000501,CUST000470,Credit Card,2015-10-06,Active,246714.25,INR,BR005,AM020
ACCT00000502,CUST000127,Fixed Deposit,2019-05-24,Dormant,171256.63,INR,BR019,AM023
ACCT00000503,CUST000443,Loan,2018-06-27,Closed,247252.39,INR,BR009,AM014
ACCT00000504,CUST000354,Savings,2022-01-28,Dormant,138696.29,INR,BR013,AM009
ACCT00000505,CUST000432,Current,2023-04-22,Dormant,115638.57,INR,BR020,AM001
ACCT00000506,CUST000321,Credit Card,2015-09-17,Closed,240581.92,INR,BR015,AM005
ACCT00000507,CUST000340,Current,2016-03-14,Closed,135333.98,INR,BR004,AM004
ACCT00000508,CUST000082,Credit Card,2016-02-18,Active,293543.65,INR,BR018,AM011
ACCT00000509,CUST000086,Loan,2021-10-10,Dormant,310572.72,INR,BR018,AM010
ACCT00000510,CUST000146,Fixed Deposit,2019-06-13,Active,251896.79,INR,BR004,AM013
ACCT00000511,CUST000422,Current,2016-06-21,Closed,36630.55,INR,BR016,AM007
ACCT00000512,CUST000066,Fixed Deposit,2015-08-10,Dormant,211737.09,INR,BR016,AM004
ACCT00000513,CUST000058,Current,2015-08-25,Dormant,146520.72,INR,BR006,AM003
ACCT00000514,CUST000391,Savings,2019-02-11,Dormant,15354.85,INR,BR020,AM012
ACCT00000515,CUST000225,Current,2022-07-09,Closed,79493.86,INR,BR002,AM022
ACCT00000516,CUST000479,Fixed Deposit,2018-03-20,Active,168532.9,INR,BR011,AM002
ACCT00000517,CUST000292,Savings,2017-08-06,Dormant,52299.59,INR,BR009,AM030
ACCT00000518,CUST000090,Loan,2022-11-10,Active,302276.15,INR,BR002,AM013
ACCT00000519,CUST000195,Current,2019-12-19,Closed,65287.93,INR,BR003,AM008
ACCT00000520,CUST000095,Current,2020-09-18,Closed,53714.92,INR,BR015,AM001
ACCT00000521,CUST000447,Credit Card,2016-03-07,Active,91211.51,INR,BR020,AM017
ACCT00000522,CUST000148,Fixed Deposit,2017-09-28,Active,259700.29,INR,BR018,AM011
ACCT00000523,CUST000030,Savings,2016-02-09,Dormant,101638.73,INR,BR017,AM018
ACCT00000524,CUST000009,Fixed Deposit,2017-11-21,Closed,373060.38,INR,BR011,AM012
ACCT00000525,CUST000020,Current,2016-10-06,Closed,25377.74,INR,BR008,AM001
ACCT00000526,CUST000196,Savings,2024-07-28,Active,67532.03,INR,BR013,AM025
ACCT00000527,CUST000291,Savings,2018-10-27,Closed,69950.69,INR,BR002,AM019
ACCT00000528,CUST000280,Savings,2015-05-03,Closed,176196.26,INR,BR016,AM030
ACCT00000529,CUST000293,Credit Card,2019-10-22,Closed,192376.36,INR,BR020,AM013
ACCT00000530,CUST000231,Current,2023-05-07,Closed,72321.72,INR,BR009,AM012
ACCT00000531,CUST000326,Credit Card,2023-02-25,Active,248631.72,INR,BR015,AM018
ACCT00000532,CUST000451,Loan,2018-10-22,Active,214928.73,INR,BR010,AM021
ACCT00000533,CUST000375,Current,2021-08-10,Dormant,14285.31,INR,BR006,AM012
ACCT00000534,CUST000379,Savings,2022-05-06,Dormant,65527.2,INR,BR005,AM002
ACCT00000535,CUST000236,Credit Card,2024-03-18,Active,285890.54,INR,BR013,AM005
ACCT00000536,CUST000431,Loan,2018-07-17,Dormant,117878.78,INR,BR014,AM029
ACCT00000537,CUST000214,Credit Card,2022-09-11,Dormant,210637.57,INR,BR013,AM015
ACCT00000538,CUST000187,Loan,2020-07-18,Closed,143990.33,INR,BR013,AM005
ACCT00000539,CUST000371,Fixed Deposit,2018-07-03,Active,295603.73,INR,BR007,AM023
ACCT00000540,CUST000098,Fixed Deposit,2018-04-24,Closed,78145.05,INR,BR020,AM012
ACCT00000541,CUST000461,Credit Card,2024-04-29,Dormant,155286.25,INR,BR012,AM021
ACCT00000542,CUST000158,Current,2021-09-06,Active,80176.95,INR,BR016,AM004
ACCT00000543,CUST000278,Credit Card,2020-02-10,Closed,325241.92,INR,BR014,AM002
ACCT00000544,CUST000103,Current,2020-09-29,Closed,44739.98,INR,BR006,AM022
ACCT00000545,CUST000197,Fixed Deposit,2022-05-07,Active,155584.04,INR,BR015,AM001
ACCT00000546,CUST000356,Current,2021-07-26,Closed,200492.57,INR,BR006,AM009
ACCT00000547,CUST000382,Fixed Deposit,2017-08-26,Closed,84158.89,INR,BR013,AM019
ACCT00000548,CUST000401,Current,2017-07-25,Dormant,125904.48,INR,BR011,AM015
ACCT00000549,CUST000126,Current,2023-04-13,Dormant,85201.16,INR,BR020,AM030
ACCT00000550,CUST000391,Fixed Deposit,2024-01-10,Closed,159835.66,INR,BR002,AM022
ACCT00000551,CUST000050,Savings,2016-06-16,Active,31698.63,INR,BR001,AM030
ACCT00000552,CUST000442,Savings,2020-08-21,Active,106668.52,INR,BR011,AM030
ACCT00000553,CUST000462,Loan,2018-06-15,Closed,219504.06,INR,BR005,AM007
ACCT00000554,CUST000158,Savings,2021-03-05,Closed,4873.71,INR,BR011,AM019
ACCT00000555,CUST000464,Credit Card,2023-01-31,Dormant,97575.65,INR,BR006,AM010
ACCT00000556,CUST000156,Savings,2024-07-23,Active,119796.59,INR,BR005,AM006
ACCT00000557,CUST000213,Savings,2024-01-21,Closed,102016.09,INR,BR014,AM006
ACCT00000558,CUST000288,Fixed Deposit,2025-09-11,Dormant,192065.93,INR,BR009,AM023
ACCT00000559,CUST000435,Current,2016-12-05,Closed,197730.96,INR,BR005,AM030
ACCT00000560,CUST000228,Savings,2015-09-02,Active,35606.78,INR,BR013,AM016
ACCT00000561,CUST000195,Credit Card,2017-11-25,Active,77957.99,INR,BR019,AM023
ACCT00000562,CUST000419,Loan,2022-07-02,Closed,144647.35,INR,BR019,AM006
ACCT00000563,CUST000230,Savings,2023-05-14,Closed,46353.12,INR,BR019,AM012
ACCT00000564,CUST000454,Loan,2016-06-12,Dormant,219467.16,INR,BR003,AM006
ACCT00000565,CUST000070,Fixed Deposit,2020-02-08,Closed,180701.12,INR,BR013,AM030
ACCT00000566,CUST000077,Savings,2018-05-09,Closed,78164.43,INR,BR011,AM010
ACCT00000567,CUST000365,Savings,2021-01-13,Closed,50123.15,INR,BR016,AM001
ACCT00000568,CUST000319,Fixed Deposit,2022-02-08,Active,315501.17,INR,BR012,AM028
ACCT00000569,CUST000130,Current,2023-09-26,Dormant,43427.91,INR,BR017,AM029
ACCT00000570,CUST000469,Savings,2023-05-01,Dormant,139383.67,INR,BR006,AM002
ACCT00000571,CUST000333,Current,2020-03-20,Dormant,77418.03,INR,BR015,AM014
ACCT00000572,CUST000173,Savings,2019-08-23,Closed,86540.26,INR,BR015,AM022
ACCT00000573,CUST000042,Loan,2024-05-18,Active,245581.38,INR,BR005,AM028
ACCT00000574,CUST000475,Fixed Deposit,2015-03-08,Closed,235816.68,INR,BR019,AM001
ACCT00000575,CUST000155,Credit Card,2018-05-25,Dormant,251417.82,INR,BR013,AM013
ACCT00000576,CUST000019,Loan,2021-05-20,Dormant,306332.2,INR,BR012,AM026
ACCT00000577,CUST000263,Credit Card,2021-12-05,Closed,215721.69,INR,BR011,AM005
ACCT00000578,CUST000483,Loan,2019-06-14,Closed,256720.3,INR,BR007,AM016
ACCT00000579,CUST000145,Loan,2016-06-01,Dormant,192821.14,INR,BR003,AM026
ACCT00000580,CUST000342,Loan,2023-08-28,Active,315209.38,INR,BR001,AM026
ACCT00000581,CUST000066,Savings,2019-02-18,Active,4111.38,INR,BR006,AM012
ACCT00000582,CUST000034,Current,2024-09-23,Active,194075.23,INR,BR003,AM028
ACCT00000583,CUST000039,Savings,2015-03-25,Closed,46787.36,INR,BR011,AM028
ACCT00000584,CUST000466,Fixed Deposit,2016-03-13,Active,85537.99,INR,BR019,AM021
ACCT00000585,CUST000495,Credit Card,2025-09-25,Dormant,210248.35,INR,BR004,AM020
ACCT00000586,CUST000063,Savings,2017-05-11,Active,4484.13,INR,BR003,AM006
ACCT00000587,CUST000047,Savings,2015-01-24,Dormant,117251.48,INR,BR008,AM007
ACCT00000588,CUST000026,Savings,2021-08-01,Dormant,2209.92,INR,BR017,AM007
ACCT00000589,CUST000244,Current,2023-06-05,Closed,14305.33,INR,BR006,AM016
ACCT00000590,CUST000148,Fixed Deposit,2016-01-16,Dormant,48836.74,INR,BR006,AM017
ACCT00000591,CUST000004,Savings,2017-12-28,Active,13815.49,INR,BR009,AM005
ACCT00000592,CUST000450,Fixed Deposit,2024-10-15,Active,6089.65,INR,BR004,AM023
ACCT00000593,CUST000390,Savings,2018-03-15,Active,76712.23,INR,BR011,AM025
ACCT00000594,CUST000117,Current,2021-09-18,Closed,110833.17,INR,BR019,AM010
ACCT00000595,CUST000308,Credit Card,2023-08-15,Closed,262864.01,INR,BR010,AM007
ACCT00000596,CUST000219,Loan,2020-11-12,Closed,234036.6,INR,BR008,AM017
ACCT00000597,CUST000004,Loan,2019-10-15,Active,122641.91,INR,BR003,AM002
ACCT00000598,CUST000033,Credit Card,2020-11-08,Closed,196183.09,INR,BR002,AM020
ACCT00000599,CUST000387,Credit Card,2016-05-11,Closed,199711.8,INR,BR015,AM001
ACCT00000600,CUST000382,Savings,2020-06-01,Closed,42669.18,INR,BR012,AM023
ACCT00000601,CUST000349,Fixed Deposit,2016-02-14,Closed,320271.86,INR,BR009,AM024
ACCT00000602,CUST000430,Loan,2022-09-02,Dormant,270188.98,INR,BR016,AM012
ACCT00000603,CUST000256,Loan,2023-04-28,Dormant,182322.87,INR,BR018,AM024
ACCT00000604,CUST000098,Current,2024-12-27,Active,52150.87,INR,BR002,AM023
ACCT00000605,CUST000181,Credit Card,2022-11-29,Dormant,216670.62,INR,BR011,AM030
ACCT00000606,CUST000408,Credit Card,2022-11-20,Dormant,36661.21,INR,BR015,AM005
ACCT00000607,CUST000073,Credit Card,2022-02-20,Active,180225.81,INR,BR005,AM026
ACCT00000608,CUST000163,Credit Card,2025-10-03,Active,145441.26,INR,BR013,AM012
ACCT00000609,CUST000008,Credit Card,2017-12-09,Active,119870.4,INR,BR019,AM006
ACCT00000610,CUST000112,Savings,2015-04-12,Dormant,27511.98,INR,BR016,AM005
ACCT00000611,CUST000139,Loan,2018-05-13,Active,343814.92,INR,BR016,AM013
ACCT00000612,CUST000082,Loan,2024-05-06,Dormant,251267.43,INR,BR008,AM007
ACCT00000613,CUST000250,Fixed Deposit,2023-06-29,Dormant,154305.68,INR,BR014,AM028
ACCT00000614,CUST000082,Credit Card,2016-01-07,Dormant,245806.62,INR,BR004,AM003
ACCT00000615,CUST000488,Loan,2023-02-10,Closed,311948.43,INR,BR010,AM005
ACCT00000616,CUST000121,Fixed Deposit,2023-05-30,Active,273970.69,INR,BR014,AM016
ACCT00000617,CUST000007,Loan,2025-09-29,Active,204770.43,INR,BR011,AM021
ACCT00000618,CUST000160,Fixed Deposit,2022-04-19,Closed,148245.06,INR,BR004,AM020
ACCT00000619,CUST000067,Fixed Deposit,2019-10-18,Dormant,255857.87,INR,BR012,AM026
ACCT00000620,CUST000353,Current,2021-04-15,Closed,81478.83,INR,BR016,AM003
ACCT00000621,CUST000010,Credit Card,2021-04-18,Dormant,271615.46,INR,BR008,AM007
ACCT00000622,CUST000484,Loan,2018-12-21,Dormant,250813.74,INR,BR016,AM026
ACCT00000623,CUST000144,Fixed Deposit,2020-10-18,Closed,283964.22,INR,BR011,AM023
ACCT00000624,CUST000100,Current,2020-06-22,Closed,7181.18,INR,BR019,AM030
ACCT00000625,CUST000118,Fixed Deposit,2025-05-14,Active,305391.53,INR,BR008,AM016
ACCT00000626,CUST000289,Credit Card,2015-05-01,Dormant,215807.97,INR,BR017,AM029
ACCT00000627,CUST000049,Credit Card,2017-07-10,Closed,366020.87,INR,BR011,AM003
ACCT00000628,CUST000271,Credit Card,2022-11-15,Closed,144864.97,INR,BR009,AM003
ACCT00000629,CUST000231,Credit Card,2018-04-15,Dormant,338877.1,INR,BR005,AM012
ACCT00000630,CUST000435,Savings,2023-01-22,Active,65832.86,INR,BR008,AM021
ACCT00000631,CUST000002,Loan,2021-01-22,Closed,147886.56,INR,BR016,AM018
ACCT00000632,CUST000075,Loan,2020-06-11,Dormant,161289.13,INR,BR011,AM020
ACCT00000633,CUST000453,Fixed Deposit,2018-05-28,Closed,174372.22,INR,BR007,AM030
ACCT00000634,CUST000306,Fixed Deposit,2017-01-17,Dormant,233933.28,INR,BR002,AM024
ACCT00000635,CUST000454,Current,2023-11-27,Closed,91826.84,INR,BR010,AM008
ACCT00000636,CUST000405,Credit Card,2022-03-13,Closed,154104.0,INR,BR001,AM010
ACCT00000637,CUST000134,Current,2017-06-14,Dormant,48051.63,INR,BR001,AM001
ACCT00000638,CUST000334,Credit Card,2016-05-04,Dormant,371381.63,INR,BR015,AM025
ACCT00000639,CUST000466,Current,2022-08-07,Closed,188203.45,INR,BR013,AM018
ACCT00000640,CUST000081,Fixed Deposit,2022-07-22,Dormant,234905.89,INR,BR004,AM030
ACCT00000641,CUST000141,Credit Card,2019-09-11,Active,203040.28,INR,BR020,AM015
ACCT00000642,CUST000146,Current,2024-12-23,Active,59602.51,INR,BR011,AM001
ACCT00000643,CUST000064,Savings,2020-07-22,Closed,99081.44,INR,BR016,AM012
ACCT00000644,CUST000073,Loan,2021-05-19,Closed,118176.59,INR,BR001,AM021
ACCT00000645,CUST000223,Loan,2021-09-23,Active,179409.88,INR,BR011,AM020
ACCT00000646,CUST000429,Savings,2019-10-24,Dormant,83486.73,INR,BR019,AM025
ACCT00000647,CUST000292,Savings,2023-09-15,Active,81937.85,INR,BR005,AM016
ACCT00000648,CUST000033,Savings,2017-05-19,Active,101775.68,INR,BR004,AM017
ACCT00000649,CUST000084,Current,2016-07-24,Dormant,11345.08,INR,BR012,AM011
ACCT00000650,CUST000042,Credit Card,2020-11-04,Active,325918.94,INR,BR016,AM013
ACCT00000651,CUST000280,Savings,2023-12-05,Dormant,48061.25,INR,BR013,AM023
ACCT00000652,CUST000080,Fixed Deposit,2016-07-09,Active,82850.01,INR,BR015,AM006
ACCT00000653,CUST000060,Loan,2018-11-13,Active,217956.15,INR,BR002,AM021
ACCT00000654,CUST000350,Fixed Deposit,2015-05-31,Active,283767.86,INR,BR008,AM016
ACCT00000655,CUST000022,Savings,2018-09-22,Active,184714.22,INR,BR005,AM028
ACCT00000656,CUST000071,Fixed Deposit,2020-06-08,Dormant,163289.26,INR,BR013,AM025
ACCT00000657,CUST000325,Credit Card,2015-04-30,Closed,286294.47,INR,BR010,AM016
ACCT00000658,CUST000013,Credit Card,2024-05-10,Active,196919.32,INR,BR002,AM007
ACCT00000659,CUST000302,Savings,2018-07-21,Active,36189.82,INR,BR019,AM016
ACCT00000660,CUST000004,Loan,2016-05-16,Closed,270692.79,INR,BR012,AM017
ACCT00000661,CUST000461,Current,2021-10-03,Active,102185.83,INR,BR005,AM018
ACCT00000662,CUST000004,Fixed Deposit,2019-10-15,Dormant,73888.63,INR,BR018,AM012
ACCT00000663,CUST000262,Credit Card,2017-09-20,Active,318123.23,INR,BR020,AM009
ACCT00000664,CUST000172,Current,2020-07-25,Dormant,160407.31,INR,BR013,AM004
ACCT00000665,CUST000334,Loan,2022-09-07,Active,149954.98,INR,BR015,AM020
ACCT00000666,CUST000496,Fixed Deposit,2021-11-25,Active,231664.28,INR,BR006,AM004
ACCT00000667,CUST000022,Credit Card,2016-10-25,Closed,239522.41,INR,BR007,AM007
ACCT00000668,CUST000389,Fixed Deposit,2020-01-30,Closed,220853.9,INR,BR007,AM029
ACCT00000669,CUST000304,Loan,2021-02-20,Dormant,155975.59,INR,BR002,AM021
ACCT00000670,CUST000321,Current,2024-08-23,Dormant,3729.87,INR,BR007,AM017
ACCT00000671,CUST000013,Loan,2015-03-18,Active,197955.67,INR,BR006,AM028
ACCT00000672,CUST000171,Current,2023-07-02,Closed,143818.32,INR,BR013,AM024
ACCT00000673,CUST000168,Credit Card,2021-08-25,Closed,243488.01,INR,BR006,AM030
ACCT00000674,CUST000252,Credit Card,2024-07-16,Closed,170350.85,INR,BR010,AM026
ACCT00000675,CUST000342,Current,2016-04-27,Closed,111735.9,INR,BR004,AM029
ACCT00000676,CUST000001,Savings,2025-07-15,Active,177883.41,INR,BR001,AM009
ACCT00000677,CUST000477,Savings,2020-02-29,Dormant,141901.26,INR,BR013,AM024
ACCT00000678,CUST000291,Current,2016-08-27,Active,89177.1,INR,BR012,AM007
ACCT00000679,CUST000331,Current,2022-03-14,Closed,21004.72,INR,BR012,AM003
ACCT00000680,CUST000144,Credit Card,2015-05-20,Dormant,110426.41,INR,BR002,AM029
ACCT00000681,CUST000062,Loan,2017-05-31,Dormant,96425.48,INR,BR015,AM030
ACCT00000682,CUST000478,Current,2017-01-17,Closed,142866.14,INR,BR001,AM029
ACCT00000683,CUST000477,Credit Card,2017-12-20,Active,162583.9,INR,BR004,AM003
ACCT00000684,CUST000372,Current,2022-09-29,Closed,77720.31,INR,BR018,AM009
ACCT00000685,CUST000139,Savings,2024-07-31,Dormant,46246.35,INR,BR003,AM024
ACCT00000686,CUST000355,Current,2018-08-31,Active,88163.27,INR,BR013,AM022
ACCT00000687,CUST000194,Savings,2015-08-19,Dormant,56145.75,INR,BR014,AM027
ACCT00000688,CUST000239,Credit Card,2017-12-23,Active,97360.62,INR,BR019,AM029
ACCT00000689,CUST000023,Savings,2019-10-11,Closed,129701.35,INR,BR010,AM024
ACCT00000690,CUST000246,Current,2019-07-19,Active,10499.47,INR,BR009,AM028
ACCT00000691,CUST000097,Current,2022-08-15,Active,74526.55,INR,BR002,AM028
ACCT00000692,CUST000289,Credit Card,2024-07-05,Closed,165750.79,INR,BR016,AM026
ACCT00000693,CUST000119,Savings,2019-11-16,Dormant,170060.78,INR,BR003,AM020
ACCT00000694,CUST000189,Credit Card,2023-01-14,Closed,268017.74,INR,BR006,AM012
ACCT00000695,CUST000338,Loan,2024-05-16,Closed,172107.83,INR,BR005,AM011
ACCT00000696,CUST000377,Loan,2021-12-04,Active,172059.38,INR,BR019,AM013
ACCT00000697,CUST000191,Credit Card,2020-11-28,Dormant,174269.2,INR,BR005,AM027
ACCT00000698,CUST000345,Credit Card,2024-03-23,Dormant,366139.84,INR,BR012,AM014
ACCT00000699,CUST000045,Fixed Deposit,2019-04-23,Active,230554.84,INR,BR011,AM030
ACCT00000700,CUST000184,Credit Card,2022-09-01,Closed,234403.33,INR,BR006,AM029
