product_id,product_name,product_family,product_type,segment,secured_flag,rate_base,interest_rate_raw,roi_min_pct,roi_max_pct,is_roi_estimated,roi_estimation_method,processing_fee_type,processing_fee_note,is_processing_fee_estimated,processing_fee_estimation_method,prepayment_terms,other_charges_note,repayment_period_note,bank_benefit,notes,source_doc,year
1,BOI STAR Vehicle Express Loan,Vehicle Loan,Loan,Retail,1,RBLR,RBLR plus 0.40 to 0.55 over base,9.4,9.55,1,RBLR assumed 9.0 plus 0.40 to 0.55 spread,Waived,Processing fee waived as per scheme,0,Taken as waived from product note,Standard prepayment rules; no special penalty,Standard bank charges; no extra charges,Up to around 7 years; depends on borrower profile,Secured retail asset with good yield,Values indicative; used for synthetic CLTV modeling,BOI vehicle express circular 2025 summary,2025
2,BOI STAR Rooftop Solar Panel Finance,Solar Loan,Loan,Retail,1,RBLR,RBLR plus 1.50 to 2.50 over base,10.5,11.5,1,RBLR assumed 9.0 plus 1.50 to 2.50 spread,Waived,No processing fee reported for many variants,0,Taken as nil from product note,Standard term loan prepayment rules,Normal loan charges; installation costs separate,Up to 15 years depending on scheme,Supports green and PSL targets,Used as green retail loan example,BOI rooftop solar guideline 2024 and 2025 summary,2025
3,Doodhganga (Dairy) Scheme,Dairy / Agri Loan,Loan,Agri,1,MCLR or RBLR,Not disclosed; likely MCLR or RBLR linked,9.0,10.0,1,Assumed 9 to 10 range based on typical dairy agri loans,Percentage,Processing fee as per agri loan policy,1,Assumed standard agri percentage fee,Prepayment terms as per agri loan norms,Other charges as per agri schedule,Tenor aligned to dairy repayment cycle,Supports dairy portfolio and PSL agri targets,Product terms partially inferred; treat as synthetic,BOI doodhganga scheme note summary,2025
4,Star Food & Agro Processing Loan,Food & Agro Loan,Loan,MSME,1,MCLR plus spread,Not disclosed; promo materials mention around 8.90 percent,8.9,10.5,1,Assumed 8.9 to 10.5 range for MSME agro loans,Percentage,Processing fee as per MSME policy,1,Assumed MSME percentage fee,Standard MSME prepayment rules,Inspection and documentation charges as per MSME schedule,Medium to long tenor aligned with project period,High MSME growth and fee potential,Rates indicative; exact slabs depend on scheme,BOI food and agro processing product note summary,2025
5,BOI Credit Card (general summary),Credit Card,Card,Retail,0,Not applicable,1.7 percent per month on revolved balance; penalty 2.5 percent per month if overdue,20.4,30.0,1,Monthly 1.7 to 2.5 converted to simple annual rate,Flat,Joining and annual fee depending on card variant,0,Flat annual or joining fee taken from product note,Not applicable; card can be repaid any time subject to minimum due,Late payment and cash advance charges as per card schedule,Revolving credit with monthly billing cycle,High yield revolving portfolio with strong cross sell,Card terms simplified for modeling; check MITC for real use,BOI credit card terms 2025 summary,2025
6,Insurance (Bancassurance & JV life),Insurance,Insurance,Retail,0,Not applicable,Not applicable; insurance is premium based product,,,0,Not applicable for insurance ROI,Flat,No loan processing fee; distributor earns commission,1,Commission based; no loan processing fee,Not applicable,Charges follow underlying policy document,Tenor as per insurance policy term,Fee and commission income with low capital use,Used to model non interest income cross sell,BOI bancassurance partnerships 2025 summary,2025
7,Agriculture Gold Loan,Gold Loan,Loan,Agri,1,MCLR,One year MCLR around 9.05 percent in 2025,9.05,9.05,0,Direct from published one year MCLR grid,Percentage,Processing fee as percentage of limit with caps,1,Assumed percentage gold loan processing fee,Prepayment and part payment normally allowed without big penalty,Valuation and safe keeping charges may apply,Short to medium tenor often 12 to 24 months,Secured by gold; low loss given default,Representative rate; exact slab depends on scheme,BOI gold loan page and MCLR 2025 summary,2025
8,Gold Loan (Retail / MSME / Food & Agro),Gold Loan,Loan,Retail,1,Flat published rates,Retail about 8.60; agri about 9.05; MSME about 8.75; food and agro about 8.60,8.6,9.05,1,Range taken from product grid across segments,Percentage,Processing fee as percentage of amount with caps,1,Assumed percentage gold loan processing fee,Similar prepayment rules as other gold loans,Valuation and storage charges as per schedule,Tenor usually up to 36 months,High yield secured asset for multiple segments,Based on summary of public rate tables; treat as synthetic,ClearTax and MoneyMantra summaries of BOI gold products,2025
9,Home Loan,Home Loan,Loan,Retail,1,Floating linked to RBLR or MCLR,Starts at 7.35 percent per year for best profiles,7.35,9.5,1,Floor from 7.35 start rate; cap around 9.5 for high risk profiles,Percentage,Processing fee as percentage of sanctioned amount with caps,1,Assumed housing percentage processing fee,Part prepayment normally allowed with low or zero penalty,Legal valuation and documentation charges apply,Very long tenor; up to 30 years depending on age and income,Large ticket secured asset with high lifetime value,Rates simplified for modeling; see official grid for details,Paisabazaar and BOI home loan information summary,2025
10,EL-Education Loan,Education Loan,Loan,Retail,0,MCLR,Up to 7.5 lakh at MCLR plus 1.70; above 7.5 lakh at MCLR plus 2.50,8.4,11.55,1,Band based on typical education loan spreads over MCLR,Waived,Processing fee often nil or very low for eligible schemes,0,Taken as nil where government scheme says no fee,Repayment starts after study plus grace; tenor up to about 15 years,Normal documentation and insurance costs may apply,Education loan structure with moratorium then EMI,Strategic youth product with high retention and CASA potential,Spread and floors approximated; tune as needed for modeling,CreditMantri and student loan portals summary of BOI education loans,2025
11,MSME (STAR MSME Thala / STAR Yuva Udyami),MSME Business Loan,Loan,MSME,1,MCLR plus spread,Approximately 9.70 percent per year,9.7,9.7,1,Single representative rate around 9.7 from MSME examples,Percentage,Processing fee as per MSME working capital policy,1,Assumed MSME percentage processing fee,Standard MSME prepayment norms apply,Inspection and renewal charges as per policy,Tenor aligned to working capital or term loan need,Supports MSME growth and priority sector targets,Rate is representative; exact values differ by scheme,CreditMantri and BOI MSME scheme summaries,2025
12,Fixed Deposits (CD / Term Deposit),Deposit,Other,Retail,0,Fixed return,One year about 6.25; three year about 6.30; 777 day special about 6.60,6.25,6.6,1,Band taken from BOI FD rate table around 2025,,No processing fee for fixed deposit products,0,No processing fee; only interest rate applies,Premature withdrawal allowed with interest penalty,No extra service charges; impact is through reduced interest,Tenor from 7 days up to 10 years with special options,Stable low risk liability that supports lending,FD rates simplified; keep in sync with current official sheet,BOI term deposit rate table 2025 summary,2025
