source_id,source_name,source_group,channel_type,is_self_service
1,Analytics,Digital,Owned,1
2,Branch,Physical,Owned,0
3,Business Correspondent,Physical,Owned,0
4,Campaign,Digital,Owned,0
5,ChatBot,Digital,Owned,1
6,CIBIL,Partner,3rd Party,0
7,Contact Center,Physical,Owned,0
8,EPL Branch,Physical,Owned,0
9,EPL Web,Digital,Owned,1
10,Housing.com,Partner,Partner,1
11,Internet Banking,Digital,Owned,1
12,Missed Call,Digital,Owned,1
13,Mobile Banking,Digital,Owned,1
14,MSIL,Partner,Partner,0
15,National Portal,Partner,Partner,1
16,PM Vidyalaxmi Portal,Partner,Partner,1
17,Self Sourced,Mixed,Owned,0
18,SMS,Digital,Owned,1
19,Social,Digital,Owned,1
20,Universal Application,Digital,Owned,1
21,Website,Digital,Owned,1
22,Whatsapp,Digital,Owned,1
