sol_id,branch_name,city,state,region,zone,urban_rural_flag
1409,Chennai South Branch,Chennai,Tamil Nadu,SOUTH,SOUTH,URBAN
5012,Lucknow City Branch,Lucknow,Uttar Pradesh,NORTH,NORTH,URBAN
2679,Kolkata South Branch,Kolkata,West Bengal,EAST,EAST,URBAN
2424,Ranchi Central Branch,Ranchi,Jharkhand,EAST,EAST,RURAL_SEMIURBAN
1520,Bhubaneswar Main Branch,Bhubaneswar,Odisha,EAST,EAST,RURAL_SEMIURBAN
4582,Bengaluru City Branch,Bengaluru,Karnataka,SOUTH,SOUTH,URBAN
1434,Guwahati Central Branch,Guwahati,Assam,EAST,EAST,RURAL_SEMIURBAN
9928,Ahmedabad Industrial Branch,Ahmedabad,Gujarat,WEST,WEST,URBAN
8359,Jaipur Central Branch,Jaipur,Rajasthan,WEST,WEST,URBAN
1106,Lucknow North Branch,Lucknow,Uttar Pradesh,NORTH,NORTH,URBAN
7924,Hyderabad Bazaar Branch,Hyderabad,Telangana,SOUTH,SOUTH,URBAN
3547,Lucknow City Branch,Lucknow,Uttar Pradesh,NORTH,NORTH,URBAN
2674,Ludhiana Main Branch,Ludhiana,Punjab,NORTH,NORTH,RURAL_SEMIURBAN
2584,Kochi Bazaar Branch,Kochi,Kerala,SOUTH,SOUTH,URBAN
5333,Gurugram North Branch,Gurugram,Haryana,NORTH,NORTH,URBAN
8527,New Delhi Central Branch,New Delhi,Delhi,NORTH,NORTH,URBAN
7201,Chennai Main Branch,Chennai,Tamil Nadu,SOUTH,SOUTH,URBAN
5803,Ranchi North Branch,Ranchi,Jharkhand,EAST,EAST,RURAL_SEMIURBAN
6925,Dehradun Central Branch,Dehradun,Uttarakhand,NORTH,NORTH,RURAL_SEMIURBAN
2139,Ahmedabad Main Branch,Ahmedabad,Gujarat,WEST,WEST,URBAN
5741,Jaipur Main Branch,Jaipur,Rajasthan,WEST,WEST,URBAN
2654,Jaipur Industrial Branch,Jaipur,Rajasthan,WEST,WEST,URBAN
8428,Lucknow South Branch,Lucknow,Uttar Pradesh,NORTH,NORTH,URBAN
3664,Gurugram Bazaar Branch,Gurugram,Haryana,NORTH,NORTH,URBAN
4432,Gurugram South Branch,Gurugram,Haryana,NORTH,NORTH,URBAN
2169,Lucknow Central Branch,Lucknow,Uttar Pradesh,NORTH,NORTH,URBAN
9751,Hyderabad South Branch,Hyderabad,Telangana,SOUTH,SOUTH,URBAN
3677,Jaipur Industrial Branch,Jaipur,Rajasthan,WEST,WEST,URBAN
5422,Kochi South Branch,Kochi,Kerala,SOUTH,SOUTH,URBAN
4598,Ranchi South Branch,Ranchi,Jharkhand,EAST,EAST,RURAL_SEMIURBAN
1916,Ludhiana City Branch,Ludhiana,Punjab,NORTH,NORTH,RURAL_SEMIURBAN
6168,New Delhi Industrial Branch,New Delhi,Delhi,NORTH,NORTH,URBAN
2084,Lucknow City Branch,Lucknow,Uttar Pradesh,NORTH,NORTH,URBAN
6155,Panaji City Branch,Panaji,Goa,WEST,WEST,RURAL_SEMIURBAN
7482,Raipur South Branch,Raipur,Chhattisgarh,CENTRAL,CENTRAL,RURAL_SEMIURBAN
3340,Patna Bazaar Branch,Patna,Bihar,EAST,EAST,URBAN
5040,Kolkata South Branch,Kolkata,West Bengal,EAST,EAST,URBAN
9830,Ranchi Bazaar Branch,Ranchi,Jharkhand,EAST,EAST,RURAL_SEMIURBAN
8019,Panaji Central Branch,Panaji,Goa,WEST,WEST,RURAL_SEMIURBAN
6930,Kochi City Branch,Kochi,Kerala,SOUTH,SOUTH,URBAN
9348,Kolkata Industrial Branch,Kolkata,West Bengal,EAST,EAST,URBAN
1771,Bengaluru North Branch,Bengaluru,Karnataka,SOUTH,SOUTH,URBAN
3504,Chennai South Branch,Chennai,Tamil Nadu,SOUTH,SOUTH,URBAN
7916,Hyderabad Central Branch,Hyderabad,Telangana,SOUTH,SOUTH,URBAN
7304,Bengaluru Industrial Branch,Bengaluru,Karnataka,SOUTH,SOUTH,URBAN
8668,Dehradun Central Branch,Dehradun,Uttarakhand,NORTH,NORTH,RURAL_SEMIURBAN
1188,Lucknow South Branch,Lucknow,Uttar Pradesh,NORTH,NORTH,URBAN
9797,Chennai North Branch,Chennai,Tamil Nadu,SOUTH,SOUTH,URBAN
6573,Lucknow Main Branch,Lucknow,Uttar Pradesh,NORTH,NORTH,URBAN
8123,Bhopal City Branch,Bhopal,Madhya Pradesh,CENTRAL,CENTRAL,URBAN
1053,Patna South Branch,Patna,Bihar,EAST,EAST,URBAN
9201,Lucknow North Branch,Lucknow,Uttar Pradesh,NORTH,NORTH,URBAN
9317,Hyderabad Main Branch,Hyderabad,Telangana,SOUTH,SOUTH,URBAN
9837,Hyderabad North Branch,Hyderabad,Telangana,SOUTH,SOUTH,URBAN
1009,Guwahati Central Branch,Guwahati,Assam,EAST,EAST,RURAL_SEMIURBAN
9005,Ludhiana Main Branch,Ludhiana,Punjab,NORTH,NORTH,RURAL_SEMIURBAN
6947,Chennai North Branch,Chennai,Tamil Nadu,SOUTH,SOUTH,URBAN
4923,Bhopal Main Branch,Bhopal,Madhya Pradesh,CENTRAL,CENTRAL,URBAN
