sol_id,branch_name,city,state
1409,Chennai South Branch,Chennai,Tamil Nadu
5012,Lucknow City Branch,Lucknow,Uttar Pradesh
2679,Kolkata South Branch,Kolkata,West Bengal
2424,Ranchi Central Branch,Ranchi,Jharkhand
1520,Bhubaneswar Main Branch,Bhubaneswar,Odisha
4582,Bengaluru City Branch,Bengaluru,Karnataka
1434,Guwahati Central Branch,Guwahati,Assam
9928,Ahmedabad Industrial Branch,Ahmedabad,Gujarat
8359,Jaipur Central Branch,Jaipur,Rajasthan
1106,Lucknow North Branch,Lucknow,Uttar Pradesh
7924,Hyderabad Bazaar Branch,Hyderabad,Telangana
3547,Lucknow City Branch,Lucknow,Uttar Pradesh
2674,Ludhiana Main Branch,Ludhiana,Punjab
2584,Kochi Bazaar Branch,Kochi,Kerala
5333,Gurugram North Branch,Gurugram,Haryana
8527,New Delhi Central Branch,New Delhi,Delhi
7201,Chennai Main Branch,Chennai,Tamil Nadu
5803,Ranchi North Branch,Ranchi,Jharkhand
6925,Dehradun Central Branch,Dehradun,Uttarakhand
2139,Ahmedabad Main Branch,Ahmedabad,Gujarat
5741,Jaipur Main Branch,Jaipur,Rajasthan
2654,Jaipur Industrial Branch,Jaipur,Rajasthan
8428,Lucknow South Branch,Lucknow,Uttar Pradesh
3664,Gurugram Bazaar Branch,Gurugram,Haryana
4432,Gurugram South Branch,Gurugram,Haryana
2169,Lucknow Central Branch,Lucknow,Uttar Pradesh
9751,Hyderabad South Branch,Hyderabad,Telangana
3677,Jaipur Industrial Branch,Jaipur,Rajasthan
5422,Kochi South Branch,Kochi,Kerala
4598,Ranchi South Branch,Ranchi,Jharkhand
1916,Ludhiana City Branch,Ludhiana,Punjab
6168,New Delhi Industrial Branch,New Delhi,Delhi
2084,Lucknow City Branch,Lucknow,Uttar Pradesh
6155,Panaji City Branch,Panaji,Goa
7482,Raipur South Branch,Raipur,Chhattisgarh
3340,Patna Bazaar Branch,Patna,Bihar
5040,Kolkata South Branch,Kolkata,West Bengal
9830,Ranchi Bazaar Branch,Ranchi,Jharkhand
8019,Panaji Central Branch,Panaji,Goa
6930,Kochi City Branch,Kochi,Kerala
9348,Kolkata Industrial Branch,Kolkata,West Bengal
1771,Bengaluru North Branch,Bengaluru,Karnataka
3504,Chennai South Branch,Chennai,Tamil Nadu
7916,Hyderabad Central Branch,Hyderabad,Telangana
7304,Bengaluru Industrial Branch,Bengaluru,Karnataka
8668,Dehradun Central Branch,Dehradun,Uttarakhand
1188,Lucknow South Branch,Lucknow,Uttar Pradesh
9797,Chennai North Branch,Chennai,Tamil Nadu
6573,Lucknow Main Branch,Lucknow,Uttar Pradesh
8123,Bhopal City Branch,Bhopal,Madhya Pradesh
1053,Patna South Branch,Patna,Bihar
9201,Lucknow North Branch,Lucknow,Uttar Pradesh
9317,Hyderabad Main Branch,Hyderabad,Telangana
9837,Hyderabad North Branch,Hyderabad,Telangana
1009,Guwahati Central Branch,Guwahati,Assam
9005,Ludhiana Main Branch,Ludhiana,Punjab
6947,Chennai North Branch,Chennai,Tamil Nadu
4923,Bhopal Main Branch,Bhopal,Madhya Pradesh
