charge_id,target_acid,actual_amt_coll,chrg_tran_date,tran_particular,part_tran_type,reversal_flg,entity_cre_flg,del_flg
CH00000001,A0000001,61.73,2025-03-28,ATM WITHDRAWAL FEE,D,N,Y,N
CH00000002,A0000001,15.27,2025-05-24,SMS ALERT CHARGE,D,N,Y,N
CH00000003,A0000001,107.99,2025-08-23,CHEQUE BOOK CHARGE,D,N,Y,N
CH00000004,A0000001,186.18,2025-09-28,ATM WITHDRAWAL FEE,D,N,Y,N
CH00000005,A0000002,226.22,2024-12-10,CHEQUE BOOK CHARGE,D,N,Y,N
CH00000006,A0000002,233.88,2025-02-17,ATM WITHDRAWAL FEE,D,N,Y,N
CH00000007,A0000002,215.42,2025-05-17,SMS ALERT CHARGE,D,N,Y,N
CH00000008,A0000002,124.81,2025-08-07,IMPS CHARGE,D,N,Y,N
CH00000009,A0000003,190.22,2024-12-20,MIN BALANCE PENALTY,D,N,Y,N
CH00000010,A0000003,225.67,2025-05-24,ATM WITHDRAWAL FEE,D,N,Y,N
CH00000011,A0000003,76.72,2025-09-25,MIN BALANCE PENALTY,D,N,Y,N
CH00000012,A0000004,23.45,2025-02-22,SMS ALERT CHARGE,D,N,Y,N
CH00000013,A0000004,186.33,2025-07-24,IMPS CHARGE,D,N,Y,N
CH00000014,A0000004,72.0,2025-08-07,CHEQUE BOOK CHARGE,D,N,Y,N
CH00000015,A0000005,66.4,2025-05-26,SMS ALERT CHARGE,D,N,Y,N
CH00000016,A0000005,182.02,2025-09-22,SMS ALERT CHARGE,D,N,Y,N
CH00000017,A0000006,40.49,2025-07-30,MIN BALANCE PENALTY,D,N,Y,N
CH00000018,A0000011,26.34,2024-10-17,IMPS CHARGE,D,N,Y,N
CH00000019,A0000012,187.94,2025-01-06,ATM WITHDRAWAL FEE,D,N,Y,N
CH00000020,A0000012,119.01,2025-04-28,SMS ALERT CHARGE,D,N,Y,N
CH00000021,A0000013,168.86,2025-05-26,SMS ALERT CHARGE,D,N,Y,N
CH00000022,A0000013,22.51,2025-08-22,MIN BALANCE PENALTY,D,N,Y,N
CH00000023,A0000013,115.44,2025-09-29,UPI REVERSAL FEE,D,N,Y,N
CH00000024,A0000014,229.91,2025-03-18,MIN BALANCE PENALTY,D,N,Y,N
CH00000025,A0000014,221.94,2025-06-09,CHEQUE BOOK CHARGE,D,N,Y,N
CH00000026,A0000015,196.29,2024-12-08,ATM WITHDRAWAL FEE,D,N,Y,N
CH00000027,A0000015,230.16,2025-01-05,UPI REVERSAL FEE,D,N,Y,N
CH00000028,A0000015,175.84,2025-03-11,MIN BALANCE PENALTY,D,N,Y,N
CH00000029,A0000015,72.51,2025-08-05,ATM WITHDRAWAL FEE,D,N,Y,N
CH00000030,A0000016,198.8,2025-03-12,IMPS CHARGE,D,N,Y,N
CH00000031,A0000016,53.89,2025-07-04,MIN BALANCE PENALTY,D,N,Y,N
CH00000032,A0000018,102.72,2025-06-29,UPI REVERSAL FEE,D,N,Y,N
CH00000033,A0000019,64.57,2024-10-14,CHEQUE BOOK CHARGE,D,N,Y,N
CH00000034,A0000020,199.27,2024-12-27,CHEQUE BOOK CHARGE,D,N,Y,N
CH00000035,A0000020,45.6,2025-07-11,IMPS CHARGE,D,N,Y,N
CH00000036,A0000020,233.47,2025-09-03,SMS ALERT CHARGE,D,N,Y,N
CH00000037,A0000021,86.0,2025-02-24,ATM WITHDRAWAL FEE,D,N,Y,N
CH00000038,A0000021,239.39,2025-07-06,UPI REVERSAL FEE,D,N,Y,N
CH00000039,A0000022,102.47,2025-02-18,IMPS CHARGE,D,N,Y,N
CH00000040,A0000023,181.03,2025-01-22,IMPS CHARGE,D,N,Y,N
CH00000041,A0000023,187.48,2025-03-08,SMS ALERT CHARGE,D,N,Y,N
CH00000042,A0000023,69.78,2025-07-16,SMS ALERT CHARGE,D,N,Y,N
CH00000043,A0000023,147.62,2025-08-17,ATM WITHDRAWAL FEE,D,N,Y,N
CH00000044,A0000025,54.71,2024-11-05,SMS ALERT CHARGE,D,N,Y,N
CH00000045,A0000025,30.63,2025-01-29,ATM WITHDRAWAL FEE,D,N,Y,N
CH00000046,A0000025,137.42,2025-04-27,IMPS CHARGE,D,N,Y,N
CH00000047,A0000025,66.57,2025-09-29,MIN BALANCE PENALTY,D,N,Y,N
CH00000048,A0000026,142.67,2025-07-09,UPI REVERSAL FEE,D,N,Y,N
CH00000049,A0000026,22.0,2025-09-11,ATM WITHDRAWAL FEE,D,N,Y,N
CH00000050,A0000027,215.21,2025-01-17,CHEQUE BOOK CHARGE,D,N,Y,N
CH00000051,A0000028,176.46,2025-06-21,UPI REVERSAL FEE,D,N,Y,N
CH00000052,A0000029,153.58,2024-12-24,MIN BALANCE PENALTY,D,N,Y,N
CH00000053,A0000029,151.06,2025-01-28,IMPS CHARGE,D,N,Y,N
CH00000054,A0000029,70.44,2025-08-12,MIN BALANCE PENALTY,D,N,Y,N
CH00000055,A0000030,153.56,2025-02-23,UPI REVERSAL FEE,D,N,Y,N
CH00000056,A0000031,36.25,2025-03-07,ATM WITHDRAWAL FEE,D,N,Y,N
CH00000057,A0000032,52.12,2024-10-26,CHEQUE BOOK CHARGE,D,N,Y,N
CH00000058,A0000032,189.63,2025-05-19,SMS ALERT CHARGE,D,N,Y,N
CH00000059,A0000032,143.81,2025-07-24,SMS ALERT CHARGE,D,N,Y,N
CH00000060,A0000033,15.15,2024-10-26,MIN BALANCE PENALTY,D,N,Y,N
CH00000061,A0000033,44.64,2024-11-26,CHEQUE BOOK CHARGE,D,N,Y,N
CH00000062,A0000033,100.45,2025-09-25,MIN BALANCE PENALTY,D,N,Y,N
CH00000063,A0000034,204.62,2025-02-07,IMPS CHARGE,D,N,Y,N
CH00000064,A0000035,101.8,2024-12-11,SMS ALERT CHARGE,D,N,Y,N
CH00000065,A0000035,187.61,2025-06-24,ATM WITHDRAWAL FEE,D,N,Y,N
CH00000066,A0000036,139.5,2025-02-06,SMS ALERT CHARGE,D,N,Y,N
CH00000067,A0000036,244.28,2025-05-25,MIN BALANCE PENALTY,D,N,Y,N
CH00000068,A0000036,116.28,2025-08-22,ATM WITHDRAWAL FEE,D,N,Y,N
CH00000069,A0000037,130.53,2024-12-22,IMPS CHARGE,D,N,Y,N
CH00000070,A0000037,132.06,2025-07-16,IMPS CHARGE,D,N,Y,N
CH00000071,A0000038,12.82,2025-02-18,CHEQUE BOOK CHARGE,D,N,Y,N
CH00000072,A0000038,203.07,2025-05-31,ATM WITHDRAWAL FEE,D,N,Y,N
CH00000073,A0000038,99.81,2025-07-04,UPI REVERSAL FEE,D,N,Y,N
CH00000074,A0000038,193.83,2025-08-19,UPI REVERSAL FEE,D,N,Y,N
CH00000075,A0000039,27.13,2025-01-20,MIN BALANCE PENALTY,D,N,Y,N
CH00000076,A0000039,199.13,2025-04-24,CHEQUE BOOK CHARGE,D,N,Y,N
CH00000077,A0000039,71.77,2025-07-16,UPI REVERSAL FEE,D,N,Y,N
CH00000078,A0000040,105.34,2025-03-26,UPI REVERSAL FEE,D,N,Y,N
CH00000079,A0000040,60.21,2025-08-10,IMPS CHARGE,D,N,Y,N
CH00000080,A0000041,85.97,2024-11-07,SMS ALERT CHARGE,D,N,Y,N
CH00000081,A0000041,54.4,2025-04-22,CHEQUE BOOK CHARGE,D,N,Y,N
CH00000082,A0000041,86.54,2025-05-16,SMS ALERT CHARGE,D,N,Y,N
CH00000083,A0000041,228.89,2025-06-25,IMPS CHARGE,D,N,Y,N
CH00000084,A0000042,14.21,2025-03-27,ATM WITHDRAWAL FEE,D,N,Y,N
CH00000085,A0000046,93.83,2024-11-18,ATM WITHDRAWAL FEE,D,N,Y,N
CH00000086,A0000046,204.29,2025-08-27,SMS ALERT CHARGE,D,N,Y,N
CH00000087,A0000047,166.99,2025-03-31,IMPS CHARGE,D,N,Y,N
CH00000088,A0000047,232.59,2025-06-07,SMS ALERT CHARGE,D,N,Y,N
CH00000089,A0000047,78.6,2025-09-12,ATM WITHDRAWAL FEE,D,N,Y,N
CH00000090,A0000048,231.77,2025-01-21,CHEQUE BOOK CHARGE,D,N,Y,N
CH00000091,A0000048,20.09,2025-02-22,IMPS CHARGE,D,N,Y,N
CH00000092,A0000048,85.79,2025-04-20,UPI REVERSAL FEE,D,N,Y,N
CH00000093,A0000048,149.58,2025-06-08,SMS ALERT CHARGE,D,N,Y,N
CH00000094,A0000049,68.65,2024-12-18,UPI REVERSAL FEE,D,N,Y,N
CH00000095,A0000049,204.97,2025-01-08,UPI REVERSAL FEE,D,N,Y,N
CH00000096,A0000050,51.37,2024-11-17,IMPS CHARGE,D,N,Y,N
CH00000097,A0000050,81.2,2024-12-08,SMS ALERT CHARGE,D,N,Y,N
CH00000098,A0000050,113.55,2025-07-30,ATM WITHDRAWAL FEE,D,N,Y,N
CH00000099,A0000051,169.18,2024-10-21,IMPS CHARGE,D,N,Y,N
CH00000100,A0000052,16.5,2024-11-14,UPI REVERSAL FEE,D,N,Y,N
CH00000101,A0000052,91.51,2024-12-14,SMS ALERT CHARGE,D,N,Y,N
CH00000102,A0000053,183.72,2025-02-22,SMS ALERT CHARGE,D,N,Y,N
CH00000103,A0000053,139.19,2025-03-11,ATM WITHDRAWAL FEE,D,N,Y,N
CH00000104,A0000053,75.43,2025-07-30,IMPS CHARGE,D,N,Y,N
CH00000105,A0000053,214.24,2025-09-03,UPI REVERSAL FEE,D,N,Y,N
CH00000106,A0000054,47.69,2024-11-03,UPI REVERSAL FEE,D,N,Y,N
CH00000107,A0000054,52.43,2025-08-29,SMS ALERT CHARGE,D,N,Y,N
CH00000108,A0000055,237.94,2024-10-28,SMS ALERT CHARGE,D,N,Y,N
CH00000109,A0000055,28.3,2025-02-03,UPI REVERSAL FEE,D,N,Y,N
CH00000110,A0000055,132.73,2025-07-22,ATM WITHDRAWAL FEE,D,N,Y,N
CH00000111,A0000056,99.4,2024-10-09,SMS ALERT CHARGE,D,N,Y,N
CH00000112,A0000056,114.51,2024-11-03,CHEQUE BOOK CHARGE,D,N,Y,N
CH00000113,A0000056,129.88,2025-03-14,CHEQUE BOOK CHARGE,D,N,Y,N
CH00000114,A0000056,224.47,2025-09-21,ATM WITHDRAWAL FEE,D,N,Y,N
CH00000115,A0000057,149.88,2025-05-07,IMPS CHARGE,D,N,Y,N
CH00000116,A0000057,72.91,2025-07-21,IMPS CHARGE,D,N,Y,N
CH00000117,A0000057,103.47,2025-09-29,MIN BALANCE PENALTY,D,N,Y,N
CH00000118,A0000059,42.06,2024-12-07,UPI REVERSAL FEE,D,N,Y,N
CH00000119,A0000059,20.22,2025-01-31,CHEQUE BOOK CHARGE,D,N,Y,N
CH00000120,A0000059,146.8,2025-04-25,IMPS CHARGE,D,N,Y,N
CH00000121,A0000059,116.14,2025-07-16,IMPS CHARGE,D,N,Y,N
CH00000122,A0000060,68.69,2025-03-16,MIN BALANCE PENALTY,D,N,Y,N
CH00000123,A0000060,88.55,2025-08-15,UPI REVERSAL FEE,D,N,Y,N
CH00000124,A0000061,163.07,2024-12-19,MIN BALANCE PENALTY,D,N,Y,N
CH00000125,A0000061,105.83,2025-03-04,MIN BALANCE PENALTY,D,N,Y,N
CH00000126,A0000061,188.89,2025-04-06,IMPS CHARGE,D,N,Y,N
CH00000127,A0000061,183.81,2025-06-17,SMS ALERT CHARGE,D,N,Y,N
CH00000128,A0000062,168.04,2025-03-22,ATM WITHDRAWAL FEE,D,N,Y,N
CH00000129,A0000062,43.82,2025-06-11,CHEQUE BOOK CHARGE,D,N,Y,N
CH00000130,A0000063,44.76,2025-01-06,ATM WITHDRAWAL FEE,D,N,Y,N
CH00000131,A0000063,53.93,2025-03-25,MIN BALANCE PENALTY,D,N,Y,N
CH00000132,A0000063,25.35,2025-07-09,MIN BALANCE PENALTY,D,N,Y,N
CH00000133,A0000064,156.82,2025-05-26,IMPS CHARGE,D,N,Y,N
CH00000134,A0000064,201.0,2025-08-25,ATM WITHDRAWAL FEE,D,N,Y,N
CH00000135,A0000065,185.86,2024-10-22,IMPS CHARGE,D,N,Y,N
CH00000136,A0000065,195.4,2024-11-12,UPI REVERSAL FEE,D,N,Y,N
CH00000137,A0000065,36.86,2024-12-04,CHEQUE BOOK CHARGE,D,N,Y,N
CH00000138,A0000065,157.6,2025-04-03,SMS ALERT CHARGE,D,N,Y,N
CH00000139,A0000066,192.48,2025-07-05,IMPS CHARGE,D,N,Y,N
CH00000140,A0000067,152.57,2024-10-12,IMPS CHARGE,D,N,Y,N
CH00000141,A0000067,148.09,2025-01-23,IMPS CHARGE,D,N,Y,N
CH00000142,A0000067,166.41,2025-02-25,IMPS CHARGE,D,N,Y,N
CH00000143,A0000067,57.8,2025-06-08,UPI REVERSAL FEE,D,N,Y,N
CH00000144,A0000068,14.78,2025-09-13,SMS ALERT CHARGE,D,N,Y,N
CH00000145,A0000069,111.34,2024-12-18,ATM WITHDRAWAL FEE,D,N,Y,N
CH00000146,A0000069,175.17,2025-06-07,SMS ALERT CHARGE,D,N,Y,N
CH00000147,A0000070,10.51,2024-10-09,ATM WITHDRAWAL FEE,D,N,Y,N
CH00000148,A0000070,234.7,2024-11-19,UPI REVERSAL FEE,D,N,Y,N
CH00000149,A0000070,139.42,2025-03-26,SMS ALERT CHARGE,D,N,Y,N
CH00000150,A0000070,105.05,2025-04-13,ATM WITHDRAWAL FEE,D,N,Y,N
CH00000151,A0000070,87.22,2025-05-31,ATM WITHDRAWAL FEE,D,N,Y,N
CH00000152,A0000070,204.31,2025-08-21,MIN BALANCE PENALTY,D,N,Y,N
CH00000153,A0000071,222.71,2024-12-24,SMS ALERT CHARGE,D,N,Y,N
CH00000154,A0000073,180.35,2025-07-14,MIN BALANCE PENALTY,D,N,Y,N
CH00000155,A0000073,175.39,2025-09-13,CHEQUE BOOK CHARGE,D,N,Y,N
CH00000156,A0000074,204.48,2024-12-05,SMS ALERT CHARGE,D,N,Y,N
CH00000157,A0000074,196.8,2025-04-09,IMPS CHARGE,D,N,Y,N
CH00000158,A0000074,24.31,2025-08-30,CHEQUE BOOK CHARGE,D,N,Y,N
CH00000159,A0000075,177.4,2025-03-14,SMS ALERT CHARGE,D,N,Y,N
CH00000160,A0000079,119.77,2024-10-05,CHEQUE BOOK CHARGE,D,N,Y,N
CH00000161,A0000079,215.87,2025-04-23,SMS ALERT CHARGE,D,N,Y,N
CH00000162,A0000079,143.39,2025-07-04,SMS ALERT CHARGE,D,N,Y,N
CH00000163,A0000080,130.38,2024-11-03,CHEQUE BOOK CHARGE,D,N,Y,N
CH00000164,A0000080,199.5,2025-01-10,SMS ALERT CHARGE,D,N,Y,N
CH00000165,A0000080,205.49,2025-04-24,CHEQUE BOOK CHARGE,D,N,Y,N
CH00000166,A0000080,29.99,2025-07-08,MIN BALANCE PENALTY,D,N,Y,N
CH00000167,A0000080,37.37,2025-08-11,UPI REVERSAL FEE,D,N,Y,N
CH00000168,A0000081,229.13,2025-03-14,CHEQUE BOOK CHARGE,D,N,Y,N
CH00000169,A0000081,105.44,2025-06-25,ATM WITHDRAWAL FEE,D,N,Y,N
CH00000170,A0000082,114.17,2025-04-23,MIN BALANCE PENALTY,D,N,Y,N
CH00000171,A0000082,36.08,2025-06-06,ATM WITHDRAWAL FEE,D,N,Y,N
CH00000172,A0000082,47.21,2025-08-25,IMPS CHARGE,D,N,Y,N
CH00000173,A0000083,47.64,2024-10-06,SMS ALERT CHARGE,D,N,Y,N
CH00000174,A0000083,156.11,2024-12-09,ATM WITHDRAWAL FEE,D,N,Y,N
CH00000175,A0000083,139.74,2025-08-10,IMPS CHARGE,D,N,Y,N
CH00000176,A0000084,243.0,2025-06-07,MIN BALANCE PENALTY,D,N,Y,N
CH00000177,A0000085,120.66,2024-10-26,IMPS CHARGE,D,N,Y,N
CH00000178,A0000085,215.47,2024-11-07,IMPS CHARGE,D,N,Y,N
CH00000179,A0000085,88.09,2025-01-16,UPI REVERSAL FEE,D,N,Y,N
CH00000180,A0000085,14.75,2025-03-09,CHEQUE BOOK CHARGE,D,N,Y,N
CH00000181,A0000085,102.55,2025-06-15,UPI REVERSAL FEE,D,N,Y,N
CH00000182,A0000086,111.4,2025-01-30,UPI REVERSAL FEE,D,N,Y,N
CH00000183,A0000086,98.86,2025-02-05,IMPS CHARGE,D,N,Y,N
CH00000184,A0000087,11.51,2024-10-26,IMPS CHARGE,D,N,Y,N
CH00000185,A0000087,34.11,2024-11-14,UPI REVERSAL FEE,D,N,Y,N
CH00000186,A0000087,73.94,2025-01-05,ATM WITHDRAWAL FEE,D,N,Y,N
CH00000187,A0000087,40.58,2025-03-12,IMPS CHARGE,D,N,Y,N
CH00000188,A0000088,239.57,2024-11-16,ATM WITHDRAWAL FEE,D,N,Y,N
CH00000189,A0000088,230.37,2024-12-17,UPI REVERSAL FEE,D,N,Y,N
CH00000190,A0000089,94.56,2024-11-27,IMPS CHARGE,D,N,Y,N
CH00000191,A0000089,149.09,2025-06-17,IMPS CHARGE,D,N,Y,N
CH00000192,A0000089,69.27,2025-08-11,UPI REVERSAL FEE,D,N,Y,N
CH00000193,A0000090,93.99,2024-10-22,CHEQUE BOOK CHARGE,D,N,Y,N
CH00000194,A0000090,186.26,2025-02-23,ATM WITHDRAWAL FEE,D,N,Y,N
CH00000195,A0000090,207.26,2025-08-09,SMS ALERT CHARGE,D,N,Y,N
CH00000196,A0000095,103.79,2024-10-09,MIN BALANCE PENALTY,D,N,Y,N
CH00000197,A0000095,238.8,2024-12-09,CHEQUE BOOK CHARGE,D,N,Y,N
CH00000198,A0000095,102.27,2025-03-14,SMS ALERT CHARGE,D,N,Y,N
CH00000199,A0000095,218.77,2025-05-12,IMPS CHARGE,D,N,Y,N
CH00000200,A0000097,32.61,2024-12-05,MIN BALANCE PENALTY,D,N,Y,N
CH00000201,A0000097,58.99,2025-04-16,IMPS CHARGE,D,N,Y,N
CH00000202,A0000098,152.36,2025-08-15,SMS ALERT CHARGE,D,N,Y,N
CH00000203,A0000099,88.28,2025-02-18,IMPS CHARGE,D,N,Y,N
CH00000204,A0000099,171.08,2025-05-23,UPI REVERSAL FEE,D,N,Y,N
CH00000205,A0000103,12.17,2025-06-10,CHEQUE BOOK CHARGE,D,N,Y,N
CH00000206,A0000103,81.49,2025-08-08,SMS ALERT CHARGE,D,N,Y,N
CH00000207,A0000104,216.8,2025-04-12,ATM WITHDRAWAL FEE,D,N,Y,N
CH00000208,A0000105,74.35,2024-10-17,CHEQUE BOOK CHARGE,D,N,Y,N
CH00000209,A0000105,193.56,2025-07-27,CHEQUE BOOK CHARGE,D,N,Y,N
CH00000210,A0000106,151.66,2025-06-17,MIN BALANCE PENALTY,D,N,Y,N
CH00000211,A0000108,193.47,2025-02-26,IMPS CHARGE,D,N,Y,N
CH00000212,A0000108,105.13,2025-06-11,ATM WITHDRAWAL FEE,D,N,Y,N
CH00000213,A0000108,10.92,2025-09-13,IMPS CHARGE,D,N,Y,N
CH00000214,A0000109,83.68,2025-03-17,UPI REVERSAL FEE,D,N,Y,N
CH00000215,A0000109,71.18,2025-06-15,MIN BALANCE PENALTY,D,N,Y,N
CH00000216,A0000112,158.27,2025-02-07,IMPS CHARGE,D,N,Y,N
CH00000217,A0000115,107.35,2025-05-22,ATM WITHDRAWAL FEE,D,N,Y,N
CH00000218,A0000117,56.45,2025-02-12,IMPS CHARGE,D,N,Y,N
CH00000219,A0000118,130.98,2025-04-05,MIN BALANCE PENALTY,D,N,Y,N
CH00000220,A0000119,108.63,2024-11-27,SMS ALERT CHARGE,D,N,Y,N
CH00000221,A0000119,211.33,2025-04-21,IMPS CHARGE,D,N,Y,N
CH00000222,A0000120,92.41,2025-09-10,CHEQUE BOOK CHARGE,D,N,Y,N
CH00000223,A0000121,149.57,2025-02-05,IMPS CHARGE,D,N,Y,N
CH00000224,A0000121,249.34,2025-07-28,MIN BALANCE PENALTY,D,N,Y,N
CH00000225,A0000121,150.23,2025-09-06,ATM WITHDRAWAL FEE,D,N,Y,N
CH00000226,A0000123,79.6,2025-01-23,ATM WITHDRAWAL FEE,D,N,Y,N
CH00000227,A0000123,155.18,2025-06-05,UPI REVERSAL FEE,D,N,Y,N
CH00000228,A0000124,133.54,2024-11-10,CHEQUE BOOK CHARGE,D,N,Y,N
CH00000229,A0000124,88.4,2025-06-30,SMS ALERT CHARGE,D,N,Y,N
CH00000230,A0000125,210.57,2025-05-28,ATM WITHDRAWAL FEE,D,N,Y,N
CH00000231,A0000125,105.63,2025-06-25,CHEQUE BOOK CHARGE,D,N,Y,N
CH00000232,A0000126,105.21,2024-12-30,MIN BALANCE PENALTY,D,N,Y,N
CH00000233,A0000126,154.44,2025-06-13,ATM WITHDRAWAL FEE,D,N,Y,N
CH00000234,A0000127,211.57,2024-10-31,SMS ALERT CHARGE,D,N,Y,N
CH00000235,A0000127,138.31,2025-08-23,MIN BALANCE PENALTY,D,N,Y,N
CH00000236,A0000128,134.82,2025-01-20,SMS ALERT CHARGE,D,N,Y,N
CH00000237,A0000129,143.51,2024-10-31,IMPS CHARGE,D,N,Y,N
CH00000238,A0000129,143.33,2025-02-10,UPI REVERSAL FEE,D,N,Y,N
CH00000239,A0000130,19.88,2025-08-06,CHEQUE BOOK CHARGE,D,N,Y,N
CH00000240,A0000131,170.02,2024-11-21,IMPS CHARGE,D,N,Y,N
CH00000241,A0000131,66.87,2025-05-14,IMPS CHARGE,D,N,Y,N
CH00000242,A0000132,123.69,2024-10-08,UPI REVERSAL FEE,D,N,Y,N
CH00000243,A0000132,142.8,2025-01-28,CHEQUE BOOK CHARGE,D,N,Y,N
CH00000244,A0000133,66.77,2025-05-04,SMS ALERT CHARGE,D,N,Y,N
CH00000245,A0000133,199.19,2025-07-17,ATM WITHDRAWAL FEE,D,N,Y,N
CH00000246,A0000138,10.15,2024-11-29,ATM WITHDRAWAL FEE,D,N,Y,N
CH00000247,A0000138,92.78,2024-12-10,CHEQUE BOOK CHARGE,D,N,Y,N
CH00000248,A0000138,172.92,2025-02-04,ATM WITHDRAWAL FEE,D,N,Y,N
CH00000249,A0000138,223.27,2025-03-13,IMPS CHARGE,D,N,Y,N
CH00000250,A0000138,164.81,2025-05-20,ATM WITHDRAWAL FEE,D,N,Y,N
CH00000251,A0000140,102.98,2025-08-20,ATM WITHDRAWAL FEE,D,N,Y,N
CH00000252,A0000141,72.65,2025-06-13,IMPS CHARGE,D,N,Y,N
CH00000253,A0000142,208.11,2024-10-25,IMPS CHARGE,D,N,Y,N
CH00000254,A0000144,212.72,2024-10-10,MIN BALANCE PENALTY,D,N,Y,N
CH00000255,A0000144,117.72,2025-02-15,ATM WITHDRAWAL FEE,D,N,Y,N
CH00000256,A0000146,192.68,2025-02-12,UPI REVERSAL FEE,D,N,Y,N
CH00000257,A0000146,166.87,2025-09-30,IMPS CHARGE,D,N,Y,N
CH00000258,A0000147,48.88,2024-11-15,UPI REVERSAL FEE,D,N,Y,N
CH00000259,A0000147,18.38,2025-03-06,ATM WITHDRAWAL FEE,D,N,Y,N
CH00000260,A0000147,190.03,2025-05-11,CHEQUE BOOK CHARGE,D,N,Y,N
CH00000261,A0000150,223.25,2024-11-19,ATM WITHDRAWAL FEE,D,N,Y,N
CH00000262,A0000150,65.42,2025-04-29,MIN BALANCE PENALTY,D,N,Y,N
CH00000263,A0000150,237.93,2025-09-21,MIN BALANCE PENALTY,D,N,Y,N
CH00000264,A0000151,154.35,2024-10-27,ATM WITHDRAWAL FEE,D,N,Y,N
CH00000265,A0000151,126.15,2025-05-19,UPI REVERSAL FEE,D,N,Y,N
CH00000266,A0000151,239.13,2025-07-21,IMPS CHARGE,D,N,Y,N
CH00000267,A0000152,206.44,2024-12-19,MIN BALANCE PENALTY,D,N,Y,N
CH00000268,A0000152,82.21,2025-01-26,ATM WITHDRAWAL FEE,D,N,Y,N
CH00000269,A0000152,44.02,2025-05-19,SMS ALERT CHARGE,D,N,Y,N
CH00000270,A0000152,87.67,2025-09-27,MIN BALANCE PENALTY,D,N,Y,N
CH00000271,A0000153,153.37,2025-07-12,CHEQUE BOOK CHARGE,D,N,Y,N
CH00000272,A0000153,85.7,2025-09-26,CHEQUE BOOK CHARGE,D,N,Y,N
CH00000273,A0000154,52.78,2025-01-07,SMS ALERT CHARGE,D,N,Y,N
CH00000274,A0000155,156.16,2024-10-28,MIN BALANCE PENALTY,D,N,Y,N
CH00000275,A0000156,61.71,2025-02-21,UPI REVERSAL FEE,D,N,Y,N
CH00000276,A0000156,168.38,2025-05-11,CHEQUE BOOK CHARGE,D,N,Y,N
CH00000277,A0000156,17.06,2025-06-05,CHEQUE BOOK CHARGE,D,N,Y,N
CH00000278,A0000156,125.3,2025-09-21,CHEQUE BOOK CHARGE,D,N,Y,N
CH00000279,A0000157,139.88,2024-10-22,UPI REVERSAL FEE,D,N,Y,N
CH00000280,A0000157,88.16,2025-04-05,IMPS CHARGE,D,N,Y,N
CH00000281,A0000157,154.19,2025-07-24,MIN BALANCE PENALTY,D,N,Y,N
CH00000282,A0000158,33.13,2025-07-26,SMS ALERT CHARGE,D,N,Y,N
CH00000283,A0000159,64.05,2025-04-13,ATM WITHDRAWAL FEE,D,N,Y,N
CH00000284,A0000160,209.3,2024-10-16,SMS ALERT CHARGE,D,N,Y,N
CH00000285,A0000161,89.92,2025-09-21,MIN BALANCE PENALTY,D,N,Y,N
CH00000286,A0000162,34.39,2024-11-24,UPI REVERSAL FEE,D,N,Y,N
CH00000287,A0000162,216.84,2025-05-05,IMPS CHARGE,D,N,Y,N
CH00000288,A0000164,10.8,2025-09-29,SMS ALERT CHARGE,D,N,Y,N
CH00000289,A0000165,40.65,2025-05-19,SMS ALERT CHARGE,D,N,Y,N
CH00000290,A0000166,233.32,2024-10-29,ATM WITHDRAWAL FEE,D,N,Y,N
CH00000291,A0000166,196.99,2025-09-08,SMS ALERT CHARGE,D,N,Y,N
CH00000292,A0000167,163.62,2025-03-07,UPI REVERSAL FEE,D,N,Y,N
CH00000293,A0000167,128.72,2025-07-17,CHEQUE BOOK CHARGE,D,N,Y,N
CH00000294,A0000167,74.97,2025-08-07,UPI REVERSAL FEE,D,N,Y,N
CH00000295,A0000168,185.56,2024-12-14,IMPS CHARGE,D,N,Y,N
CH00000296,A0000168,143.36,2025-09-19,UPI REVERSAL FEE,D,N,Y,N
CH00000297,A0000169,87.09,2025-04-09,MIN BALANCE PENALTY,D,N,Y,N
CH00000298,A0000169,53.43,2025-06-25,UPI REVERSAL FEE,D,N,Y,N
CH00000299,A0000169,50.87,2025-07-22,MIN BALANCE PENALTY,D,N,Y,N
CH00000300,A0000170,181.07,2024-10-27,MIN BALANCE PENALTY,D,N,Y,N
CH00000301,A0000170,107.46,2025-02-25,IMPS CHARGE,D,N,Y,N
CH00000302,A0000172,127.42,2025-04-20,IMPS CHARGE,D,N,Y,N
CH00000303,A0000174,117.67,2025-03-29,ATM WITHDRAWAL FEE,D,N,Y,N
CH00000304,A0000174,229.9,2025-08-21,IMPS CHARGE,D,N,Y,N
CH00000305,A0000175,162.82,2025-05-04,MIN BALANCE PENALTY,D,N,Y,N
CH00000306,A0000177,153.83,2025-07-22,MIN BALANCE PENALTY,D,N,Y,N
CH00000307,A0000179,118.99,2024-11-16,MIN BALANCE PENALTY,D,N,Y,N
CH00000308,A0000179,65.28,2025-02-13,MIN BALANCE PENALTY,D,N,Y,N
CH00000309,A0000179,61.56,2025-07-11,SMS ALERT CHARGE,D,N,Y,N
CH00000310,A0000180,115.21,2025-06-21,IMPS CHARGE,D,N,Y,N
CH00000311,A0000180,188.4,2025-08-08,UPI REVERSAL FEE,D,N,Y,N
CH00000312,A0000184,36.91,2025-02-19,CHEQUE BOOK CHARGE,D,N,Y,N
CH00000313,A0000184,95.54,2025-06-27,MIN BALANCE PENALTY,D,N,Y,N
CH00000314,A0000187,203.39,2025-05-09,IMPS CHARGE,D,N,Y,N
CH00000315,A0000187,57.87,2025-06-16,MIN BALANCE PENALTY,D,N,Y,N
CH00000316,A0000189,226.31,2024-11-03,SMS ALERT CHARGE,D,N,Y,N
CH00000317,A0000189,90.01,2025-06-29,CHEQUE BOOK CHARGE,D,N,Y,N
CH00000318,A0000189,138.24,2025-07-15,SMS ALERT CHARGE,D,N,Y,N
CH00000319,A0000190,39.95,2025-03-25,SMS ALERT CHARGE,D,N,Y,N
CH00000320,A0000191,29.96,2024-10-18,ATM WITHDRAWAL FEE,D,N,Y,N
CH00000321,A0000191,58.25,2025-02-06,UPI REVERSAL FEE,D,N,Y,N
CH00000322,A0000191,230.43,2025-03-15,SMS ALERT CHARGE,D,N,Y,N
CH00000323,A0000192,234.72,2025-04-17,IMPS CHARGE,D,N,Y,N
CH00000324,A0000192,131.45,2025-05-16,SMS ALERT CHARGE,D,N,Y,N
CH00000325,A0000192,229.27,2025-07-06,ATM WITHDRAWAL FEE,D,N,Y,N
CH00000326,A0000193,200.66,2024-12-20,CHEQUE BOOK CHARGE,D,N,Y,N
CH00000327,A0000193,124.05,2025-05-14,ATM WITHDRAWAL FEE,D,N,Y,N
CH00000328,A0000193,208.53,2025-08-22,CHEQUE BOOK CHARGE,D,N,Y,N
CH00000329,A0000195,85.83,2025-09-25,ATM WITHDRAWAL FEE,D,N,Y,N
CH00000330,A0000196,53.57,2025-04-20,CHEQUE BOOK CHARGE,D,N,Y,N
CH00000331,A0000196,83.38,2025-08-09,MIN BALANCE PENALTY,D,N,Y,N
CH00000332,A0000198,168.61,2025-03-05,MIN BALANCE PENALTY,D,N,Y,N
CH00000333,A0000198,64.34,2025-07-08,IMPS CHARGE,D,N,Y,N
CH00000334,A0000199,34.37,2024-10-30,IMPS CHARGE,D,N,Y,N
CH00000335,A0000199,35.77,2025-06-03,CHEQUE BOOK CHARGE,D,N,Y,N
CH00000336,A0000200,124.81,2024-12-10,MIN BALANCE PENALTY,D,N,Y,N
CH00000337,A0000200,218.65,2025-02-20,CHEQUE BOOK CHARGE,D,N,Y,N
CH00000338,A0000200,186.45,2025-06-28,CHEQUE BOOK CHARGE,D,N,Y,N
CH00000339,A0000200,100.94,2025-09-07,SMS ALERT CHARGE,D,N,Y,N
CH00000340,A0000201,204.18,2024-11-12,IMPS CHARGE,D,N,Y,N
CH00000341,A0000201,246.86,2025-03-29,SMS ALERT CHARGE,D,N,Y,N
CH00000342,A0000201,205.27,2025-08-25,SMS ALERT CHARGE,D,N,Y,N
CH00000343,A0000202,155.1,2025-07-13,MIN BALANCE PENALTY,D,N,Y,N
CH00000344,A0000203,160.99,2025-04-18,CHEQUE BOOK CHARGE,D,N,Y,N
CH00000345,A0000204,243.2,2024-11-22,MIN BALANCE PENALTY,D,N,Y,N
CH00000346,A0000205,156.3,2024-10-30,IMPS CHARGE,D,N,Y,N
CH00000347,A0000205,199.67,2024-11-12,UPI REVERSAL FEE,D,N,Y,N
CH00000348,A0000207,36.92,2025-01-30,IMPS CHARGE,D,N,Y,N
CH00000349,A0000207,142.98,2025-02-09,CHEQUE BOOK CHARGE,D,N,Y,N
CH00000350,A0000208,148.59,2024-11-23,IMPS CHARGE,D,N,Y,N
CH00000351,A0000208,209.84,2025-01-24,UPI REVERSAL FEE,D,N,Y,N
CH00000352,A0000208,91.69,2025-02-06,ATM WITHDRAWAL FEE,D,N,Y,N
CH00000353,A0000208,30.4,2025-08-09,IMPS CHARGE,D,N,Y,N
CH00000354,A0000209,169.26,2024-11-17,MIN BALANCE PENALTY,D,N,Y,N
CH00000355,A0000209,50.85,2025-05-22,MIN BALANCE PENALTY,D,N,Y,N
CH00000356,A0000209,76.46,2025-08-19,IMPS CHARGE,D,N,Y,N
CH00000357,A0000210,134.01,2024-11-06,IMPS CHARGE,D,N,Y,N
CH00000358,A0000210,235.4,2024-12-07,UPI REVERSAL FEE,D,N,Y,N
CH00000359,A0000210,183.81,2025-02-09,IMPS CHARGE,D,N,Y,N
CH00000360,A0000210,115.13,2025-04-19,IMPS CHARGE,D,N,Y,N
CH00000361,A0000210,207.73,2025-05-20,CHEQUE BOOK CHARGE,D,N,Y,N
CH00000362,A0000210,162.43,2025-06-20,IMPS CHARGE,D,N,Y,N
CH00000363,A0000210,191.02,2025-08-20,SMS ALERT CHARGE,D,N,Y,N
CH00000364,A0000210,188.06,2025-09-14,IMPS CHARGE,D,N,Y,N
CH00000365,A0000211,53.0,2025-02-27,ATM WITHDRAWAL FEE,D,N,Y,N
CH00000366,A0000211,188.85,2025-05-17,CHEQUE BOOK CHARGE,D,N,Y,N
CH00000367,A0000213,139.32,2025-07-08,UPI REVERSAL FEE,D,N,Y,N
CH00000368,A0000215,212.97,2025-03-10,ATM WITHDRAWAL FEE,D,N,Y,N
CH00000369,A0000217,43.04,2024-11-04,IMPS CHARGE,D,N,Y,N
CH00000370,A0000217,55.01,2025-01-14,IMPS CHARGE,D,N,Y,N
CH00000371,A0000217,118.44,2025-05-04,ATM WITHDRAWAL FEE,D,N,Y,N
CH00000372,A0000217,13.45,2025-06-16,MIN BALANCE PENALTY,D,N,Y,N
CH00000373,A0000220,149.34,2025-05-07,MIN BALANCE PENALTY,D,N,Y,N
CH00000374,A0000220,232.11,2025-09-22,ATM WITHDRAWAL FEE,D,N,Y,N
CH00000375,A0000221,73.81,2024-10-06,SMS ALERT CHARGE,D,N,Y,N
CH00000376,A0000221,129.12,2025-03-18,SMS ALERT CHARGE,D,N,Y,N
CH00000377,A0000221,248.78,2025-05-15,IMPS CHARGE,D,N,Y,N
CH00000378,A0000222,29.92,2025-05-28,UPI REVERSAL FEE,D,N,Y,N
CH00000379,A0000222,163.17,2025-08-25,SMS ALERT CHARGE,D,N,Y,N
CH00000380,A0000223,130.67,2024-11-14,CHEQUE BOOK CHARGE,D,N,Y,N
CH00000381,A0000223,138.73,2025-02-01,ATM WITHDRAWAL FEE,D,N,Y,N
CH00000382,A0000223,68.98,2025-09-12,CHEQUE BOOK CHARGE,D,N,Y,N
CH00000383,A0000224,139.3,2025-06-04,MIN BALANCE PENALTY,D,N,Y,N
CH00000384,A0000225,148.35,2025-05-21,ATM WITHDRAWAL FEE,D,N,Y,N
CH00000385,A0000225,200.78,2025-06-07,UPI REVERSAL FEE,D,N,Y,N
CH00000386,A0000226,241.86,2025-08-04,UPI REVERSAL FEE,D,N,Y,N
CH00000387,A0000227,161.27,2025-03-13,SMS ALERT CHARGE,D,N,Y,N
CH00000388,A0000227,35.29,2025-06-04,CHEQUE BOOK CHARGE,D,N,Y,N
CH00000389,A0000227,21.28,2025-07-13,MIN BALANCE PENALTY,D,N,Y,N
CH00000390,A0000228,144.47,2025-01-27,CHEQUE BOOK CHARGE,D,N,Y,N
CH00000391,A0000228,150.45,2025-04-17,SMS ALERT CHARGE,D,N,Y,N
CH00000392,A0000229,199.44,2024-11-04,ATM WITHDRAWAL FEE,D,N,Y,N
CH00000393,A0000229,208.97,2025-02-08,MIN BALANCE PENALTY,D,N,Y,N
CH00000394,A0000229,131.1,2025-05-08,ATM WITHDRAWAL FEE,D,N,Y,N
CH00000395,A0000229,183.26,2025-07-07,UPI REVERSAL FEE,D,N,Y,N
CH00000396,A0000230,194.51,2024-10-31,UPI REVERSAL FEE,D,N,Y,N
CH00000397,A0000230,56.84,2025-05-21,UPI REVERSAL FEE,D,N,Y,N
CH00000398,A0000230,14.79,2025-09-18,UPI REVERSAL FEE,D,N,Y,N
CH00000399,A0000231,39.25,2024-12-28,SMS ALERT CHARGE,D,N,Y,N
CH00000400,A0000231,150.28,2025-03-06,ATM WITHDRAWAL FEE,D,N,Y,N
CH00000401,A0000231,240.05,2025-06-23,IMPS CHARGE,D,N,Y,N
CH00000402,A0000231,214.68,2025-08-27,CHEQUE BOOK CHARGE,D,N,Y,N
CH00000403,A0000232,42.26,2024-10-22,MIN BALANCE PENALTY,D,N,Y,N
CH00000404,A0000232,39.1,2025-07-20,UPI REVERSAL FEE,D,N,Y,N
CH00000405,A0000232,20.14,2025-09-17,ATM WITHDRAWAL FEE,D,N,Y,N
CH00000406,A0000233,137.47,2024-10-09,IMPS CHARGE,D,N,Y,N
CH00000407,A0000233,34.26,2025-02-03,IMPS CHARGE,D,N,Y,N
CH00000408,A0000234,39.52,2025-01-09,MIN BALANCE PENALTY,D,N,Y,N
CH00000409,A0000234,24.64,2025-05-21,SMS ALERT CHARGE,D,N,Y,N
CH00000410,A0000234,60.92,2025-09-21,CHEQUE BOOK CHARGE,D,N,Y,N
CH00000411,A0000235,106.11,2025-08-25,MIN BALANCE PENALTY,D,N,Y,N
CH00000412,A0000236,200.82,2024-10-09,IMPS CHARGE,D,N,Y,N
CH00000413,A0000236,59.35,2025-01-16,CHEQUE BOOK CHARGE,D,N,Y,N
CH00000414,A0000236,229.6,2025-05-27,ATM WITHDRAWAL FEE,D,N,Y,N
CH00000415,A0000237,175.65,2024-11-24,IMPS CHARGE,D,N,Y,N
CH00000416,A0000237,153.9,2025-05-08,IMPS CHARGE,D,N,Y,N
CH00000417,A0000237,60.16,2025-09-23,SMS ALERT CHARGE,D,N,Y,N
CH00000418,A0000238,158.48,2024-12-06,UPI REVERSAL FEE,D,N,Y,N
CH00000419,A0000239,160.39,2025-09-30,IMPS CHARGE,D,N,Y,N
CH00000420,A0000240,244.1,2025-05-21,CHEQUE BOOK CHARGE,D,N,Y,N
CH00000421,A0000240,98.01,2025-06-28,MIN BALANCE PENALTY,D,N,Y,N
CH00000422,A0000240,169.76,2025-08-17,ATM WITHDRAWAL FEE,D,N,Y,N
CH00000423,A0000240,90.23,2025-09-10,CHEQUE BOOK CHARGE,D,N,Y,N
CH00000424,A0000241,100.14,2024-10-05,IMPS CHARGE,D,N,Y,N
CH00000425,A0000241,146.34,2024-11-15,MIN BALANCE PENALTY,D,N,Y,N
CH00000426,A0000241,199.56,2024-12-20,ATM WITHDRAWAL FEE,D,N,Y,N
CH00000427,A0000241,101.16,2025-03-28,SMS ALERT CHARGE,D,N,Y,N
CH00000428,A0000241,239.56,2025-04-18,IMPS CHARGE,D,N,Y,N
CH00000429,A0000241,168.41,2025-06-29,IMPS CHARGE,D,N,Y,N
CH00000430,A0000241,123.17,2025-08-24,SMS ALERT CHARGE,D,N,Y,N
CH00000431,A0000241,16.76,2025-09-16,SMS ALERT CHARGE,D,N,Y,N
CH00000432,A0000245,152.68,2025-08-14,UPI REVERSAL FEE,D,N,Y,N
CH00000433,A0000246,108.37,2024-11-18,MIN BALANCE PENALTY,D,N,Y,N
CH00000434,A0000246,80.8,2025-04-23,IMPS CHARGE,D,N,Y,N
CH00000435,A0000247,100.65,2024-12-29,MIN BALANCE PENALTY,D,N,Y,N
CH00000436,A0000247,26.49,2025-01-23,UPI REVERSAL FEE,D,N,Y,N
CH00000437,A0000247,108.93,2025-03-10,ATM WITHDRAWAL FEE,D,N,Y,N
CH00000438,A0000248,159.63,2025-02-25,UPI REVERSAL FEE,D,N,Y,N
CH00000439,A0000248,240.14,2025-06-16,MIN BALANCE PENALTY,D,N,Y,N
CH00000440,A0000248,223.99,2025-07-11,MIN BALANCE PENALTY,D,N,Y,N
CH00000441,A0000248,219.33,2025-09-13,UPI REVERSAL FEE,D,N,Y,N
CH00000442,A0000249,108.3,2025-08-22,MIN BALANCE PENALTY,D,N,Y,N
CH00000443,A0000250,244.08,2024-10-30,ATM WITHDRAWAL FEE,D,N,Y,N
CH00000444,A0000250,55.34,2024-11-29,IMPS CHARGE,D,N,Y,N
CH00000445,A0000250,10.29,2025-04-13,CHEQUE BOOK CHARGE,D,N,Y,N
CH00000446,A0000252,11.99,2024-12-25,SMS ALERT CHARGE,D,N,Y,N
CH00000447,A0000253,110.73,2024-10-16,CHEQUE BOOK CHARGE,D,N,Y,N
CH00000448,A0000253,234.07,2025-01-27,IMPS CHARGE,D,N,Y,N
CH00000449,A0000253,34.59,2025-02-01,UPI REVERSAL FEE,D,N,Y,N
CH00000450,A0000253,172.34,2025-06-22,CHEQUE BOOK CHARGE,D,N,Y,N
CH00000451,A0000256,136.93,2025-03-28,IMPS CHARGE,D,N,Y,N
CH00000452,A0000256,152.07,2025-05-24,SMS ALERT CHARGE,D,N,Y,N
CH00000453,A0000257,148.08,2024-11-30,IMPS CHARGE,D,N,Y,N
CH00000454,A0000257,20.78,2025-06-05,CHEQUE BOOK CHARGE,D,N,Y,N
CH00000455,A0000259,72.43,2025-02-16,UPI REVERSAL FEE,D,N,Y,N
CH00000456,A0000262,155.63,2025-01-04,UPI REVERSAL FEE,D,N,Y,N
CH00000457,A0000262,146.72,2025-06-30,SMS ALERT CHARGE,D,N,Y,N
CH00000458,A0000263,138.78,2024-10-15,MIN BALANCE PENALTY,D,N,Y,N
CH00000459,A0000263,132.2,2025-09-11,MIN BALANCE PENALTY,D,N,Y,N
CH00000460,A0000264,86.78,2024-12-04,MIN BALANCE PENALTY,D,N,Y,N
CH00000461,A0000264,215.36,2025-02-25,SMS ALERT CHARGE,D,N,Y,N
CH00000462,A0000264,209.54,2025-05-05,MIN BALANCE PENALTY,D,N,Y,N
CH00000463,A0000264,189.67,2025-06-13,CHEQUE BOOK CHARGE,D,N,Y,N
CH00000464,A0000266,213.01,2025-01-27,ATM WITHDRAWAL FEE,D,N,Y,N
CH00000465,A0000266,73.81,2025-05-17,SMS ALERT CHARGE,D,N,Y,N
CH00000466,A0000266,164.03,2025-07-31,CHEQUE BOOK CHARGE,D,N,Y,N
CH00000467,A0000267,142.67,2025-01-06,IMPS CHARGE,D,N,Y,N
CH00000468,A0000268,199.32,2024-11-27,CHEQUE BOOK CHARGE,D,N,Y,N
CH00000469,A0000272,209.7,2025-01-05,MIN BALANCE PENALTY,D,N,Y,N
CH00000470,A0000273,183.0,2025-08-07,ATM WITHDRAWAL FEE,D,N,Y,N
CH00000471,A0000274,83.22,2024-12-25,SMS ALERT CHARGE,D,N,Y,N
CH00000472,A0000274,130.93,2025-09-12,IMPS CHARGE,D,N,Y,N
CH00000473,A0000275,131.74,2025-08-29,SMS ALERT CHARGE,D,N,Y,N
CH00000474,A0000278,122.77,2024-11-13,UPI REVERSAL FEE,D,N,Y,N
CH00000475,A0000278,96.19,2025-04-07,IMPS CHARGE,D,N,Y,N
CH00000476,A0000278,185.75,2025-05-24,SMS ALERT CHARGE,D,N,Y,N
CH00000477,A0000279,78.15,2025-02-16,CHEQUE BOOK CHARGE,D,N,Y,N
CH00000478,A0000280,13.34,2025-01-17,MIN BALANCE PENALTY,D,N,Y,N
CH00000479,A0000280,65.81,2025-05-28,ATM WITHDRAWAL FEE,D,N,Y,N
CH00000480,A0000281,12.99,2024-10-12,ATM WITHDRAWAL FEE,D,N,Y,N
CH00000481,A0000281,56.32,2025-07-20,UPI REVERSAL FEE,D,N,Y,N
CH00000482,A0000285,110.59,2025-06-03,ATM WITHDRAWAL FEE,D,N,Y,N
CH00000483,A0000285,140.79,2025-09-25,CHEQUE BOOK CHARGE,D,N,Y,N
CH00000484,A0000286,93.68,2024-11-26,SMS ALERT CHARGE,D,N,Y,N
CH00000485,A0000286,231.72,2025-03-30,ATM WITHDRAWAL FEE,D,N,Y,N
CH00000486,A0000286,213.37,2025-09-10,SMS ALERT CHARGE,D,N,Y,N
CH00000487,A0000288,156.69,2025-03-29,UPI REVERSAL FEE,D,N,Y,N
CH00000488,A0000289,95.46,2024-11-10,CHEQUE BOOK CHARGE,D,N,Y,N
CH00000489,A0000289,11.76,2025-05-27,MIN BALANCE PENALTY,D,N,Y,N
CH00000490,A0000289,14.72,2025-06-28,UPI REVERSAL FEE,D,N,Y,N
CH00000491,A0000289,128.74,2025-07-09,IMPS CHARGE,D,N,Y,N
CH00000492,A0000289,179.0,2025-09-04,ATM WITHDRAWAL FEE,D,N,Y,N
CH00000493,A0000294,61.62,2024-12-13,MIN BALANCE PENALTY,D,N,Y,N
CH00000494,A0000294,249.48,2025-03-20,SMS ALERT CHARGE,D,N,Y,N
CH00000495,A0000294,142.2,2025-05-05,ATM WITHDRAWAL FEE,D,N,Y,N
CH00000496,A0000294,159.13,2025-07-30,UPI REVERSAL FEE,D,N,Y,N
CH00000497,A0000295,84.3,2025-04-11,UPI REVERSAL FEE,D,N,Y,N
CH00000498,A0000295,44.61,2025-05-27,MIN BALANCE PENALTY,D,N,Y,N
CH00000499,A0000295,238.51,2025-08-14,ATM WITHDRAWAL FEE,D,N,Y,N
CH00000500,A0000296,185.25,2025-02-10,IMPS CHARGE,D,N,Y,N
CH00000501,A0000297,46.25,2025-06-15,CHEQUE BOOK CHARGE,D,N,Y,N
CH00000502,A0000298,217.73,2025-01-23,IMPS CHARGE,D,N,Y,N
CH00000503,A0000298,59.12,2025-03-18,SMS ALERT CHARGE,D,N,Y,N
CH00000504,A0000298,28.75,2025-04-19,CHEQUE BOOK CHARGE,D,N,Y,N
CH00000505,A0000298,81.65,2025-07-05,SMS ALERT CHARGE,D,N,Y,N
CH00000506,A0000298,79.51,2025-09-25,MIN BALANCE PENALTY,D,N,Y,N
CH00000507,A0000300,223.62,2025-01-05,UPI REVERSAL FEE,D,N,Y,N
CH00000508,A0000300,61.36,2025-09-09,CHEQUE BOOK CHARGE,D,N,Y,N
CH00000509,A0000302,35.89,2025-04-27,IMPS CHARGE,D,N,Y,N
CH00000510,A0000302,18.51,2025-09-29,MIN BALANCE PENALTY,D,N,Y,N
CH00000511,A0000303,136.2,2024-11-18,ATM WITHDRAWAL FEE,D,N,Y,N
CH00000512,A0000303,101.56,2024-12-09,ATM WITHDRAWAL FEE,D,N,Y,N
CH00000513,A0000303,12.88,2025-02-13,IMPS CHARGE,D,N,Y,N
CH00000514,A0000303,117.68,2025-04-18,UPI REVERSAL FEE,D,N,Y,N
CH00000515,A0000303,23.46,2025-05-26,SMS ALERT CHARGE,D,N,Y,N
CH00000516,A0000303,18.44,2025-06-06,IMPS CHARGE,D,N,Y,N
CH00000517,A0000303,197.06,2025-08-21,SMS ALERT CHARGE,D,N,Y,N
CH00000518,A0000304,224.38,2024-11-18,CHEQUE BOOK CHARGE,D,N,Y,N
CH00000519,A0000304,42.53,2025-09-07,IMPS CHARGE,D,N,Y,N
CH00000520,A0000305,57.18,2024-12-20,IMPS CHARGE,D,N,Y,N
CH00000521,A0000305,17.48,2025-06-12,MIN BALANCE PENALTY,D,N,Y,N
CH00000522,A0000305,124.19,2025-08-17,MIN BALANCE PENALTY,D,N,Y,N
CH00000523,A0000306,24.38,2025-03-31,CHEQUE BOOK CHARGE,D,N,Y,N
CH00000524,A0000308,42.77,2025-06-23,IMPS CHARGE,D,N,Y,N
CH00000525,A0000308,16.24,2025-09-30,CHEQUE BOOK CHARGE,D,N,Y,N
CH00000526,A0000309,157.68,2025-01-25,ATM WITHDRAWAL FEE,D,N,Y,N
CH00000527,A0000309,190.63,2025-02-22,ATM WITHDRAWAL FEE,D,N,Y,N
CH00000528,A0000309,118.35,2025-04-10,SMS ALERT CHARGE,D,N,Y,N
CH00000529,A0000310,36.2,2024-12-29,IMPS CHARGE,D,N,Y,N
CH00000530,A0000310,101.36,2025-01-05,ATM WITHDRAWAL FEE,D,N,Y,N
CH00000531,A0000310,132.24,2025-05-08,ATM WITHDRAWAL FEE,D,N,Y,N
CH00000532,A0000311,103.56,2025-07-11,SMS ALERT CHARGE,D,N,Y,N
CH00000533,A0000312,38.79,2024-12-26,MIN BALANCE PENALTY,D,N,Y,N
CH00000534,A0000313,218.83,2024-12-21,UPI REVERSAL FEE,D,N,Y,N
CH00000535,A0000313,77.04,2025-01-07,CHEQUE BOOK CHARGE,D,N,Y,N
CH00000536,A0000313,36.85,2025-04-05,CHEQUE BOOK CHARGE,D,N,Y,N
CH00000537,A0000313,146.68,2025-06-27,IMPS CHARGE,D,N,Y,N
CH00000538,A0000313,248.27,2025-09-05,ATM WITHDRAWAL FEE,D,N,Y,N
CH00000539,A0000314,210.22,2025-03-16,CHEQUE BOOK CHARGE,D,N,Y,N
CH00000540,A0000315,83.53,2025-01-23,CHEQUE BOOK CHARGE,D,N,Y,N
CH00000541,A0000315,245.98,2025-07-30,SMS ALERT CHARGE,D,N,Y,N
CH00000542,A0000316,64.14,2025-03-05,MIN BALANCE PENALTY,D,N,Y,N
CH00000543,A0000318,215.64,2024-12-22,SMS ALERT CHARGE,D,N,Y,N
CH00000544,A0000321,96.53,2024-11-25,ATM WITHDRAWAL FEE,D,N,Y,N
CH00000545,A0000321,105.35,2025-09-10,SMS ALERT CHARGE,D,N,Y,N
CH00000546,A0000322,53.46,2024-10-21,IMPS CHARGE,D,N,Y,N
CH00000547,A0000322,191.28,2025-03-23,SMS ALERT CHARGE,D,N,Y,N
CH00000548,A0000322,229.33,2025-06-07,UPI REVERSAL FEE,D,N,Y,N
CH00000549,A0000323,14.08,2024-10-08,MIN BALANCE PENALTY,D,N,Y,N
CH00000550,A0000323,188.06,2024-12-22,CHEQUE BOOK CHARGE,D,N,Y,N
CH00000551,A0000323,212.22,2025-01-06,SMS ALERT CHARGE,D,N,Y,N
CH00000552,A0000323,158.09,2025-05-19,SMS ALERT CHARGE,D,N,Y,N
CH00000553,A0000323,53.83,2025-09-09,UPI REVERSAL FEE,D,N,Y,N
CH00000554,A0000324,94.75,2025-07-11,ATM WITHDRAWAL FEE,D,N,Y,N
CH00000555,A0000324,231.51,2025-08-24,CHEQUE BOOK CHARGE,D,N,Y,N
CH00000556,A0000324,28.94,2025-09-17,CHEQUE BOOK CHARGE,D,N,Y,N
CH00000557,A0000325,206.4,2025-06-11,UPI REVERSAL FEE,D,N,Y,N
CH00000558,A0000325,15.79,2025-07-14,UPI REVERSAL FEE,D,N,Y,N
CH00000559,A0000325,74.88,2025-08-27,MIN BALANCE PENALTY,D,N,Y,N
CH00000560,A0000326,176.09,2025-06-04,IMPS CHARGE,D,N,Y,N
CH00000561,A0000327,94.18,2025-02-11,CHEQUE BOOK CHARGE,D,N,Y,N
CH00000562,A0000327,41.54,2025-05-30,ATM WITHDRAWAL FEE,D,N,Y,N
CH00000563,A0000327,170.18,2025-08-13,MIN BALANCE PENALTY,D,N,Y,N
CH00000564,A0000328,149.55,2025-01-14,ATM WITHDRAWAL FEE,D,N,Y,N
CH00000565,A0000328,203.3,2025-05-26,IMPS CHARGE,D,N,Y,N
CH00000566,A0000329,248.41,2025-05-19,UPI REVERSAL FEE,D,N,Y,N
CH00000567,A0000329,185.8,2025-07-22,IMPS CHARGE,D,N,Y,N
CH00000568,A0000329,71.27,2025-09-17,IMPS CHARGE,D,N,Y,N
CH00000569,A0000330,199.88,2024-12-18,IMPS CHARGE,D,N,Y,N
CH00000570,A0000330,111.11,2025-02-07,SMS ALERT CHARGE,D,N,Y,N
CH00000571,A0000331,101.05,2024-12-17,ATM WITHDRAWAL FEE,D,N,Y,N
CH00000572,A0000331,130.05,2025-01-31,MIN BALANCE PENALTY,D,N,Y,N
CH00000573,A0000331,119.48,2025-02-19,ATM WITHDRAWAL FEE,D,N,Y,N
CH00000574,A0000331,189.81,2025-05-15,CHEQUE BOOK CHARGE,D,N,Y,N
CH00000575,A0000331,167.76,2025-08-05,ATM WITHDRAWAL FEE,D,N,Y,N
CH00000576,A0000336,36.29,2024-12-13,ATM WITHDRAWAL FEE,D,N,Y,N
CH00000577,A0000337,79.98,2025-02-13,IMPS CHARGE,D,N,Y,N
CH00000578,A0000338,30.58,2024-12-27,MIN BALANCE PENALTY,D,N,Y,N
CH00000579,A0000338,22.08,2025-06-29,IMPS CHARGE,D,N,Y,N
CH00000580,A0000338,184.26,2025-08-08,IMPS CHARGE,D,N,Y,N
CH00000581,A0000340,194.45,2025-06-04,SMS ALERT CHARGE,D,N,Y,N
CH00000582,A0000341,155.9,2024-10-19,UPI REVERSAL FEE,D,N,Y,N
CH00000583,A0000341,40.69,2025-05-11,SMS ALERT CHARGE,D,N,Y,N
CH00000584,A0000341,88.25,2025-07-06,SMS ALERT CHARGE,D,N,Y,N
CH00000585,A0000341,139.68,2025-09-22,IMPS CHARGE,D,N,Y,N
CH00000586,A0000342,74.9,2024-11-17,ATM WITHDRAWAL FEE,D,N,Y,N
CH00000587,A0000342,47.85,2024-12-15,SMS ALERT CHARGE,D,N,Y,N
CH00000588,A0000342,241.71,2025-02-10,CHEQUE BOOK CHARGE,D,N,Y,N
CH00000589,A0000343,75.84,2024-10-21,SMS ALERT CHARGE,D,N,Y,N
CH00000590,A0000343,181.46,2024-12-27,ATM WITHDRAWAL FEE,D,N,Y,N
CH00000591,A0000344,25.82,2024-10-26,SMS ALERT CHARGE,D,N,Y,N
CH00000592,A0000345,188.44,2025-01-25,CHEQUE BOOK CHARGE,D,N,Y,N
CH00000593,A0000345,235.31,2025-06-09,SMS ALERT CHARGE,D,N,Y,N
CH00000594,A0000345,13.49,2025-09-03,MIN BALANCE PENALTY,D,N,Y,N
CH00000595,A0000346,220.88,2024-11-30,SMS ALERT CHARGE,D,N,Y,N
CH00000596,A0000346,24.63,2025-03-31,ATM WITHDRAWAL FEE,D,N,Y,N
CH00000597,A0000347,134.56,2024-10-14,SMS ALERT CHARGE,D,N,Y,N
CH00000598,A0000347,80.01,2024-11-05,UPI REVERSAL FEE,D,N,Y,N
CH00000599,A0000347,118.82,2025-04-18,IMPS CHARGE,D,N,Y,N
CH00000600,A0000348,156.92,2024-12-28,ATM WITHDRAWAL FEE,D,N,Y,N
CH00000601,A0000348,135.06,2025-02-12,IMPS CHARGE,D,N,Y,N
CH00000602,A0000348,39.12,2025-03-29,ATM WITHDRAWAL FEE,D,N,Y,N
CH00000603,A0000348,201.6,2025-04-18,ATM WITHDRAWAL FEE,D,N,Y,N
CH00000604,A0000348,239.19,2025-05-13,ATM WITHDRAWAL FEE,D,N,Y,N
CH00000605,A0000349,146.25,2024-10-19,UPI REVERSAL FEE,D,N,Y,N
CH00000606,A0000349,46.54,2024-12-11,SMS ALERT CHARGE,D,N,Y,N
CH00000607,A0000349,174.52,2025-01-27,SMS ALERT CHARGE,D,N,Y,N
CH00000608,A0000349,188.12,2025-02-14,IMPS CHARGE,D,N,Y,N
CH00000609,A0000349,137.66,2025-04-09,IMPS CHARGE,D,N,Y,N
CH00000610,A0000350,120.36,2024-11-07,UPI REVERSAL FEE,D,N,Y,N
CH00000611,A0000350,20.74,2025-06-11,ATM WITHDRAWAL FEE,D,N,Y,N
CH00000612,A0000353,200.84,2025-01-14,MIN BALANCE PENALTY,D,N,Y,N
CH00000613,A0000353,140.4,2025-02-19,ATM WITHDRAWAL FEE,D,N,Y,N
CH00000614,A0000354,217.98,2024-10-04,IMPS CHARGE,D,N,Y,N
CH00000615,A0000354,125.21,2025-06-17,MIN BALANCE PENALTY,D,N,Y,N
CH00000616,A0000354,68.79,2025-08-19,ATM WITHDRAWAL FEE,D,N,Y,N
CH00000617,A0000355,231.13,2024-12-31,IMPS CHARGE,D,N,Y,N
CH00000618,A0000355,76.56,2025-03-15,SMS ALERT CHARGE,D,N,Y,N
CH00000619,A0000355,114.29,2025-09-23,ATM WITHDRAWAL FEE,D,N,Y,N
CH00000620,A0000357,210.41,2024-10-08,CHEQUE BOOK CHARGE,D,N,Y,N
CH00000621,A0000358,233.1,2025-04-28,IMPS CHARGE,D,N,Y,N
CH00000622,A0000360,86.4,2025-02-26,UPI REVERSAL FEE,D,N,Y,N
CH00000623,A0000360,143.27,2025-07-12,MIN BALANCE PENALTY,D,N,Y,N
CH00000624,A0000361,72.19,2024-11-08,IMPS CHARGE,D,N,Y,N
CH00000625,A0000361,192.22,2025-01-27,MIN BALANCE PENALTY,D,N,Y,N
CH00000626,A0000362,243.47,2024-11-26,SMS ALERT CHARGE,D,N,Y,N
CH00000627,A0000362,72.35,2025-06-10,UPI REVERSAL FEE,D,N,Y,N
CH00000628,A0000363,26.42,2025-03-31,SMS ALERT CHARGE,D,N,Y,N
CH00000629,A0000363,193.03,2025-05-21,MIN BALANCE PENALTY,D,N,Y,N
CH00000630,A0000363,108.67,2025-06-17,CHEQUE BOOK CHARGE,D,N,Y,N
CH00000631,A0000364,100.01,2024-11-20,IMPS CHARGE,D,N,Y,N
CH00000632,A0000364,153.34,2025-01-12,MIN BALANCE PENALTY,D,N,Y,N
CH00000633,A0000366,223.74,2025-03-13,MIN BALANCE PENALTY,D,N,Y,N
CH00000634,A0000366,107.06,2025-04-03,CHEQUE BOOK CHARGE,D,N,Y,N
CH00000635,A0000366,181.87,2025-07-27,ATM WITHDRAWAL FEE,D,N,Y,N
CH00000636,A0000367,142.13,2024-11-29,MIN BALANCE PENALTY,D,N,Y,N
CH00000637,A0000367,183.04,2025-08-11,SMS ALERT CHARGE,D,N,Y,N
CH00000638,A0000369,194.8,2025-05-09,ATM WITHDRAWAL FEE,D,N,Y,N
CH00000639,A0000369,131.68,2025-06-08,SMS ALERT CHARGE,D,N,Y,N
CH00000640,A0000370,63.4,2025-02-08,CHEQUE BOOK CHARGE,D,N,Y,N
CH00000641,A0000371,231.39,2024-12-12,MIN BALANCE PENALTY,D,N,Y,N
CH00000642,A0000373,45.83,2025-02-28,CHEQUE BOOK CHARGE,D,N,Y,N
CH00000643,A0000376,18.08,2024-10-27,MIN BALANCE PENALTY,D,N,Y,N
CH00000644,A0000376,222.94,2025-04-14,CHEQUE BOOK CHARGE,D,N,Y,N
CH00000645,A0000376,175.32,2025-06-22,SMS ALERT CHARGE,D,N,Y,N
CH00000646,A0000376,64.58,2025-08-17,MIN BALANCE PENALTY,D,N,Y,N
CH00000647,A0000382,243.03,2025-01-11,CHEQUE BOOK CHARGE,D,N,Y,N
CH00000648,A0000382,48.34,2025-03-22,SMS ALERT CHARGE,D,N,Y,N
CH00000649,A0000383,248.98,2024-11-19,ATM WITHDRAWAL FEE,D,N,Y,N
CH00000650,A0000383,80.72,2025-01-31,SMS ALERT CHARGE,D,N,Y,N
CH00000651,A0000383,32.73,2025-04-11,IMPS CHARGE,D,N,Y,N
CH00000652,A0000383,142.4,2025-05-27,MIN BALANCE PENALTY,D,N,Y,N
CH00000653,A0000383,141.75,2025-06-27,UPI REVERSAL FEE,D,N,Y,N
CH00000654,A0000384,235.18,2025-09-17,UPI REVERSAL FEE,D,N,Y,N
CH00000655,A0000385,198.71,2024-10-26,MIN BALANCE PENALTY,D,N,Y,N
CH00000656,A0000385,145.47,2025-02-17,MIN BALANCE PENALTY,D,N,Y,N
CH00000657,A0000385,217.91,2025-04-09,CHEQUE BOOK CHARGE,D,N,Y,N
CH00000658,A0000385,222.01,2025-07-28,ATM WITHDRAWAL FEE,D,N,Y,N
CH00000659,A0000385,154.39,2025-09-16,SMS ALERT CHARGE,D,N,Y,N
CH00000660,A0000386,73.48,2025-03-30,CHEQUE BOOK CHARGE,D,N,Y,N
CH00000661,A0000386,22.91,2025-07-31,SMS ALERT CHARGE,D,N,Y,N
CH00000662,A0000386,68.15,2025-08-14,SMS ALERT CHARGE,D,N,Y,N
CH00000663,A0000386,30.8,2025-09-16,ATM WITHDRAWAL FEE,D,N,Y,N
CH00000664,A0000387,220.95,2024-11-07,SMS ALERT CHARGE,D,N,Y,N
CH00000665,A0000387,246.07,2025-01-25,SMS ALERT CHARGE,D,N,Y,N
CH00000666,A0000387,186.4,2025-07-13,UPI REVERSAL FEE,D,N,Y,N
CH00000667,A0000388,26.47,2024-10-18,ATM WITHDRAWAL FEE,D,N,Y,N
CH00000668,A0000388,17.05,2025-06-26,MIN BALANCE PENALTY,D,N,Y,N
CH00000669,A0000389,181.68,2025-03-14,ATM WITHDRAWAL FEE,D,N,Y,N
CH00000670,A0000389,186.5,2025-08-16,CHEQUE BOOK CHARGE,D,N,Y,N
CH00000671,A0000390,88.02,2025-01-07,UPI REVERSAL FEE,D,N,Y,N
CH00000672,A0000390,72.05,2025-07-07,CHEQUE BOOK CHARGE,D,N,Y,N
CH00000673,A0000391,21.04,2024-10-08,MIN BALANCE PENALTY,D,N,Y,N
CH00000674,A0000391,52.65,2024-12-11,SMS ALERT CHARGE,D,N,Y,N
CH00000675,A0000392,110.55,2025-01-17,SMS ALERT CHARGE,D,N,Y,N
CH00000676,A0000392,162.16,2025-03-04,CHEQUE BOOK CHARGE,D,N,Y,N
CH00000677,A0000392,241.93,2025-05-05,ATM WITHDRAWAL FEE,D,N,Y,N
CH00000678,A0000393,31.15,2024-12-12,SMS ALERT CHARGE,D,N,Y,N
CH00000679,A0000394,97.83,2024-12-31,UPI REVERSAL FEE,D,N,Y,N
CH00000680,A0000394,201.65,2025-01-08,SMS ALERT CHARGE,D,N,Y,N
CH00000681,A0000394,84.19,2025-02-05,SMS ALERT CHARGE,D,N,Y,N
CH00000682,A0000394,66.37,2025-03-23,IMPS CHARGE,D,N,Y,N
CH00000683,A0000394,29.94,2025-04-17,CHEQUE BOOK CHARGE,D,N,Y,N
CH00000684,A0000395,50.58,2024-10-14,MIN BALANCE PENALTY,D,N,Y,N
CH00000685,A0000396,34.37,2025-03-07,UPI REVERSAL FEE,D,N,Y,N
CH00000686,A0000396,208.25,2025-06-26,UPI REVERSAL FEE,D,N,Y,N
CH00000687,A0000397,104.62,2024-10-26,ATM WITHDRAWAL FEE,D,N,Y,N
CH00000688,A0000397,104.08,2025-07-15,CHEQUE BOOK CHARGE,D,N,Y,N
CH00000689,A0000398,204.22,2024-12-09,MIN BALANCE PENALTY,D,N,Y,N
CH00000690,A0000398,197.96,2025-05-09,SMS ALERT CHARGE,D,N,Y,N
CH00000691,A0000401,41.21,2024-11-03,ATM WITHDRAWAL FEE,D,N,Y,N
CH00000692,A0000401,221.04,2025-03-12,CHEQUE BOOK CHARGE,D,N,Y,N
CH00000693,A0000401,140.99,2025-05-04,IMPS CHARGE,D,N,Y,N
CH00000694,A0000402,212.63,2025-04-03,IMPS CHARGE,D,N,Y,N
CH00000695,A0000402,123.59,2025-06-21,ATM WITHDRAWAL FEE,D,N,Y,N
CH00000696,A0000403,48.31,2024-11-09,ATM WITHDRAWAL FEE,D,N,Y,N
CH00000697,A0000404,59.85,2024-10-11,ATM WITHDRAWAL FEE,D,N,Y,N
CH00000698,A0000404,109.07,2025-03-30,ATM WITHDRAWAL FEE,D,N,Y,N
CH00000699,A0000405,132.46,2024-11-05,IMPS CHARGE,D,N,Y,N
CH00000700,A0000405,126.01,2025-01-13,MIN BALANCE PENALTY,D,N,Y,N
CH00000701,A0000406,40.13,2024-10-27,MIN BALANCE PENALTY,D,N,Y,N
CH00000702,A0000406,75.25,2025-05-04,SMS ALERT CHARGE,D,N,Y,N
CH00000703,A0000407,22.88,2024-12-22,UPI REVERSAL FEE,D,N,Y,N
CH00000704,A0000407,220.89,2025-04-17,CHEQUE BOOK CHARGE,D,N,Y,N
CH00000705,A0000407,46.57,2025-08-14,ATM WITHDRAWAL FEE,D,N,Y,N
CH00000706,A0000408,30.85,2024-10-27,UPI REVERSAL FEE,D,N,Y,N
CH00000707,A0000408,212.43,2025-03-18,IMPS CHARGE,D,N,Y,N
CH00000708,A0000410,190.29,2024-12-08,SMS ALERT CHARGE,D,N,Y,N
CH00000709,A0000411,71.63,2025-01-20,SMS ALERT CHARGE,D,N,Y,N
CH00000710,A0000411,242.78,2025-06-30,UPI REVERSAL FEE,D,N,Y,N
CH00000711,A0000412,76.34,2024-10-09,MIN BALANCE PENALTY,D,N,Y,N
CH00000712,A0000412,206.41,2025-03-11,ATM WITHDRAWAL FEE,D,N,Y,N
CH00000713,A0000412,170.94,2025-04-27,IMPS CHARGE,D,N,Y,N
CH00000714,A0000412,195.79,2025-05-16,IMPS CHARGE,D,N,Y,N
CH00000715,A0000413,29.27,2024-11-13,SMS ALERT CHARGE,D,N,Y,N
CH00000716,A0000413,69.78,2025-01-17,UPI REVERSAL FEE,D,N,Y,N
CH00000717,A0000414,66.04,2024-12-18,SMS ALERT CHARGE,D,N,Y,N
CH00000718,A0000414,172.52,2025-02-18,MIN BALANCE PENALTY,D,N,Y,N
CH00000719,A0000414,219.86,2025-09-14,IMPS CHARGE,D,N,Y,N
CH00000720,A0000415,52.9,2025-04-05,ATM WITHDRAWAL FEE,D,N,Y,N
CH00000721,A0000416,134.04,2024-12-15,IMPS CHARGE,D,N,Y,N
CH00000722,A0000417,110.75,2025-03-06,ATM WITHDRAWAL FEE,D,N,Y,N
CH00000723,A0000418,107.24,2025-03-19,ATM WITHDRAWAL FEE,D,N,Y,N
CH00000724,A0000418,213.22,2025-07-20,ATM WITHDRAWAL FEE,D,N,Y,N
CH00000725,A0000419,53.62,2024-11-29,SMS ALERT CHARGE,D,N,Y,N
CH00000726,A0000419,220.76,2025-01-05,MIN BALANCE PENALTY,D,N,Y,N
CH00000727,A0000419,167.56,2025-07-25,MIN BALANCE PENALTY,D,N,Y,N
CH00000728,A0000423,202.52,2025-07-29,SMS ALERT CHARGE,D,N,Y,N
CH00000729,A0000424,217.17,2025-07-24,ATM WITHDRAWAL FEE,D,N,Y,N
CH00000730,A0000426,106.35,2025-01-09,MIN BALANCE PENALTY,D,N,Y,N
CH00000731,A0000426,188.55,2025-02-09,IMPS CHARGE,D,N,Y,N
CH00000732,A0000426,11.01,2025-04-17,SMS ALERT CHARGE,D,N,Y,N
CH00000733,A0000426,44.15,2025-05-16,UPI REVERSAL FEE,D,N,Y,N
CH00000734,A0000426,164.05,2025-06-07,IMPS CHARGE,D,N,Y,N
CH00000735,A0000426,22.69,2025-08-19,ATM WITHDRAWAL FEE,D,N,Y,N
CH00000736,A0000426,49.16,2025-09-24,UPI REVERSAL FEE,D,N,Y,N
CH00000737,A0000427,35.21,2024-11-24,CHEQUE BOOK CHARGE,D,N,Y,N
CH00000738,A0000428,208.74,2025-08-14,IMPS CHARGE,D,N,Y,N
CH00000739,A0000429,228.98,2024-10-12,ATM WITHDRAWAL FEE,D,N,Y,N
CH00000740,A0000431,31.47,2025-01-29,MIN BALANCE PENALTY,D,N,Y,N
CH00000741,A0000432,235.21,2025-02-27,SMS ALERT CHARGE,D,N,Y,N
CH00000742,A0000435,230.56,2025-04-21,CHEQUE BOOK CHARGE,D,N,Y,N
CH00000743,A0000436,38.03,2024-12-05,ATM WITHDRAWAL FEE,D,N,Y,N
CH00000744,A0000436,175.57,2025-02-04,UPI REVERSAL FEE,D,N,Y,N
CH00000745,A0000437,151.53,2025-04-27,CHEQUE BOOK CHARGE,D,N,Y,N
CH00000746,A0000438,166.54,2025-01-07,CHEQUE BOOK CHARGE,D,N,Y,N
CH00000747,A0000440,197.36,2025-07-30,ATM WITHDRAWAL FEE,D,N,Y,N
CH00000748,A0000442,191.84,2024-10-11,SMS ALERT CHARGE,D,N,Y,N
CH00000749,A0000442,247.05,2025-01-07,MIN BALANCE PENALTY,D,N,Y,N
CH00000750,A0000443,181.67,2024-11-09,ATM WITHDRAWAL FEE,D,N,Y,N
CH00000751,A0000443,131.76,2024-12-08,ATM WITHDRAWAL FEE,D,N,Y,N
CH00000752,A0000444,165.52,2024-10-13,UPI REVERSAL FEE,D,N,Y,N
CH00000753,A0000444,207.15,2024-11-16,MIN BALANCE PENALTY,D,N,Y,N
CH00000754,A0000444,97.52,2025-02-01,ATM WITHDRAWAL FEE,D,N,Y,N
CH00000755,A0000444,38.92,2025-07-11,SMS ALERT CHARGE,D,N,Y,N
CH00000756,A0000444,91.77,2025-08-17,MIN BALANCE PENALTY,D,N,Y,N
CH00000757,A0000445,49.76,2024-12-15,ATM WITHDRAWAL FEE,D,N,Y,N
CH00000758,A0000448,123.41,2025-02-28,SMS ALERT CHARGE,D,N,Y,N
CH00000759,A0000448,136.84,2025-09-13,CHEQUE BOOK CHARGE,D,N,Y,N
CH00000760,A0000449,188.72,2024-11-14,CHEQUE BOOK CHARGE,D,N,Y,N
CH00000761,A0000449,197.05,2024-12-27,IMPS CHARGE,D,N,Y,N
CH00000762,A0000449,23.5,2025-01-07,SMS ALERT CHARGE,D,N,Y,N
CH00000763,A0000449,36.87,2025-03-17,CHEQUE BOOK CHARGE,D,N,Y,N
CH00000764,A0000449,112.42,2025-04-27,IMPS CHARGE,D,N,Y,N
CH00000765,A0000449,132.88,2025-05-09,IMPS CHARGE,D,N,Y,N
CH00000766,A0000449,244.23,2025-08-16,SMS ALERT CHARGE,D,N,Y,N
CH00000767,A0000450,224.5,2024-11-26,UPI REVERSAL FEE,D,N,Y,N
CH00000768,A0000450,220.99,2024-12-12,IMPS CHARGE,D,N,Y,N
CH00000769,A0000450,247.08,2025-01-11,MIN BALANCE PENALTY,D,N,Y,N
CH00000770,A0000450,127.7,2025-05-16,ATM WITHDRAWAL FEE,D,N,Y,N
CH00000771,A0000451,57.51,2024-11-13,MIN BALANCE PENALTY,D,N,Y,N
CH00000772,A0000451,64.4,2025-01-05,CHEQUE BOOK CHARGE,D,N,Y,N
CH00000773,A0000451,144.32,2025-02-15,ATM WITHDRAWAL FEE,D,N,Y,N
CH00000774,A0000451,53.69,2025-06-30,MIN BALANCE PENALTY,D,N,Y,N
CH00000775,A0000452,13.58,2024-11-13,UPI REVERSAL FEE,D,N,Y,N
CH00000776,A0000453,141.77,2024-12-09,MIN BALANCE PENALTY,D,N,Y,N
CH00000777,A0000453,218.11,2025-02-14,IMPS CHARGE,D,N,Y,N
CH00000778,A0000454,13.54,2025-01-30,UPI REVERSAL FEE,D,N,Y,N
CH00000779,A0000456,170.59,2025-01-23,MIN BALANCE PENALTY,D,N,Y,N
CH00000780,A0000456,201.62,2025-04-24,SMS ALERT CHARGE,D,N,Y,N
CH00000781,A0000456,220.32,2025-05-25,SMS ALERT CHARGE,D,N,Y,N
CH00000782,A0000456,242.87,2025-06-25,ATM WITHDRAWAL FEE,D,N,Y,N
CH00000783,A0000457,150.42,2024-11-18,CHEQUE BOOK CHARGE,D,N,Y,N
CH00000784,A0000457,170.53,2025-08-12,CHEQUE BOOK CHARGE,D,N,Y,N
CH00000785,A0000458,94.58,2025-01-14,CHEQUE BOOK CHARGE,D,N,Y,N
CH00000786,A0000458,105.62,2025-02-20,CHEQUE BOOK CHARGE,D,N,Y,N
CH00000787,A0000458,103.34,2025-04-30,CHEQUE BOOK CHARGE,D,N,Y,N
CH00000788,A0000459,173.83,2024-11-09,ATM WITHDRAWAL FEE,D,N,Y,N
CH00000789,A0000459,158.74,2025-06-17,ATM WITHDRAWAL FEE,D,N,Y,N
CH00000790,A0000459,148.74,2025-08-24,MIN BALANCE PENALTY,D,N,Y,N
CH00000791,A0000459,189.66,2025-09-08,SMS ALERT CHARGE,D,N,Y,N
CH00000792,A0000460,87.24,2024-11-28,UPI REVERSAL FEE,D,N,Y,N
CH00000793,A0000460,211.3,2025-09-27,MIN BALANCE PENALTY,D,N,Y,N
CH00000794,A0000461,44.85,2025-02-02,ATM WITHDRAWAL FEE,D,N,Y,N
CH00000795,A0000461,125.28,2025-05-31,ATM WITHDRAWAL FEE,D,N,Y,N
CH00000796,A0000461,57.43,2025-06-24,ATM WITHDRAWAL FEE,D,N,Y,N
CH00000797,A0000461,165.71,2025-08-05,MIN BALANCE PENALTY,D,N,Y,N
CH00000798,A0000461,47.57,2025-09-05,SMS ALERT CHARGE,D,N,Y,N
CH00000799,A0000462,189.53,2024-11-08,ATM WITHDRAWAL FEE,D,N,Y,N
CH00000800,A0000463,139.17,2024-12-12,SMS ALERT CHARGE,D,N,Y,N
CH00000801,A0000464,42.87,2024-12-13,IMPS CHARGE,D,N,Y,N
CH00000802,A0000464,80.28,2025-09-03,ATM WITHDRAWAL FEE,D,N,Y,N
CH00000803,A0000465,15.66,2025-01-24,MIN BALANCE PENALTY,D,N,Y,N
CH00000804,A0000467,187.26,2025-01-28,IMPS CHARGE,D,N,Y,N
CH00000805,A0000467,204.28,2025-05-06,ATM WITHDRAWAL FEE,D,N,Y,N
CH00000806,A0000468,215.96,2024-11-20,ATM WITHDRAWAL FEE,D,N,Y,N
CH00000807,A0000469,34.22,2024-10-27,ATM WITHDRAWAL FEE,D,N,Y,N
CH00000808,A0000470,124.31,2025-04-18,MIN BALANCE PENALTY,D,N,Y,N
CH00000809,A0000470,203.81,2025-08-07,IMPS CHARGE,D,N,Y,N
CH00000810,A0000471,177.59,2025-03-19,CHEQUE BOOK CHARGE,D,N,Y,N
CH00000811,A0000472,200.61,2024-12-09,SMS ALERT CHARGE,D,N,Y,N
CH00000812,A0000472,218.26,2025-03-10,IMPS CHARGE,D,N,Y,N
CH00000813,A0000472,89.2,2025-04-03,MIN BALANCE PENALTY,D,N,Y,N
CH00000814,A0000472,31.77,2025-06-13,ATM WITHDRAWAL FEE,D,N,Y,N
CH00000815,A0000473,14.1,2024-12-21,ATM WITHDRAWAL FEE,D,N,Y,N
CH00000816,A0000474,76.27,2024-11-06,CHEQUE BOOK CHARGE,D,N,Y,N
CH00000817,A0000474,72.3,2025-02-15,SMS ALERT CHARGE,D,N,Y,N
CH00000818,A0000474,131.34,2025-09-15,IMPS CHARGE,D,N,Y,N
CH00000819,A0000475,111.88,2025-08-06,ATM WITHDRAWAL FEE,D,N,Y,N
CH00000820,A0000475,123.39,2025-09-20,IMPS CHARGE,D,N,Y,N
CH00000821,A0000476,87.03,2025-01-21,ATM WITHDRAWAL FEE,D,N,Y,N
CH00000822,A0000476,141.04,2025-03-27,ATM WITHDRAWAL FEE,D,N,Y,N
CH00000823,A0000476,227.83,2025-06-16,MIN BALANCE PENALTY,D,N,Y,N
CH00000824,A0000477,33.64,2025-01-06,SMS ALERT CHARGE,D,N,Y,N
CH00000825,A0000478,99.31,2025-02-10,IMPS CHARGE,D,N,Y,N
CH00000826,A0000478,131.61,2025-05-16,MIN BALANCE PENALTY,D,N,Y,N
CH00000827,A0000479,72.3,2025-04-19,CHEQUE BOOK CHARGE,D,N,Y,N
CH00000828,A0000479,235.33,2025-06-03,ATM WITHDRAWAL FEE,D,N,Y,N
CH00000829,A0000480,171.15,2024-12-07,IMPS CHARGE,D,N,Y,N
CH00000830,A0000480,48.59,2025-06-16,UPI REVERSAL FEE,D,N,Y,N
CH00000831,A0000480,14.53,2025-09-18,MIN BALANCE PENALTY,D,N,Y,N
CH00000832,A0000482,80.25,2024-12-06,UPI REVERSAL FEE,D,N,Y,N
CH00000833,A0000482,247.79,2025-03-05,MIN BALANCE PENALTY,D,N,Y,N
CH00000834,A0000483,195.56,2025-02-15,CHEQUE BOOK CHARGE,D,N,Y,N
CH00000835,A0000484,18.8,2024-12-27,ATM WITHDRAWAL FEE,D,N,Y,N
CH00000836,A0000484,34.42,2025-06-16,CHEQUE BOOK CHARGE,D,N,Y,N
CH00000837,A0000484,24.68,2025-07-25,IMPS CHARGE,D,N,Y,N
CH00000838,A0000485,39.4,2024-10-17,CHEQUE BOOK CHARGE,D,N,Y,N
CH00000839,A0000485,73.26,2025-01-06,UPI REVERSAL FEE,D,N,Y,N
CH00000840,A0000486,137.57,2025-05-16,UPI REVERSAL FEE,D,N,Y,N
CH00000841,A0000487,65.17,2024-12-07,UPI REVERSAL FEE,D,N,Y,N
CH00000842,A0000487,24.69,2025-04-07,ATM WITHDRAWAL FEE,D,N,Y,N
CH00000843,A0000487,86.33,2025-09-15,SMS ALERT CHARGE,D,N,Y,N
CH00000844,A0000488,13.83,2025-01-15,SMS ALERT CHARGE,D,N,Y,N
CH00000845,A0000488,81.16,2025-09-16,ATM WITHDRAWAL FEE,D,N,Y,N
CH00000846,A0000489,82.41,2024-10-05,MIN BALANCE PENALTY,D,N,Y,N
CH00000847,A0000489,120.16,2024-11-08,SMS ALERT CHARGE,D,N,Y,N
CH00000848,A0000489,21.95,2025-01-19,IMPS CHARGE,D,N,Y,N
CH00000849,A0000489,89.76,2025-04-25,CHEQUE BOOK CHARGE,D,N,Y,N
CH00000850,A0000489,136.74,2025-06-09,SMS ALERT CHARGE,D,N,Y,N
CH00000851,A0000490,54.62,2025-06-16,IMPS CHARGE,D,N,Y,N
CH00000852,A0000491,82.06,2024-11-04,ATM WITHDRAWAL FEE,D,N,Y,N
CH00000853,A0000491,109.99,2025-02-14,MIN BALANCE PENALTY,D,N,Y,N
CH00000854,A0000491,12.47,2025-05-27,UPI REVERSAL FEE,D,N,Y,N
CH00000855,A0000492,173.97,2024-10-19,SMS ALERT CHARGE,D,N,Y,N
CH00000856,A0000492,236.94,2025-01-16,UPI REVERSAL FEE,D,N,Y,N
CH00000857,A0000493,236.34,2024-10-25,SMS ALERT CHARGE,D,N,Y,N
CH00000858,A0000493,141.64,2025-04-07,CHEQUE BOOK CHARGE,D,N,Y,N
CH00000859,A0000494,110.22,2024-12-16,SMS ALERT CHARGE,D,N,Y,N
CH00000860,A0000494,154.9,2025-08-20,SMS ALERT CHARGE,D,N,Y,N
CH00000861,A0000495,113.5,2024-10-15,IMPS CHARGE,D,N,Y,N
CH00000862,A0000495,124.04,2024-12-05,ATM WITHDRAWAL FEE,D,N,Y,N
CH00000863,A0000495,225.02,2025-01-18,UPI REVERSAL FEE,D,N,Y,N
CH00000864,A0000495,201.36,2025-04-30,IMPS CHARGE,D,N,Y,N
CH00000865,A0000498,248.48,2025-01-15,IMPS CHARGE,D,N,Y,N
CH00000866,A0000498,66.1,2025-03-10,ATM WITHDRAWAL FEE,D,N,Y,N
CH00000867,A0000498,90.31,2025-05-09,MIN BALANCE PENALTY,D,N,Y,N
CH00000868,A0000499,66.48,2024-10-07,ATM WITHDRAWAL FEE,D,N,Y,N
CH00000869,A0000499,199.17,2025-07-20,UPI REVERSAL FEE,D,N,Y,N
CH00000870,A0000501,236.46,2024-12-15,IMPS CHARGE,D,N,Y,N
CH00000871,A0000501,44.75,2025-04-06,SMS ALERT CHARGE,D,N,Y,N
CH00000872,A0000501,110.35,2025-09-12,ATM WITHDRAWAL FEE,D,N,Y,N
CH00000873,A0000505,153.08,2024-12-21,CHEQUE BOOK CHARGE,D,N,Y,N
CH00000874,A0000505,238.37,2025-05-18,ATM WITHDRAWAL FEE,D,N,Y,N
CH00000875,A0000505,56.04,2025-07-21,UPI REVERSAL FEE,D,N,Y,N
CH00000876,A0000505,87.2,2025-08-08,CHEQUE BOOK CHARGE,D,N,Y,N
CH00000877,A0000505,186.82,2025-09-29,IMPS CHARGE,D,N,Y,N
CH00000878,A0000509,221.64,2024-10-12,CHEQUE BOOK CHARGE,D,N,Y,N
CH00000879,A0000509,91.36,2025-08-09,MIN BALANCE PENALTY,D,N,Y,N
CH00000880,A0000510,114.72,2025-01-26,ATM WITHDRAWAL FEE,D,N,Y,N
CH00000881,A0000510,179.07,2025-02-10,ATM WITHDRAWAL FEE,D,N,Y,N
CH00000882,A0000510,209.48,2025-03-24,IMPS CHARGE,D,N,Y,N
CH00000883,A0000510,45.32,2025-04-22,SMS ALERT CHARGE,D,N,Y,N
CH00000884,A0000510,60.41,2025-06-15,CHEQUE BOOK CHARGE,D,N,Y,N
CH00000885,A0000511,210.95,2024-12-08,CHEQUE BOOK CHARGE,D,N,Y,N
CH00000886,A0000514,59.5,2024-10-08,ATM WITHDRAWAL FEE,D,N,Y,N
CH00000887,A0000514,52.26,2024-11-08,UPI REVERSAL FEE,D,N,Y,N
CH00000888,A0000514,125.71,2024-12-27,ATM WITHDRAWAL FEE,D,N,Y,N
CH00000889,A0000514,28.0,2025-01-07,CHEQUE BOOK CHARGE,D,N,Y,N
CH00000890,A0000514,99.04,2025-02-02,CHEQUE BOOK CHARGE,D,N,Y,N
CH00000891,A0000514,155.62,2025-09-17,CHEQUE BOOK CHARGE,D,N,Y,N
CH00000892,A0000516,111.5,2024-11-27,ATM WITHDRAWAL FEE,D,N,Y,N
CH00000893,A0000516,80.69,2025-08-07,IMPS CHARGE,D,N,Y,N
CH00000894,A0000517,99.27,2024-10-14,MIN BALANCE PENALTY,D,N,Y,N
CH00000895,A0000517,210.92,2025-01-23,CHEQUE BOOK CHARGE,D,N,Y,N
CH00000896,A0000517,142.83,2025-03-13,ATM WITHDRAWAL FEE,D,N,Y,N
CH00000897,A0000517,52.17,2025-07-20,ATM WITHDRAWAL FEE,D,N,Y,N
CH00000898,A0000518,111.96,2024-10-05,IMPS CHARGE,D,N,Y,N
CH00000899,A0000518,59.76,2025-04-30,SMS ALERT CHARGE,D,N,Y,N
CH00000900,A0000518,17.1,2025-06-25,SMS ALERT CHARGE,D,N,Y,N
CH00000901,A0000518,109.17,2025-07-08,IMPS CHARGE,D,N,Y,N
CH00000902,A0000519,141.9,2025-06-05,ATM WITHDRAWAL FEE,D,N,Y,N
CH00000903,A0000519,54.25,2025-07-23,CHEQUE BOOK CHARGE,D,N,Y,N
CH00000904,A0000519,128.91,2025-08-23,ATM WITHDRAWAL FEE,D,N,Y,N
CH00000905,A0000520,111.35,2024-11-29,ATM WITHDRAWAL FEE,D,N,Y,N
CH00000906,A0000521,27.15,2025-03-04,CHEQUE BOOK CHARGE,D,N,Y,N
CH00000907,A0000522,14.64,2024-10-07,SMS ALERT CHARGE,D,N,Y,N
CH00000908,A0000522,249.47,2025-04-05,CHEQUE BOOK CHARGE,D,N,Y,N
CH00000909,A0000523,116.96,2025-02-22,ATM WITHDRAWAL FEE,D,N,Y,N
CH00000910,A0000524,174.46,2024-10-21,ATM WITHDRAWAL FEE,D,N,Y,N
CH00000911,A0000524,149.99,2025-04-21,SMS ALERT CHARGE,D,N,Y,N
CH00000912,A0000524,109.18,2025-09-25,CHEQUE BOOK CHARGE,D,N,Y,N
CH00000913,A0000532,70.91,2024-10-26,MIN BALANCE PENALTY,D,N,Y,N
CH00000914,A0000532,148.62,2025-01-19,ATM WITHDRAWAL FEE,D,N,Y,N
CH00000915,A0000533,204.0,2025-06-03,SMS ALERT CHARGE,D,N,Y,N
CH00000916,A0000533,76.87,2025-07-13,CHEQUE BOOK CHARGE,D,N,Y,N
CH00000917,A0000535,244.93,2025-09-17,IMPS CHARGE,D,N,Y,N
CH00000918,A0000536,139.58,2025-07-31,IMPS CHARGE,D,N,Y,N
CH00000919,A0000536,187.94,2025-09-29,MIN BALANCE PENALTY,D,N,Y,N
CH00000920,A0000537,24.61,2024-10-23,MIN BALANCE PENALTY,D,N,Y,N
CH00000921,A0000537,184.85,2024-11-11,IMPS CHARGE,D,N,Y,N
CH00000922,A0000537,36.09,2025-05-21,IMPS CHARGE,D,N,Y,N
CH00000923,A0000537,187.16,2025-09-23,SMS ALERT CHARGE,D,N,Y,N
CH00000924,A0000538,120.88,2025-04-26,SMS ALERT CHARGE,D,N,Y,N
CH00000925,A0000538,128.38,2025-07-07,IMPS CHARGE,D,N,Y,N
CH00000926,A0000539,30.88,2025-03-04,IMPS CHARGE,D,N,Y,N
CH00000927,A0000540,207.34,2024-10-28,SMS ALERT CHARGE,D,N,Y,N
CH00000928,A0000540,166.53,2025-02-17,MIN BALANCE PENALTY,D,N,Y,N
CH00000929,A0000540,145.17,2025-04-06,CHEQUE BOOK CHARGE,D,N,Y,N
CH00000930,A0000542,40.11,2025-01-30,CHEQUE BOOK CHARGE,D,N,Y,N
CH00000931,A0000543,110.75,2025-03-09,CHEQUE BOOK CHARGE,D,N,Y,N
CH00000932,A0000543,89.47,2025-09-10,SMS ALERT CHARGE,D,N,Y,N
CH00000933,A0000544,217.12,2025-05-17,IMPS CHARGE,D,N,Y,N
CH00000934,A0000546,82.89,2024-10-11,SMS ALERT CHARGE,D,N,Y,N
CH00000935,A0000546,127.42,2024-11-12,IMPS CHARGE,D,N,Y,N
CH00000936,A0000546,160.38,2025-03-08,MIN BALANCE PENALTY,D,N,Y,N
CH00000937,A0000546,118.63,2025-05-31,ATM WITHDRAWAL FEE,D,N,Y,N
CH00000938,A0000547,216.2,2024-10-15,CHEQUE BOOK CHARGE,D,N,Y,N
CH00000939,A0000547,205.86,2024-12-22,CHEQUE BOOK CHARGE,D,N,Y,N
CH00000940,A0000547,128.84,2025-02-05,MIN BALANCE PENALTY,D,N,Y,N
CH00000941,A0000547,109.07,2025-06-06,ATM WITHDRAWAL FEE,D,N,Y,N
CH00000942,A0000549,20.7,2024-11-25,ATM WITHDRAWAL FEE,D,N,Y,N
CH00000943,A0000549,181.57,2025-04-09,ATM WITHDRAWAL FEE,D,N,Y,N
CH00000944,A0000550,240.36,2024-10-13,SMS ALERT CHARGE,D,N,Y,N
CH00000945,A0000550,21.15,2024-11-11,SMS ALERT CHARGE,D,N,Y,N
CH00000946,A0000550,28.66,2025-04-06,MIN BALANCE PENALTY,D,N,Y,N
CH00000947,A0000550,208.07,2025-08-07,MIN BALANCE PENALTY,D,N,Y,N
CH00000948,A0000551,67.17,2025-05-05,ATM WITHDRAWAL FEE,D,N,Y,N
CH00000949,A0000551,72.17,2025-07-23,IMPS CHARGE,D,N,Y,N
CH00000950,A0000552,150.35,2024-11-29,SMS ALERT CHARGE,D,N,Y,N
CH00000951,A0000553,93.64,2024-11-25,SMS ALERT CHARGE,D,N,Y,N
CH00000952,A0000553,59.51,2025-07-24,ATM WITHDRAWAL FEE,D,N,Y,N
CH00000953,A0000554,68.72,2025-04-25,ATM WITHDRAWAL FEE,D,N,Y,N
CH00000954,A0000554,46.95,2025-08-30,MIN BALANCE PENALTY,D,N,Y,N
CH00000955,A0000555,203.29,2024-11-10,MIN BALANCE PENALTY,D,N,Y,N
CH00000956,A0000556,243.62,2024-11-03,ATM WITHDRAWAL FEE,D,N,Y,N
CH00000957,A0000556,222.34,2025-06-11,SMS ALERT CHARGE,D,N,Y,N
CH00000958,A0000556,78.08,2025-07-21,UPI REVERSAL FEE,D,N,Y,N
CH00000959,A0000556,225.39,2025-08-10,SMS ALERT CHARGE,D,N,Y,N
CH00000960,A0000556,107.16,2025-09-03,IMPS CHARGE,D,N,Y,N
CH00000961,A0000557,143.05,2025-06-04,IMPS CHARGE,D,N,Y,N
CH00000962,A0000565,176.83,2025-09-21,SMS ALERT CHARGE,D,N,Y,N
CH00000963,A0000566,56.47,2024-10-12,SMS ALERT CHARGE,D,N,Y,N
CH00000964,A0000568,220.04,2025-04-24,MIN BALANCE PENALTY,D,N,Y,N
CH00000965,A0000570,69.11,2024-10-04,SMS ALERT CHARGE,D,N,Y,N
CH00000966,A0000570,112.42,2025-02-10,ATM WITHDRAWAL FEE,D,N,Y,N
CH00000967,A0000574,138.98,2025-04-05,MIN BALANCE PENALTY,D,N,Y,N
CH00000968,A0000574,189.19,2025-07-13,IMPS CHARGE,D,N,Y,N
CH00000969,A0000575,65.32,2025-02-08,SMS ALERT CHARGE,D,N,Y,N
CH00000970,A0000575,241.82,2025-08-05,MIN BALANCE PENALTY,D,N,Y,N
CH00000971,A0000576,74.85,2024-10-07,SMS ALERT CHARGE,D,N,Y,N
CH00000972,A0000576,23.81,2024-12-13,MIN BALANCE PENALTY,D,N,Y,N
CH00000973,A0000576,153.63,2025-02-04,MIN BALANCE PENALTY,D,N,Y,N
CH00000974,A0000576,156.81,2025-06-03,IMPS CHARGE,D,N,Y,N
CH00000975,A0000577,238.33,2024-12-27,ATM WITHDRAWAL FEE,D,N,Y,N
CH00000976,A0000577,68.25,2025-01-27,CHEQUE BOOK CHARGE,D,N,Y,N
CH00000977,A0000577,57.54,2025-07-19,CHEQUE BOOK CHARGE,D,N,Y,N
CH00000978,A0000577,84.16,2025-08-17,MIN BALANCE PENALTY,D,N,Y,N
CH00000979,A0000578,48.41,2025-02-20,ATM WITHDRAWAL FEE,D,N,Y,N
CH00000980,A0000578,53.74,2025-07-19,MIN BALANCE PENALTY,D,N,Y,N
CH00000981,A0000579,32.3,2024-10-11,SMS ALERT CHARGE,D,N,Y,N
CH00000982,A0000580,92.06,2024-12-17,ATM WITHDRAWAL FEE,D,N,Y,N
CH00000983,A0000580,41.79,2025-05-13,CHEQUE BOOK CHARGE,D,N,Y,N
CH00000984,A0000580,28.24,2025-06-16,SMS ALERT CHARGE,D,N,Y,N
CH00000985,A0000580,125.59,2025-09-27,SMS ALERT CHARGE,D,N,Y,N
CH00000986,A0000581,106.19,2025-06-07,CHEQUE BOOK CHARGE,D,N,Y,N
CH00000987,A0000581,238.19,2025-08-04,CHEQUE BOOK CHARGE,D,N,Y,N
CH00000988,A0000582,46.27,2024-10-21,IMPS CHARGE,D,N,Y,N
CH00000989,A0000582,230.27,2024-11-10,MIN BALANCE PENALTY,D,N,Y,N
CH00000990,A0000582,34.69,2024-12-19,SMS ALERT CHARGE,D,N,Y,N
CH00000991,A0000582,16.1,2025-03-09,IMPS CHARGE,D,N,Y,N
CH00000992,A0000582,38.91,2025-07-18,SMS ALERT CHARGE,D,N,Y,N
CH00000993,A0000583,11.08,2025-02-28,IMPS CHARGE,D,N,Y,N
CH00000994,A0000583,168.36,2025-09-25,IMPS CHARGE,D,N,Y,N
CH00000995,A0000584,85.7,2025-01-23,SMS ALERT CHARGE,D,N,Y,N
CH00000996,A0000584,24.66,2025-03-23,SMS ALERT CHARGE,D,N,Y,N
CH00000997,A0000584,35.41,2025-07-09,MIN BALANCE PENALTY,D,N,Y,N
CH00000998,A0000585,65.27,2024-10-09,MIN BALANCE PENALTY,D,N,Y,N
CH00000999,A0000585,12.38,2024-12-20,ATM WITHDRAWAL FEE,D,N,Y,N
CH00001000,A0000586,60.37,2024-11-22,SMS ALERT CHARGE,D,N,Y,N
CH00001001,A0000586,149.65,2025-01-28,ATM WITHDRAWAL FEE,D,N,Y,N
CH00001002,A0000586,67.06,2025-04-21,ATM WITHDRAWAL FEE,D,N,Y,N
CH00001003,A0000586,214.32,2025-08-15,CHEQUE BOOK CHARGE,D,N,Y,N
CH00001004,A0000587,120.64,2025-02-10,SMS ALERT CHARGE,D,N,Y,N
CH00001005,A0000587,121.87,2025-09-22,SMS ALERT CHARGE,D,N,Y,N
CH00001006,A0000588,176.18,2025-05-20,MIN BALANCE PENALTY,D,N,Y,N
CH00001007,A0000588,41.51,2025-08-04,ATM WITHDRAWAL FEE,D,N,Y,N
CH00001008,A0000591,140.86,2025-01-15,UPI REVERSAL FEE,D,N,Y,N
CH00001009,A0000591,71.05,2025-03-05,UPI REVERSAL FEE,D,N,Y,N
CH00001010,A0000591,178.1,2025-05-21,IMPS CHARGE,D,N,Y,N
CH00001011,A0000591,36.27,2025-06-05,SMS ALERT CHARGE,D,N,Y,N
CH00001012,A0000593,232.64,2024-12-08,ATM WITHDRAWAL FEE,D,N,Y,N
CH00001013,A0000593,195.2,2025-01-22,CHEQUE BOOK CHARGE,D,N,Y,N
CH00001014,A0000593,19.95,2025-02-13,CHEQUE BOOK CHARGE,D,N,Y,N
CH00001015,A0000593,101.73,2025-04-10,IMPS CHARGE,D,N,Y,N
CH00001016,A0000593,240.79,2025-05-25,SMS ALERT CHARGE,D,N,Y,N
CH00001017,A0000593,50.84,2025-06-06,IMPS CHARGE,D,N,Y,N
CH00001018,A0000593,113.2,2025-09-13,ATM WITHDRAWAL FEE,D,N,Y,N
CH00001019,A0000595,219.43,2025-07-20,ATM WITHDRAWAL FEE,D,N,Y,N
CH00001020,A0000595,91.67,2025-09-25,UPI REVERSAL FEE,D,N,Y,N
CH00001021,A0000596,169.72,2025-04-13,CHEQUE BOOK CHARGE,D,N,Y,N
CH00001022,A0000596,23.76,2025-06-22,IMPS CHARGE,D,N,Y,N
CH00001023,A0000597,162.77,2025-03-21,MIN BALANCE PENALTY,D,N,Y,N
CH00001024,A0000598,136.55,2025-03-08,SMS ALERT CHARGE,D,N,Y,N
CH00001025,A0000599,187.32,2025-07-05,SMS ALERT CHARGE,D,N,Y,N
CH00001026,A0000600,86.95,2025-09-06,CHEQUE BOOK CHARGE,D,N,Y,N
CH00001027,A0000601,200.5,2024-11-08,SMS ALERT CHARGE,D,N,Y,N
CH00001028,A0000601,199.25,2024-12-19,ATM WITHDRAWAL FEE,D,N,Y,N
CH00001029,A0000601,131.9,2025-06-07,CHEQUE BOOK CHARGE,D,N,Y,N
CH00001030,A0000601,40.08,2025-08-16,IMPS CHARGE,D,N,Y,N
CH00001031,A0000602,50.39,2024-10-07,MIN BALANCE PENALTY,D,N,Y,N
CH00001032,A0000603,216.94,2024-11-24,UPI REVERSAL FEE,D,N,Y,N
CH00001033,A0000603,86.53,2024-12-04,MIN BALANCE PENALTY,D,N,Y,N
CH00001034,A0000604,198.58,2025-06-28,CHEQUE BOOK CHARGE,D,N,Y,N
CH00001035,A0000605,143.31,2025-01-26,SMS ALERT CHARGE,D,N,Y,N
CH00001036,A0000605,218.7,2025-06-25,ATM WITHDRAWAL FEE,D,N,Y,N
CH00001037,A0000605,35.51,2025-07-07,SMS ALERT CHARGE,D,N,Y,N
CH00001038,A0000605,185.04,2025-08-20,UPI REVERSAL FEE,D,N,Y,N
CH00001039,A0000607,107.38,2025-01-11,MIN BALANCE PENALTY,D,N,Y,N
CH00001040,A0000607,51.3,2025-07-17,CHEQUE BOOK CHARGE,D,N,Y,N
CH00001041,A0000608,151.36,2025-01-25,MIN BALANCE PENALTY,D,N,Y,N
CH00001042,A0000608,165.07,2025-04-25,ATM WITHDRAWAL FEE,D,N,Y,N
CH00001043,A0000609,236.98,2024-10-04,SMS ALERT CHARGE,D,N,Y,N
CH00001044,A0000609,231.29,2024-12-24,ATM WITHDRAWAL FEE,D,N,Y,N
CH00001045,A0000609,146.74,2025-05-22,SMS ALERT CHARGE,D,N,Y,N
CH00001046,A0000609,12.75,2025-07-12,ATM WITHDRAWAL FEE,D,N,Y,N
CH00001047,A0000613,178.52,2025-05-12,CHEQUE BOOK CHARGE,D,N,Y,N
CH00001048,A0000613,50.86,2025-06-18,UPI REVERSAL FEE,D,N,Y,N
CH00001049,A0000613,19.54,2025-07-17,CHEQUE BOOK CHARGE,D,N,Y,N
CH00001050,A0000615,10.06,2025-03-19,MIN BALANCE PENALTY,D,N,Y,N
CH00001051,A0000616,211.39,2025-03-05,IMPS CHARGE,D,N,Y,N
CH00001052,A0000617,113.27,2024-12-20,SMS ALERT CHARGE,D,N,Y,N
CH00001053,A0000617,124.53,2025-07-29,MIN BALANCE PENALTY,D,N,Y,N
CH00001054,A0000617,19.44,2025-08-11,UPI REVERSAL FEE,D,N,Y,N
CH00001055,A0000619,157.49,2024-12-24,ATM WITHDRAWAL FEE,D,N,Y,N
CH00001056,A0000619,192.46,2025-01-08,IMPS CHARGE,D,N,Y,N
CH00001057,A0000621,68.95,2025-03-24,SMS ALERT CHARGE,D,N,Y,N
CH00001058,A0000621,158.6,2025-05-14,SMS ALERT CHARGE,D,N,Y,N
CH00001059,A0000622,81.49,2024-10-26,CHEQUE BOOK CHARGE,D,N,Y,N
CH00001060,A0000623,30.84,2025-01-29,IMPS CHARGE,D,N,Y,N
CH00001061,A0000623,101.76,2025-05-24,ATM WITHDRAWAL FEE,D,N,Y,N
CH00001062,A0000623,21.23,2025-06-08,ATM WITHDRAWAL FEE,D,N,Y,N
CH00001063,A0000624,44.46,2025-09-14,CHEQUE BOOK CHARGE,D,N,Y,N
CH00001064,A0000625,18.95,2024-10-10,CHEQUE BOOK CHARGE,D,N,Y,N
CH00001065,A0000625,106.06,2024-12-23,UPI REVERSAL FEE,D,N,Y,N
CH00001066,A0000628,110.32,2025-04-07,ATM WITHDRAWAL FEE,D,N,Y,N
CH00001067,A0000630,244.15,2024-11-15,SMS ALERT CHARGE,D,N,Y,N
CH00001068,A0000630,77.53,2025-05-19,UPI REVERSAL FEE,D,N,Y,N
CH00001069,A0000630,181.17,2025-09-14,MIN BALANCE PENALTY,D,N,Y,N
CH00001070,A0000631,13.53,2025-02-28,MIN BALANCE PENALTY,D,N,Y,N
CH00001071,A0000632,121.13,2025-01-24,SMS ALERT CHARGE,D,N,Y,N
CH00001072,A0000632,111.68,2025-04-22,CHEQUE BOOK CHARGE,D,N,Y,N
CH00001073,A0000632,112.15,2025-06-04,SMS ALERT CHARGE,D,N,Y,N
CH00001074,A0000633,63.5,2025-08-04,ATM WITHDRAWAL FEE,D,N,Y,N
CH00001075,A0000635,245.93,2025-01-25,SMS ALERT CHARGE,D,N,Y,N
CH00001076,A0000635,108.49,2025-03-06,ATM WITHDRAWAL FEE,D,N,Y,N
CH00001077,A0000635,234.85,2025-05-11,IMPS CHARGE,D,N,Y,N
CH00001078,A0000636,77.95,2024-12-23,ATM WITHDRAWAL FEE,D,N,Y,N
CH00001079,A0000636,81.92,2025-02-15,SMS ALERT CHARGE,D,N,Y,N
CH00001080,A0000638,33.79,2024-12-09,MIN BALANCE PENALTY,D,N,Y,N
CH00001081,A0000638,225.98,2025-09-22,MIN BALANCE PENALTY,D,N,Y,N
CH00001082,A0000639,229.69,2024-12-28,SMS ALERT CHARGE,D,N,Y,N
CH00001083,A0000639,52.88,2025-07-17,CHEQUE BOOK CHARGE,D,N,Y,N
CH00001084,A0000640,224.74,2024-11-09,IMPS CHARGE,D,N,Y,N
CH00001085,A0000640,124.39,2025-05-20,CHEQUE BOOK CHARGE,D,N,Y,N
CH00001086,A0000641,17.6,2025-05-07,UPI REVERSAL FEE,D,N,Y,N
CH00001087,A0000641,199.61,2025-07-25,IMPS CHARGE,D,N,Y,N
CH00001088,A0000642,53.21,2024-11-21,ATM WITHDRAWAL FEE,D,N,Y,N
CH00001089,A0000642,76.59,2025-01-05,CHEQUE BOOK CHARGE,D,N,Y,N
CH00001090,A0000642,26.67,2025-02-03,MIN BALANCE PENALTY,D,N,Y,N
CH00001091,A0000644,91.64,2025-09-03,IMPS CHARGE,D,N,Y,N
CH00001092,A0000646,115.93,2024-10-14,ATM WITHDRAWAL FEE,D,N,Y,N
CH00001093,A0000648,213.1,2025-03-05,IMPS CHARGE,D,N,Y,N
CH00001094,A0000648,145.51,2025-09-11,SMS ALERT CHARGE,D,N,Y,N
CH00001095,A0000649,177.36,2025-04-21,ATM WITHDRAWAL FEE,D,N,Y,N
CH00001096,A0000649,78.89,2025-05-26,SMS ALERT CHARGE,D,N,Y,N
CH00001097,A0000649,83.84,2025-06-16,MIN BALANCE PENALTY,D,N,Y,N
CH00001098,A0000653,194.46,2025-04-28,SMS ALERT CHARGE,D,N,Y,N
CH00001099,A0000653,74.48,2025-06-23,CHEQUE BOOK CHARGE,D,N,Y,N
CH00001100,A0000653,90.46,2025-09-06,SMS ALERT CHARGE,D,N,Y,N
CH00001101,A0000654,207.74,2024-10-15,IMPS CHARGE,D,N,Y,N
CH00001102,A0000654,117.67,2025-06-22,ATM WITHDRAWAL FEE,D,N,Y,N
CH00001103,A0000655,96.14,2024-11-25,MIN BALANCE PENALTY,D,N,Y,N
CH00001104,A0000655,138.66,2025-08-07,UPI REVERSAL FEE,D,N,Y,N
CH00001105,A0000656,100.84,2024-12-24,SMS ALERT CHARGE,D,N,Y,N
CH00001106,A0000656,144.26,2025-09-17,ATM WITHDRAWAL FEE,D,N,Y,N
CH00001107,A0000657,175.17,2024-12-23,SMS ALERT CHARGE,D,N,Y,N
CH00001108,A0000658,133.77,2024-10-25,UPI REVERSAL FEE,D,N,Y,N
CH00001109,A0000658,73.89,2025-01-09,UPI REVERSAL FEE,D,N,Y,N
CH00001110,A0000658,245.02,2025-02-28,ATM WITHDRAWAL FEE,D,N,Y,N
CH00001111,A0000658,91.34,2025-03-12,IMPS CHARGE,D,N,Y,N
CH00001112,A0000658,90.93,2025-06-03,MIN BALANCE PENALTY,D,N,Y,N
CH00001113,A0000658,188.06,2025-09-15,MIN BALANCE PENALTY,D,N,Y,N
CH00001114,A0000661,31.93,2024-11-25,UPI REVERSAL FEE,D,N,Y,N
CH00001115,A0000661,66.27,2025-01-23,IMPS CHARGE,D,N,Y,N
CH00001116,A0000661,13.84,2025-02-09,ATM WITHDRAWAL FEE,D,N,Y,N
CH00001117,A0000661,197.44,2025-06-12,CHEQUE BOOK CHARGE,D,N,Y,N
CH00001118,A0000661,28.64,2025-07-14,UPI REVERSAL FEE,D,N,Y,N
CH00001119,A0000662,21.98,2024-10-18,CHEQUE BOOK CHARGE,D,N,Y,N
CH00001120,A0000662,165.41,2025-03-04,CHEQUE BOOK CHARGE,D,N,Y,N
CH00001121,A0000663,32.53,2024-10-08,SMS ALERT CHARGE,D,N,Y,N
CH00001122,A0000663,131.25,2025-06-16,IMPS CHARGE,D,N,Y,N
CH00001123,A0000664,76.19,2025-02-20,CHEQUE BOOK CHARGE,D,N,Y,N
CH00001124,A0000664,105.08,2025-07-30,CHEQUE BOOK CHARGE,D,N,Y,N
CH00001125,A0000665,140.14,2025-06-28,CHEQUE BOOK CHARGE,D,N,Y,N
CH00001126,A0000665,166.44,2025-07-05,MIN BALANCE PENALTY,D,N,Y,N
CH00001127,A0000666,71.54,2025-01-18,CHEQUE BOOK CHARGE,D,N,Y,N
CH00001128,A0000666,122.16,2025-03-04,UPI REVERSAL FEE,D,N,Y,N
CH00001129,A0000667,191.2,2024-12-19,CHEQUE BOOK CHARGE,D,N,Y,N
CH00001130,A0000667,231.91,2025-03-14,ATM WITHDRAWAL FEE,D,N,Y,N
CH00001131,A0000667,168.19,2025-04-19,UPI REVERSAL FEE,D,N,Y,N
CH00001132,A0000667,134.67,2025-05-29,IMPS CHARGE,D,N,Y,N
CH00001133,A0000667,156.14,2025-08-08,ATM WITHDRAWAL FEE,D,N,Y,N
CH00001134,A0000667,45.8,2025-09-29,CHEQUE BOOK CHARGE,D,N,Y,N
CH00001135,A0000668,50.06,2025-06-08,ATM WITHDRAWAL FEE,D,N,Y,N
CH00001136,A0000671,196.5,2025-07-31,MIN BALANCE PENALTY,D,N,Y,N
CH00001137,A0000672,19.84,2025-04-20,CHEQUE BOOK CHARGE,D,N,Y,N
CH00001138,A0000672,211.9,2025-06-10,IMPS CHARGE,D,N,Y,N
CH00001139,A0000672,14.9,2025-07-19,SMS ALERT CHARGE,D,N,Y,N
CH00001140,A0000673,108.86,2024-12-20,CHEQUE BOOK CHARGE,D,N,Y,N
CH00001141,A0000675,90.99,2024-10-30,ATM WITHDRAWAL FEE,D,N,Y,N
CH00001142,A0000675,179.41,2025-01-24,CHEQUE BOOK CHARGE,D,N,Y,N
CH00001143,A0000675,229.56,2025-06-22,IMPS CHARGE,D,N,Y,N
CH00001144,A0000676,68.96,2024-12-15,ATM WITHDRAWAL FEE,D,N,Y,N
CH00001145,A0000676,125.93,2025-06-18,CHEQUE BOOK CHARGE,D,N,Y,N
CH00001146,A0000680,60.64,2025-04-09,CHEQUE BOOK CHARGE,D,N,Y,N
CH00001147,A0000681,178.2,2025-01-16,ATM WITHDRAWAL FEE,D,N,Y,N
CH00001148,A0000681,233.92,2025-02-11,SMS ALERT CHARGE,D,N,Y,N
CH00001149,A0000682,54.02,2024-10-08,CHEQUE BOOK CHARGE,D,N,Y,N
CH00001150,A0000682,124.09,2025-02-01,IMPS CHARGE,D,N,Y,N
CH00001151,A0000683,77.49,2025-03-11,ATM WITHDRAWAL FEE,D,N,Y,N
CH00001152,A0000683,13.87,2025-06-11,IMPS CHARGE,D,N,Y,N
CH00001153,A0000684,131.94,2024-11-16,IMPS CHARGE,D,N,Y,N
CH00001154,A0000684,88.98,2025-03-18,IMPS CHARGE,D,N,Y,N
CH00001155,A0000684,89.08,2025-07-07,IMPS CHARGE,D,N,Y,N
CH00001156,A0000685,208.35,2024-12-06,CHEQUE BOOK CHARGE,D,N,Y,N
CH00001157,A0000685,190.34,2025-03-16,IMPS CHARGE,D,N,Y,N
CH00001158,A0000687,59.04,2025-02-15,UPI REVERSAL FEE,D,N,Y,N
CH00001159,A0000687,50.6,2025-05-05,IMPS CHARGE,D,N,Y,N
CH00001160,A0000688,158.3,2025-02-06,IMPS CHARGE,D,N,Y,N
CH00001161,A0000688,125.58,2025-03-07,CHEQUE BOOK CHARGE,D,N,Y,N
CH00001162,A0000688,188.05,2025-05-31,MIN BALANCE PENALTY,D,N,Y,N
CH00001163,A0000689,248.62,2025-02-03,MIN BALANCE PENALTY,D,N,Y,N
CH00001164,A0000689,15.26,2025-03-04,UPI REVERSAL FEE,D,N,Y,N
CH00001165,A0000689,82.64,2025-04-10,SMS ALERT CHARGE,D,N,Y,N
CH00001166,A0000689,208.82,2025-05-27,UPI REVERSAL FEE,D,N,Y,N
CH00001167,A0000692,24.08,2024-12-17,UPI REVERSAL FEE,D,N,Y,N
CH00001168,A0000692,144.65,2025-01-04,UPI REVERSAL FEE,D,N,Y,N
CH00001169,A0000695,28.66,2024-11-06,CHEQUE BOOK CHARGE,D,N,Y,N
CH00001170,A0000695,183.59,2025-05-10,ATM WITHDRAWAL FEE,D,N,Y,N
CH00001171,A0000696,103.78,2024-10-18,SMS ALERT CHARGE,D,N,Y,N
CH00001172,A0000696,24.69,2024-11-04,ATM WITHDRAWAL FEE,D,N,Y,N
CH00001173,A0000696,193.12,2025-04-18,IMPS CHARGE,D,N,Y,N
CH00001174,A0000696,225.12,2025-06-09,ATM WITHDRAWAL FEE,D,N,Y,N
CH00001175,A0000696,56.0,2025-08-16,IMPS CHARGE,D,N,Y,N
CH00001176,A0000696,52.55,2025-09-12,IMPS CHARGE,D,N,Y,N
CH00001177,A0000697,157.77,2024-12-05,UPI REVERSAL FEE,D,N,Y,N
CH00001178,A0000697,205.94,2025-08-13,SMS ALERT CHARGE,D,N,Y,N
CH00001179,A0000701,38.8,2025-02-13,SMS ALERT CHARGE,D,N,Y,N
CH00001180,A0000701,178.58,2025-03-18,SMS ALERT CHARGE,D,N,Y,N
CH00001181,A0000701,203.03,2025-05-07,CHEQUE BOOK CHARGE,D,N,Y,N
CH00001182,A0000701,119.81,2025-06-28,ATM WITHDRAWAL FEE,D,N,Y,N
CH00001183,A0000702,111.49,2024-12-14,MIN BALANCE PENALTY,D,N,Y,N
CH00001184,A0000702,72.98,2025-03-12,CHEQUE BOOK CHARGE,D,N,Y,N
CH00001185,A0000703,80.06,2024-12-13,ATM WITHDRAWAL FEE,D,N,Y,N
CH00001186,A0000703,182.31,2025-02-22,IMPS CHARGE,D,N,Y,N
CH00001187,A0000704,174.87,2024-10-14,UPI REVERSAL FEE,D,N,Y,N
CH00001188,A0000704,243.39,2024-12-24,ATM WITHDRAWAL FEE,D,N,Y,N
CH00001189,A0000704,195.06,2025-03-10,MIN BALANCE PENALTY,D,N,Y,N
CH00001190,A0000704,174.9,2025-08-22,UPI REVERSAL FEE,D,N,Y,N
CH00001191,A0000704,176.16,2025-09-11,ATM WITHDRAWAL FEE,D,N,Y,N
CH00001192,A0000705,96.11,2025-06-21,IMPS CHARGE,D,N,Y,N
CH00001193,A0000706,244.81,2024-12-12,CHEQUE BOOK CHARGE,D,N,Y,N
CH00001194,A0000706,248.53,2025-04-30,IMPS CHARGE,D,N,Y,N
CH00001195,A0000707,25.24,2024-10-26,MIN BALANCE PENALTY,D,N,Y,N
CH00001196,A0000707,139.27,2024-11-04,SMS ALERT CHARGE,D,N,Y,N
CH00001197,A0000707,98.29,2025-01-31,IMPS CHARGE,D,N,Y,N
CH00001198,A0000711,48.98,2024-11-14,MIN BALANCE PENALTY,D,N,Y,N
CH00001199,A0000711,144.74,2025-01-24,IMPS CHARGE,D,N,Y,N
CH00001200,A0000711,196.19,2025-02-05,UPI REVERSAL FEE,D,N,Y,N
CH00001201,A0000712,68.89,2025-06-05,ATM WITHDRAWAL FEE,D,N,Y,N
CH00001202,A0000712,45.21,2025-07-09,UPI REVERSAL FEE,D,N,Y,N
CH00001203,A0000713,207.29,2025-02-07,ATM WITHDRAWAL FEE,D,N,Y,N
CH00001204,A0000713,183.92,2025-04-16,ATM WITHDRAWAL FEE,D,N,Y,N
CH00001205,A0000714,123.15,2025-05-18,ATM WITHDRAWAL FEE,D,N,Y,N
CH00001206,A0000714,162.16,2025-08-19,UPI REVERSAL FEE,D,N,Y,N
CH00001207,A0000714,169.2,2025-09-22,UPI REVERSAL FEE,D,N,Y,N
CH00001208,A0000715,92.5,2024-12-28,UPI REVERSAL FEE,D,N,Y,N
CH00001209,A0000715,149.18,2025-06-14,ATM WITHDRAWAL FEE,D,N,Y,N
CH00001210,A0000716,101.11,2025-01-28,MIN BALANCE PENALTY,D,N,Y,N
CH00001211,A0000716,149.42,2025-08-07,UPI REVERSAL FEE,D,N,Y,N
CH00001212,A0000716,44.06,2025-09-09,UPI REVERSAL FEE,D,N,Y,N
CH00001213,A0000717,32.36,2025-05-15,ATM WITHDRAWAL FEE,D,N,Y,N
CH00001214,A0000719,235.48,2024-10-25,ATM WITHDRAWAL FEE,D,N,Y,N
CH00001215,A0000719,124.23,2025-09-27,IMPS CHARGE,D,N,Y,N
CH00001216,A0000720,108.94,2025-05-27,MIN BALANCE PENALTY,D,N,Y,N
CH00001217,A0000720,117.1,2025-07-30,ATM WITHDRAWAL FEE,D,N,Y,N
CH00001218,A0000721,17.46,2025-03-25,UPI REVERSAL FEE,D,N,Y,N
CH00001219,A0000721,17.55,2025-09-13,UPI REVERSAL FEE,D,N,Y,N
CH00001220,A0000724,240.63,2024-10-04,ATM WITHDRAWAL FEE,D,N,Y,N
CH00001221,A0000724,48.24,2024-11-16,SMS ALERT CHARGE,D,N,Y,N
CH00001222,A0000725,49.75,2024-11-14,CHEQUE BOOK CHARGE,D,N,Y,N
CH00001223,A0000727,51.72,2025-03-14,MIN BALANCE PENALTY,D,N,Y,N
CH00001224,A0000728,81.8,2024-10-05,IMPS CHARGE,D,N,Y,N
CH00001225,A0000728,190.54,2025-02-18,ATM WITHDRAWAL FEE,D,N,Y,N
CH00001226,A0000728,214.16,2025-08-10,CHEQUE BOOK CHARGE,D,N,Y,N
CH00001227,A0000731,133.92,2025-02-24,UPI REVERSAL FEE,D,N,Y,N
CH00001228,A0000731,241.83,2025-04-12,IMPS CHARGE,D,N,Y,N
CH00001229,A0000731,163.98,2025-06-25,CHEQUE BOOK CHARGE,D,N,Y,N
CH00001230,A0000733,76.15,2025-01-11,ATM WITHDRAWAL FEE,D,N,Y,N
CH00001231,A0000733,139.56,2025-07-18,CHEQUE BOOK CHARGE,D,N,Y,N
CH00001232,A0000734,174.5,2024-11-12,UPI REVERSAL FEE,D,N,Y,N
CH00001233,A0000735,222.29,2025-05-12,CHEQUE BOOK CHARGE,D,N,Y,N
CH00001234,A0000735,36.44,2025-06-03,CHEQUE BOOK CHARGE,D,N,Y,N
CH00001235,A0000735,104.06,2025-08-19,ATM WITHDRAWAL FEE,D,N,Y,N
CH00001236,A0000736,17.94,2024-12-14,SMS ALERT CHARGE,D,N,Y,N
CH00001237,A0000736,14.02,2025-01-05,IMPS CHARGE,D,N,Y,N
CH00001238,A0000736,119.51,2025-07-28,UPI REVERSAL FEE,D,N,Y,N
CH00001239,A0000736,203.07,2025-09-06,CHEQUE BOOK CHARGE,D,N,Y,N
CH00001240,A0000740,171.4,2024-10-25,MIN BALANCE PENALTY,D,N,Y,N
CH00001241,A0000740,74.64,2024-12-23,MIN BALANCE PENALTY,D,N,Y,N
CH00001242,A0000740,152.77,2025-05-06,UPI REVERSAL FEE,D,N,Y,N
CH00001243,A0000740,54.13,2025-09-10,MIN BALANCE PENALTY,D,N,Y,N
CH00001244,A0000741,249.6,2024-12-21,UPI REVERSAL FEE,D,N,Y,N
CH00001245,A0000741,220.01,2025-02-02,ATM WITHDRAWAL FEE,D,N,Y,N
CH00001246,A0000741,52.87,2025-05-29,UPI REVERSAL FEE,D,N,Y,N
CH00001247,A0000742,80.86,2025-03-08,UPI REVERSAL FEE,D,N,Y,N
CH00001248,A0000742,44.23,2025-09-09,SMS ALERT CHARGE,D,N,Y,N
CH00001249,A0000744,220.46,2025-03-10,SMS ALERT CHARGE,D,N,Y,N
CH00001250,A0000744,153.2,2025-06-17,IMPS CHARGE,D,N,Y,N
CH00001251,A0000744,235.31,2025-08-29,SMS ALERT CHARGE,D,N,Y,N
CH00001252,A0000749,120.05,2025-09-23,SMS ALERT CHARGE,D,N,Y,N
CH00001253,A0000750,53.83,2024-11-30,MIN BALANCE PENALTY,D,N,Y,N
CH00001254,A0000751,118.32,2025-01-13,UPI REVERSAL FEE,D,N,Y,N
CH00001255,A0000751,69.98,2025-07-30,CHEQUE BOOK CHARGE,D,N,Y,N
CH00001256,A0000751,192.65,2025-08-11,ATM WITHDRAWAL FEE,D,N,Y,N
CH00001257,A0000752,230.39,2024-11-26,MIN BALANCE PENALTY,D,N,Y,N
CH00001258,A0000753,100.1,2025-06-23,SMS ALERT CHARGE,D,N,Y,N
CH00001259,A0000754,193.57,2024-11-03,UPI REVERSAL FEE,D,N,Y,N
CH00001260,A0000754,20.09,2025-03-22,MIN BALANCE PENALTY,D,N,Y,N
CH00001261,A0000755,177.62,2025-06-23,CHEQUE BOOK CHARGE,D,N,Y,N
CH00001262,A0000756,130.3,2024-11-22,ATM WITHDRAWAL FEE,D,N,Y,N
CH00001263,A0000756,137.87,2025-01-09,CHEQUE BOOK CHARGE,D,N,Y,N
CH00001264,A0000756,98.13,2025-03-06,MIN BALANCE PENALTY,D,N,Y,N
CH00001265,A0000757,13.9,2025-01-10,SMS ALERT CHARGE,D,N,Y,N
CH00001266,A0000757,106.03,2025-02-01,UPI REVERSAL FEE,D,N,Y,N
CH00001267,A0000757,211.7,2025-04-22,IMPS CHARGE,D,N,Y,N
CH00001268,A0000758,45.25,2024-11-13,MIN BALANCE PENALTY,D,N,Y,N
CH00001269,A0000760,182.04,2024-10-04,CHEQUE BOOK CHARGE,D,N,Y,N
CH00001270,A0000760,69.7,2025-05-16,MIN BALANCE PENALTY,D,N,Y,N
CH00001271,A0000760,235.38,2025-07-23,CHEQUE BOOK CHARGE,D,N,Y,N
CH00001272,A0000760,46.54,2025-08-18,SMS ALERT CHARGE,D,N,Y,N
CH00001273,A0000761,65.4,2025-04-26,ATM WITHDRAWAL FEE,D,N,Y,N
CH00001274,A0000762,106.78,2024-11-18,CHEQUE BOOK CHARGE,D,N,Y,N
CH00001275,A0000762,196.11,2025-07-12,IMPS CHARGE,D,N,Y,N
CH00001276,A0000763,78.09,2025-03-18,ATM WITHDRAWAL FEE,D,N,Y,N
CH00001277,A0000764,99.48,2025-03-27,MIN BALANCE PENALTY,D,N,Y,N
CH00001278,A0000764,205.98,2025-05-13,UPI REVERSAL FEE,D,N,Y,N
CH00001279,A0000764,42.37,2025-09-25,ATM WITHDRAWAL FEE,D,N,Y,N
CH00001280,A0000765,54.64,2025-08-23,IMPS CHARGE,D,N,Y,N
CH00001281,A0000766,54.28,2025-04-18,CHEQUE BOOK CHARGE,D,N,Y,N
CH00001282,A0000766,158.77,2025-08-13,ATM WITHDRAWAL FEE,D,N,Y,N
CH00001283,A0000766,110.07,2025-09-18,ATM WITHDRAWAL FEE,D,N,Y,N
CH00001284,A0000767,237.67,2025-02-14,IMPS CHARGE,D,N,Y,N
CH00001285,A0000768,107.96,2025-01-13,SMS ALERT CHARGE,D,N,Y,N
CH00001286,A0000768,100.47,2025-02-17,IMPS CHARGE,D,N,Y,N
CH00001287,A0000768,167.75,2025-06-11,SMS ALERT CHARGE,D,N,Y,N
CH00001288,A0000770,229.56,2024-10-13,IMPS CHARGE,D,N,Y,N
CH00001289,A0000770,238.32,2025-04-05,IMPS CHARGE,D,N,Y,N
CH00001290,A0000770,61.68,2025-06-23,IMPS CHARGE,D,N,Y,N
CH00001291,A0000771,124.59,2025-06-07,CHEQUE BOOK CHARGE,D,N,Y,N
CH00001292,A0000771,133.54,2025-07-14,UPI REVERSAL FEE,D,N,Y,N
CH00001293,A0000772,118.23,2025-08-16,SMS ALERT CHARGE,D,N,Y,N
CH00001294,A0000774,229.93,2024-10-20,CHEQUE BOOK CHARGE,D,N,Y,N
CH00001295,A0000776,82.27,2024-11-30,SMS ALERT CHARGE,D,N,Y,N
CH00001296,A0000776,136.05,2025-02-20,ATM WITHDRAWAL FEE,D,N,Y,N
CH00001297,A0000776,237.41,2025-04-14,MIN BALANCE PENALTY,D,N,Y,N
CH00001298,A0000776,205.14,2025-09-11,ATM WITHDRAWAL FEE,D,N,Y,N
CH00001299,A0000777,58.03,2024-11-20,IMPS CHARGE,D,N,Y,N
CH00001300,A0000777,55.5,2025-04-07,IMPS CHARGE,D,N,Y,N
CH00001301,A0000777,47.14,2025-06-28,SMS ALERT CHARGE,D,N,Y,N
CH00001302,A0000778,12.36,2025-02-16,ATM WITHDRAWAL FEE,D,N,Y,N
CH00001303,A0000778,79.5,2025-04-28,ATM WITHDRAWAL FEE,D,N,Y,N
CH00001304,A0000778,244.93,2025-09-10,UPI REVERSAL FEE,D,N,Y,N
CH00001305,A0000779,233.19,2025-08-17,SMS ALERT CHARGE,D,N,Y,N
CH00001306,A0000780,158.07,2025-09-04,UPI REVERSAL FEE,D,N,Y,N
CH00001307,A0000781,239.58,2024-10-29,MIN BALANCE PENALTY,D,N,Y,N
CH00001308,A0000781,166.5,2025-01-08,SMS ALERT CHARGE,D,N,Y,N
CH00001309,A0000782,18.1,2025-01-04,MIN BALANCE PENALTY,D,N,Y,N
CH00001310,A0000782,234.59,2025-09-07,ATM WITHDRAWAL FEE,D,N,Y,N
CH00001311,A0000783,82.12,2024-11-24,ATM WITHDRAWAL FEE,D,N,Y,N
CH00001312,A0000783,133.98,2024-12-25,IMPS CHARGE,D,N,Y,N
CH00001313,A0000783,87.14,2025-01-16,UPI REVERSAL FEE,D,N,Y,N
CH00001314,A0000784,140.46,2025-02-02,SMS ALERT CHARGE,D,N,Y,N
CH00001315,A0000784,151.94,2025-04-29,IMPS CHARGE,D,N,Y,N
CH00001316,A0000784,164.66,2025-09-17,UPI REVERSAL FEE,D,N,Y,N
CH00001317,A0000786,81.31,2025-09-18,UPI REVERSAL FEE,D,N,Y,N
CH00001318,A0000787,170.11,2025-02-03,UPI REVERSAL FEE,D,N,Y,N
CH00001319,A0000788,81.24,2024-11-26,ATM WITHDRAWAL FEE,D,N,Y,N
CH00001320,A0000788,159.06,2025-02-18,UPI REVERSAL FEE,D,N,Y,N
CH00001321,A0000789,46.32,2025-05-11,IMPS CHARGE,D,N,Y,N
CH00001322,A0000790,66.05,2025-04-25,SMS ALERT CHARGE,D,N,Y,N
CH00001323,A0000792,146.85,2025-05-31,CHEQUE BOOK CHARGE,D,N,Y,N
CH00001324,A0000793,112.75,2025-03-18,ATM WITHDRAWAL FEE,D,N,Y,N
CH00001325,A0000794,236.39,2024-10-12,IMPS CHARGE,D,N,Y,N
CH00001326,A0000794,106.16,2025-03-12,IMPS CHARGE,D,N,Y,N
CH00001327,A0000794,196.43,2025-04-04,ATM WITHDRAWAL FEE,D,N,Y,N
CH00001328,A0000794,247.06,2025-07-11,MIN BALANCE PENALTY,D,N,Y,N
CH00001329,A0000795,138.15,2025-01-19,ATM WITHDRAWAL FEE,D,N,Y,N
CH00001330,A0000795,123.73,2025-02-26,MIN BALANCE PENALTY,D,N,Y,N
CH00001331,A0000795,160.71,2025-04-23,ATM WITHDRAWAL FEE,D,N,Y,N
CH00001332,A0000795,157.76,2025-06-16,CHEQUE BOOK CHARGE,D,N,Y,N
CH00001333,A0000795,234.75,2025-07-28,CHEQUE BOOK CHARGE,D,N,Y,N
CH00001334,A0000795,89.97,2025-08-13,CHEQUE BOOK CHARGE,D,N,Y,N
CH00001335,A0000796,191.85,2024-11-26,UPI REVERSAL FEE,D,N,Y,N
CH00001336,A0000796,164.07,2025-03-08,MIN BALANCE PENALTY,D,N,Y,N
CH00001337,A0000796,213.19,2025-04-03,MIN BALANCE PENALTY,D,N,Y,N
CH00001338,A0000796,200.9,2025-09-23,MIN BALANCE PENALTY,D,N,Y,N
CH00001339,A0000797,71.83,2025-08-16,UPI REVERSAL FEE,D,N,Y,N
CH00001340,A0000798,86.32,2025-05-26,ATM WITHDRAWAL FEE,D,N,Y,N
CH00001341,A0000799,56.6,2024-12-10,UPI REVERSAL FEE,D,N,Y,N
CH00001342,A0000799,85.78,2025-02-09,CHEQUE BOOK CHARGE,D,N,Y,N
CH00001343,A0000801,13.06,2025-01-28,CHEQUE BOOK CHARGE,D,N,Y,N
CH00001344,A0000801,129.01,2025-02-13,UPI REVERSAL FEE,D,N,Y,N
CH00001345,A0000801,27.59,2025-04-25,MIN BALANCE PENALTY,D,N,Y,N
CH00001346,A0000801,64.18,2025-06-29,ATM WITHDRAWAL FEE,D,N,Y,N
CH00001347,A0000803,148.14,2024-12-07,UPI REVERSAL FEE,D,N,Y,N
CH00001348,A0000803,241.84,2025-06-25,SMS ALERT CHARGE,D,N,Y,N
CH00001349,A0000804,90.05,2025-02-06,IMPS CHARGE,D,N,Y,N
CH00001350,A0000804,210.6,2025-03-08,IMPS CHARGE,D,N,Y,N
CH00001351,A0000806,27.04,2025-02-05,SMS ALERT CHARGE,D,N,Y,N
CH00001352,A0000806,126.23,2025-05-15,SMS ALERT CHARGE,D,N,Y,N
CH00001353,A0000808,19.68,2025-02-14,MIN BALANCE PENALTY,D,N,Y,N
CH00001354,A0000808,54.12,2025-04-07,MIN BALANCE PENALTY,D,N,Y,N
CH00001355,A0000808,249.11,2025-07-04,MIN BALANCE PENALTY,D,N,Y,N
CH00001356,A0000809,117.65,2024-11-03,IMPS CHARGE,D,N,Y,N
CH00001357,A0000809,10.02,2025-04-11,MIN BALANCE PENALTY,D,N,Y,N
CH00001358,A0000809,113.5,2025-06-15,CHEQUE BOOK CHARGE,D,N,Y,N
CH00001359,A0000810,240.1,2025-04-07,CHEQUE BOOK CHARGE,D,N,Y,N
CH00001360,A0000810,40.88,2025-07-04,SMS ALERT CHARGE,D,N,Y,N
CH00001361,A0000811,246.75,2024-11-20,ATM WITHDRAWAL FEE,D,N,Y,N
CH00001362,A0000811,210.87,2024-12-09,CHEQUE BOOK CHARGE,D,N,Y,N
CH00001363,A0000811,28.29,2025-02-18,IMPS CHARGE,D,N,Y,N
CH00001364,A0000811,198.74,2025-07-29,UPI REVERSAL FEE,D,N,Y,N
CH00001365,A0000812,244.59,2024-11-29,UPI REVERSAL FEE,D,N,Y,N
CH00001366,A0000812,214.8,2025-05-14,MIN BALANCE PENALTY,D,N,Y,N
CH00001367,A0000812,126.0,2025-08-29,SMS ALERT CHARGE,D,N,Y,N
CH00001368,A0000813,49.95,2024-12-10,IMPS CHARGE,D,N,Y,N
CH00001369,A0000813,93.31,2025-04-12,MIN BALANCE PENALTY,D,N,Y,N
CH00001370,A0000813,102.05,2025-07-20,MIN BALANCE PENALTY,D,N,Y,N
CH00001371,A0000814,155.2,2025-07-30,ATM WITHDRAWAL FEE,D,N,Y,N
CH00001372,A0000815,200.75,2025-07-14,IMPS CHARGE,D,N,Y,N
CH00001373,A0000816,92.64,2025-02-28,IMPS CHARGE,D,N,Y,N
CH00001374,A0000816,28.97,2025-04-07,UPI REVERSAL FEE,D,N,Y,N
CH00001375,A0000817,32.9,2025-05-06,CHEQUE BOOK CHARGE,D,N,Y,N
CH00001376,A0000817,75.1,2025-06-22,IMPS CHARGE,D,N,Y,N
CH00001377,A0000817,170.58,2025-08-19,SMS ALERT CHARGE,D,N,Y,N
CH00001378,A0000818,169.94,2024-11-11,CHEQUE BOOK CHARGE,D,N,Y,N
CH00001379,A0000818,165.19,2025-02-27,CHEQUE BOOK CHARGE,D,N,Y,N
CH00001380,A0000818,22.14,2025-03-31,ATM WITHDRAWAL FEE,D,N,Y,N
CH00001381,A0000818,69.0,2025-04-12,ATM WITHDRAWAL FEE,D,N,Y,N
CH00001382,A0000819,84.76,2024-11-08,MIN BALANCE PENALTY,D,N,Y,N
CH00001383,A0000819,139.5,2025-02-25,ATM WITHDRAWAL FEE,D,N,Y,N
CH00001384,A0000819,69.67,2025-04-06,UPI REVERSAL FEE,D,N,Y,N
CH00001385,A0000819,45.91,2025-06-13,ATM WITHDRAWAL FEE,D,N,Y,N
CH00001386,A0000819,139.51,2025-07-06,UPI REVERSAL FEE,D,N,Y,N
CH00001387,A0000822,151.26,2024-10-25,CHEQUE BOOK CHARGE,D,N,Y,N
CH00001388,A0000823,48.48,2025-08-07,UPI REVERSAL FEE,D,N,Y,N
CH00001389,A0000824,19.58,2025-02-05,IMPS CHARGE,D,N,Y,N
CH00001390,A0000824,229.68,2025-08-20,IMPS CHARGE,D,N,Y,N
CH00001391,A0000824,105.84,2025-09-13,MIN BALANCE PENALTY,D,N,Y,N
CH00001392,A0000825,243.3,2025-02-08,UPI REVERSAL FEE,D,N,Y,N
CH00001393,A0000825,168.42,2025-09-30,IMPS CHARGE,D,N,Y,N
CH00001394,A0000826,12.99,2025-05-14,CHEQUE BOOK CHARGE,D,N,Y,N
CH00001395,A0000827,47.79,2024-10-21,UPI REVERSAL FEE,D,N,Y,N
CH00001396,A0000827,31.73,2024-11-20,CHEQUE BOOK CHARGE,D,N,Y,N
CH00001397,A0000828,176.09,2025-09-21,UPI REVERSAL FEE,D,N,Y,N
CH00001398,A0000829,59.6,2025-02-09,SMS ALERT CHARGE,D,N,Y,N
CH00001399,A0000829,66.82,2025-03-08,UPI REVERSAL FEE,D,N,Y,N
CH00001400,A0000829,41.72,2025-04-17,ATM WITHDRAWAL FEE,D,N,Y,N
CH00001401,A0000829,155.18,2025-05-25,CHEQUE BOOK CHARGE,D,N,Y,N
CH00001402,A0000830,73.28,2024-11-21,ATM WITHDRAWAL FEE,D,N,Y,N
CH00001403,A0000830,227.89,2025-01-15,ATM WITHDRAWAL FEE,D,N,Y,N
CH00001404,A0000830,194.47,2025-05-07,CHEQUE BOOK CHARGE,D,N,Y,N
CH00001405,A0000831,20.22,2024-10-16,UPI REVERSAL FEE,D,N,Y,N
CH00001406,A0000831,144.01,2025-03-12,ATM WITHDRAWAL FEE,D,N,Y,N
CH00001407,A0000832,50.37,2025-05-12,UPI REVERSAL FEE,D,N,Y,N
CH00001408,A0000832,38.2,2025-06-08,UPI REVERSAL FEE,D,N,Y,N
CH00001409,A0000832,32.24,2025-07-12,UPI REVERSAL FEE,D,N,Y,N
CH00001410,A0000833,176.26,2025-03-05,MIN BALANCE PENALTY,D,N,Y,N
CH00001411,A0000834,63.37,2025-05-04,ATM WITHDRAWAL FEE,D,N,Y,N
CH00001412,A0000835,173.38,2025-04-24,SMS ALERT CHARGE,D,N,Y,N
CH00001413,A0000835,103.55,2025-06-05,ATM WITHDRAWAL FEE,D,N,Y,N
CH00001414,A0000836,90.47,2025-01-28,MIN BALANCE PENALTY,D,N,Y,N
CH00001415,A0000837,91.24,2024-12-14,ATM WITHDRAWAL FEE,D,N,Y,N
CH00001416,A0000837,49.12,2025-07-21,CHEQUE BOOK CHARGE,D,N,Y,N
CH00001417,A0000838,54.75,2025-01-24,ATM WITHDRAWAL FEE,D,N,Y,N
CH00001418,A0000838,152.56,2025-05-28,CHEQUE BOOK CHARGE,D,N,Y,N
CH00001419,A0000839,80.86,2025-02-27,CHEQUE BOOK CHARGE,D,N,Y,N
CH00001420,A0000839,174.1,2025-06-05,SMS ALERT CHARGE,D,N,Y,N
CH00001421,A0000841,14.34,2025-01-27,SMS ALERT CHARGE,D,N,Y,N
CH00001422,A0000841,227.2,2025-04-11,UPI REVERSAL FEE,D,N,Y,N
CH00001423,A0000842,124.25,2024-11-30,MIN BALANCE PENALTY,D,N,Y,N
CH00001424,A0000842,180.68,2025-03-20,MIN BALANCE PENALTY,D,N,Y,N
CH00001425,A0000842,184.34,2025-06-15,ATM WITHDRAWAL FEE,D,N,Y,N
CH00001426,A0000842,137.64,2025-07-04,UPI REVERSAL FEE,D,N,Y,N
CH00001427,A0000842,43.02,2025-09-06,UPI REVERSAL FEE,D,N,Y,N
CH00001428,A0000843,29.18,2025-04-24,ATM WITHDRAWAL FEE,D,N,Y,N
CH00001429,A0000843,103.7,2025-05-22,ATM WITHDRAWAL FEE,D,N,Y,N
CH00001430,A0000843,158.22,2025-08-05,MIN BALANCE PENALTY,D,N,Y,N
CH00001431,A0000844,68.53,2024-10-08,MIN BALANCE PENALTY,D,N,Y,N
CH00001432,A0000844,220.34,2025-01-18,CHEQUE BOOK CHARGE,D,N,Y,N
CH00001433,A0000844,103.0,2025-09-05,CHEQUE BOOK CHARGE,D,N,Y,N
CH00001434,A0000845,219.47,2025-02-24,SMS ALERT CHARGE,D,N,Y,N
CH00001435,A0000845,88.41,2025-08-24,IMPS CHARGE,D,N,Y,N
CH00001436,A0000846,231.48,2024-11-18,MIN BALANCE PENALTY,D,N,Y,N
CH00001437,A0000846,244.29,2025-01-24,SMS ALERT CHARGE,D,N,Y,N
CH00001438,A0000847,102.25,2024-11-07,UPI REVERSAL FEE,D,N,Y,N
CH00001439,A0000847,82.29,2025-01-14,SMS ALERT CHARGE,D,N,Y,N
CH00001440,A0000847,126.68,2025-04-19,IMPS CHARGE,D,N,Y,N
CH00001441,A0000847,11.43,2025-07-17,CHEQUE BOOK CHARGE,D,N,Y,N
CH00001442,A0000849,106.31,2024-10-15,MIN BALANCE PENALTY,D,N,Y,N
CH00001443,A0000849,22.44,2024-12-05,SMS ALERT CHARGE,D,N,Y,N
CH00001444,A0000849,105.09,2025-03-30,SMS ALERT CHARGE,D,N,Y,N
CH00001445,A0000849,209.02,2025-04-17,MIN BALANCE PENALTY,D,N,Y,N
CH00001446,A0000850,41.02,2025-03-30,IMPS CHARGE,D,N,Y,N
CH00001447,A0000850,31.06,2025-08-11,UPI REVERSAL FEE,D,N,Y,N
CH00001448,A0000852,73.84,2025-06-17,ATM WITHDRAWAL FEE,D,N,Y,N
CH00001449,A0000853,140.8,2025-01-12,ATM WITHDRAWAL FEE,D,N,Y,N
CH00001450,A0000854,216.3,2024-10-31,IMPS CHARGE,D,N,Y,N
CH00001451,A0000854,152.17,2025-01-30,SMS ALERT CHARGE,D,N,Y,N
CH00001452,A0000854,203.32,2025-04-29,SMS ALERT CHARGE,D,N,Y,N
CH00001453,A0000854,16.91,2025-07-11,MIN BALANCE PENALTY,D,N,Y,N
CH00001454,A0000854,15.59,2025-08-27,MIN BALANCE PENALTY,D,N,Y,N
CH00001455,A0000854,47.94,2025-09-20,SMS ALERT CHARGE,D,N,Y,N
CH00001456,A0000856,236.26,2024-12-07,MIN BALANCE PENALTY,D,N,Y,N
CH00001457,A0000856,122.2,2025-05-13,IMPS CHARGE,D,N,Y,N
CH00001458,A0000856,65.5,2025-06-19,ATM WITHDRAWAL FEE,D,N,Y,N
CH00001459,A0000856,165.82,2025-08-13,SMS ALERT CHARGE,D,N,Y,N
CH00001460,A0000857,20.0,2025-07-19,IMPS CHARGE,D,N,Y,N
CH00001461,A0000858,138.03,2025-02-06,ATM WITHDRAWAL FEE,D,N,Y,N
CH00001462,A0000858,217.13,2025-04-26,CHEQUE BOOK CHARGE,D,N,Y,N
CH00001463,A0000858,230.14,2025-07-20,CHEQUE BOOK CHARGE,D,N,Y,N
CH00001464,A0000858,168.78,2025-08-22,MIN BALANCE PENALTY,D,N,Y,N
CH00001465,A0000859,75.61,2024-11-05,UPI REVERSAL FEE,D,N,Y,N
CH00001466,A0000859,238.44,2025-02-10,ATM WITHDRAWAL FEE,D,N,Y,N
CH00001467,A0000859,78.6,2025-09-20,IMPS CHARGE,D,N,Y,N
CH00001468,A0000861,77.56,2025-01-12,MIN BALANCE PENALTY,D,N,Y,N
CH00001469,A0000861,64.03,2025-07-21,ATM WITHDRAWAL FEE,D,N,Y,N
CH00001470,A0000862,143.79,2025-05-28,UPI REVERSAL FEE,D,N,Y,N
CH00001471,A0000863,38.99,2025-01-14,IMPS CHARGE,D,N,Y,N
CH00001472,A0000863,103.43,2025-06-11,UPI REVERSAL FEE,D,N,Y,N
CH00001473,A0000864,137.05,2024-12-20,MIN BALANCE PENALTY,D,N,Y,N
CH00001474,A0000864,212.86,2025-03-05,MIN BALANCE PENALTY,D,N,Y,N
CH00001475,A0000864,245.28,2025-05-19,SMS ALERT CHARGE,D,N,Y,N
CH00001476,A0000865,50.29,2024-12-04,UPI REVERSAL FEE,D,N,Y,N
CH00001477,A0000865,45.86,2025-08-20,CHEQUE BOOK CHARGE,D,N,Y,N
CH00001478,A0000865,128.81,2025-09-11,MIN BALANCE PENALTY,D,N,Y,N
CH00001479,A0000867,107.78,2024-10-09,ATM WITHDRAWAL FEE,D,N,Y,N
CH00001480,A0000869,242.68,2025-01-24,CHEQUE BOOK CHARGE,D,N,Y,N
CH00001481,A0000869,204.61,2025-07-28,SMS ALERT CHARGE,D,N,Y,N
CH00001482,A0000870,140.02,2025-02-19,ATM WITHDRAWAL FEE,D,N,Y,N
CH00001483,A0000870,12.52,2025-03-17,CHEQUE BOOK CHARGE,D,N,Y,N
CH00001484,A0000870,163.68,2025-06-03,CHEQUE BOOK CHARGE,D,N,Y,N
CH00001485,A0000872,13.85,2024-12-19,SMS ALERT CHARGE,D,N,Y,N
CH00001486,A0000872,201.95,2025-02-17,ATM WITHDRAWAL FEE,D,N,Y,N
CH00001487,A0000872,130.95,2025-04-19,ATM WITHDRAWAL FEE,D,N,Y,N
CH00001488,A0000872,99.87,2025-05-29,SMS ALERT CHARGE,D,N,Y,N
CH00001489,A0000873,11.05,2025-02-07,CHEQUE BOOK CHARGE,D,N,Y,N
CH00001490,A0000873,173.05,2025-04-23,UPI REVERSAL FEE,D,N,Y,N
CH00001491,A0000873,111.56,2025-05-29,ATM WITHDRAWAL FEE,D,N,Y,N
CH00001492,A0000873,111.58,2025-09-20,MIN BALANCE PENALTY,D,N,Y,N
CH00001493,A0000875,115.61,2024-12-15,ATM WITHDRAWAL FEE,D,N,Y,N
CH00001494,A0000876,40.95,2024-10-20,MIN BALANCE PENALTY,D,N,Y,N
CH00001495,A0000876,28.01,2024-11-21,SMS ALERT CHARGE,D,N,Y,N
CH00001496,A0000877,88.34,2024-10-13,CHEQUE BOOK CHARGE,D,N,Y,N
CH00001497,A0000877,73.68,2024-12-13,UPI REVERSAL FEE,D,N,Y,N
