aa_customer_id,num_accounts,num_bank_relationships,num_anchor_accounts,num_comp_accounts,total_balance_all_banks,anchor_balance,competitor_balance,total_credit_limit,txn_count_total,total_inflows,total_outflows,avg_txn_amount,txns_last_90d,digital_txn_count,digital_usage_ratio,avg_monthly_inflows,avg_monthly_outflows,has_aa_txn
1,4,3,2,2,21863.05,8226.7,13636.35,102253.92,176.0,25167.63,311444.44,1912.568579545455,30.0,127.0,0.7215909090909091,2097.3025,25953.703333333335,1
2,5,3,2,3,1824.04,1603.02,221.02,300613.15,239.0,95226.53,432509.93,2208.102343096234,34.0,169.0,0.7071129707112971,7935.544166666667,36042.494166666664,1
3,1,1,1,0,207.16,207.16,0.0,0.0,62.0,0.0,54255.67,875.0914516129031,18.0,52.0,0.8387096774193549,0.0,4521.305833333333,1
4,3,2,1,2,1201.77,290.83,910.94,1814.08,151.0,43667.41,331585.93,2485.1214569536423,20.0,114.0,0.7549668874172185,3638.950833333333,27632.16083333333,1
5,7,3,2,5,14665.3,9757.81,4907.49,1003271.86,247.0,229058.84,241295.25,1904.2675708502024,0.0,168.0,0.680161943319838,19088.236666666668,20107.9375,1
6,3,2,2,1,7495.259999999999,6964.5599999999995,530.7,300000.0,76.0,27412.66,60991.83,1163.2169736842104,0.0,47.0,0.618421052631579,2284.3883333333333,5082.6525,1
7,6,3,2,4,2256.02,501.57,1754.45,990.64,310.0,179909.71,375319.64,1791.0624193548383,42.0,223.0,0.7193548387096774,14992.475833333332,31276.63666666667,1
8,4,2,2,2,53717.84,19802.33,33915.51,200000.0,190.0,35809.17,197319.94,1226.9953157894736,29.0,138.0,0.7263157894736842,2984.0975,16443.328333333335,1
9,4,2,2,2,4538.68,4208.700000000001,329.98,101392.72,215.0,15795.72,418893.98,2021.812558139535,43.0,165.0,0.7674418604651163,1316.31,34907.831666666665,1
10,5,2,3,2,19767.460000000003,19601.63,165.82999999999998,600000.0,107.0,48276.72,107376.58,1454.703738317757,0.0,75.0,0.7009345794392523,4023.06,8948.048333333334,1
11,2,1,2,0,4388.5599999999995,4388.5599999999995,0.0,1000000.0,82.0,0.0,163083.2,1988.819512195122,19.0,68.0,0.8292682926829268,0.0,13590.266666666668,1
12,7,3,2,5,17262.14,2236.54,15025.6,502103.57,258.0,85568.08,249259.43,1297.781046511628,21.0,193.0,0.748062015503876,7130.673333333333,20771.619166666667,1
13,4,2,3,1,17239.420000000002,16897.82,341.6,351359.54,220.0,28241.06,291206.12,1452.0326363636364,44.0,180.0,0.8181818181818182,2353.4216666666666,24267.176666666663,1
14,5,3,1,4,3999.56,763.24,3236.3199999999997,2037.28,181.0,107422.95,128855.07,1305.4034254143648,0.0,122.0,0.6740331491712708,8951.9125,10737.9225,1
15,1,1,1,0,165.12,165.12,0.0,0.0,0.0,0.0,0.0,0.0,0.0,0.0,0.0,,,0
16,1,1,1,0,51.75,51.75,0.0,0.0,64.0,0.0,51748.66,808.5728125,15.0,48.0,0.75,0.0,4312.388333333333,1
17,3,2,2,1,2339.7299999999996,2313.5299999999997,26.2,100207.88,107.0,31940.04,172549.34,1911.1157009345795,22.0,90.0,0.8411214953271028,2661.67,14379.111666666666,1
18,3,2,2,1,3818.99,3540.0,278.99,200000.0,138.0,40066.04,236859.27,2006.705144927536,15.0,101.0,0.7318840579710145,3338.8366666666666,19738.2725,1
19,3,1,3,0,20718.16,20718.16,0.0,1200000.0,117.0,0.0,231036.31,1974.669316239316,27.0,98.0,0.8376068376068376,0.0,19253.025833333333,1
20,3,1,3,0,18392.46,18392.46,0.0,300000.0,141.0,0.0,460970.3,3269.2929078014186,31.0,109.0,0.7730496453900709,0.0,38414.191666666666,1
21,3,2,2,1,3814.17,3632.69,181.48,1001284.39,133.0,16400.260000000002,206027.24,1672.3872180451128,21.0,112.0,0.8421052631578947,1366.6883333333335,17168.936666666665,1
22,6,3,3,3,70069.14,13195.7,56873.44,359882.7,126.0,123891.47,74109.2,1571.4338888888888,0.0,87.0,0.6904761904761905,10324.289166666667,6175.766666666666,1
23,7,3,1,6,54480.630000000005,35.63,54445.0,263610.0,344.0,161384.44,244250.24,1179.1705813953488,9.0,244.0,0.7093023255813954,13448.703333333331,20354.186666666665,1
24,6,3,2,4,13055.87,2493.0,10562.87,100667.62,274.0,93479.06,284230.06,1378.5004379562045,39.0,194.0,0.708029197080292,7789.921666666666,23685.838333333333,1
25,9,3,3,6,39682.98,15585.09,24097.89,1102280.16,416.0,79513.54,590385.37,1610.333918269231,61.0,299.0,0.71875,6626.128333333333,49198.78083333333,1
26,6,3,3,3,10933.41,10549.81,383.6,1051027.52,247.0,91540.04,458622.76,2227.3797570850206,39.0,167.0,0.6761133603238867,7628.336666666666,38218.56333333333,1
27,4,2,1,3,470.0700000000001,62.55,407.52,2100.0,195.0,126323.07,107032.87,1196.697128205128,16.0,135.0,0.6923076923076923,10526.9225,8919.405833333332,1
28,6,2,3,3,22929.22,11288.759999999998,11640.46,1000000.0,279.0,98280.94,466124.19,2022.9574551971327,37.0,203.0,0.7275985663082437,8190.078333333334,38843.6825,1
29,4,2,1,3,28619.31,34.75,28584.56,0.0,212.0,142050.04,115707.9,1215.8393396226415,14.0,154.0,0.7264150943396226,11837.503333333334,9642.325,1
30,6,3,2,4,8944.519999999999,8254.43,690.0899999999999,100877.24,291.0,102726.81,306753.63,1407.1492783505155,34.0,198.0,0.6804123711340206,8560.5675,25562.8025,1
31,1,1,1,0,537.08,537.08,0.0,0.0,64.0,0.0,225447.06,3522.6103125,19.0,49.0,0.765625,0.0,18787.255,1
32,3,2,1,2,33745.92,108.18,33637.74,61477.33,116.0,48077.42,108741.01,1351.883017241379,6.0,80.0,0.6896551724137931,4006.4516666666664,9061.750833333334,1
33,1,1,1,0,777.84,777.84,0.0,0.0,67.0,0.0,239447.69,3573.846119402985,21.0,61.0,0.9104477611940298,0.0,19953.974166666667,1
34,8,3,2,6,44191.48,1649.86,42541.62,364656.45,361.0,167418.46,337393.27,1398.3704432132963,23.0,268.0,0.7423822714681441,13951.538333333332,28116.105833333335,1
35,6,3,2,4,35934.36,17847.43,18086.93,300664.98,235.0,131761.09,255048.53,1645.9983829787234,28.0,174.0,0.7404255319148936,10980.090833333334,21254.044166666667,1
36,6,2,3,3,21364.85,2042.71,19322.14,200000.0,350.0,92757.91,667923.3,2173.3748857142855,59.0,271.0,0.7742857142857142,7729.825833333333,55660.275,1
37,5,2,2,3,6689.250000000001,6195.320000000001,493.93,200330.6,251.0,21336.49,426233.16,1783.146015936255,47.0,185.0,0.7370517928286853,1778.0408333333337,35519.43,1
38,5,3,1,4,2388.5699999999997,367.33,2021.24,0.0,244.0,179385.49,172451.19,1441.953606557377,18.0,171.0,0.7008196721311475,14948.790833333333,14370.9325,1
39,2,1,2,0,2158.23,2158.23,0.0,50000.0,97.0,0.0,196680.33,2027.632268041237,22.0,65.0,0.6701030927835051,0.0,16390.0275,1
40,6,3,2,4,15238.59,11343.5,3895.09,300209.35,145.0,66135.27,111194.28,1222.9624137931037,0.0,101.0,0.696551724137931,5511.2725,9266.19,1
41,7,3,1,6,36565.20999999999,325.87,36239.34,8439.05,256.0,95173.46,208732.23,1187.1316015625,21.0,187.0,0.73046875,7931.121666666667,17394.3525,1
42,2,2,1,1,247.41000000000005,89.14,158.27,0.0,115.0,44094.38,67324.7,968.8615652173912,22.0,86.0,0.7478260869565218,3674.5316666666663,5610.391666666666,1
43,6,3,2,4,13521.9,9250.06,4271.84,300933.32,315.0,105072.84,297272.03,1277.2853015873015,35.0,237.0,0.7523809523809524,8756.07,24772.66916666667,1
44,2,1,2,0,8743.33,8743.33,0.0,200000.0,127.0,0.0,159165.4,1253.2708661417323,33.0,103.0,0.8110236220472441,0.0,13263.783333333333,1
45,7,3,2,5,20418.57,2755.33,17663.24,300794.38,259.0,119683.08,422716.05,2094.205135135135,31.0,183.0,0.7065637065637066,9973.59,35226.3375,1
46,5,2,2,3,11998.34,9510.68,2487.66,207513.07,283.0,65965.15,490437.8,1966.088162544169,40.0,209.0,0.7385159010600707,5497.095833333333,40869.816666666666,1
47,1,1,1,0,65.58,65.58,0.0,0.0,60.0,0.0,45743.97,762.3995,14.0,46.0,0.7666666666666667,0.0,3811.9975,1
48,8,3,2,6,3026.51,673.89,2352.62,204639.48,314.0,143431.46,356868.62,1593.312356687898,24.0,232.0,0.7388535031847133,11952.621666666666,29739.051666666663,1
49,3,1,3,0,27038.42,27038.42,0.0,100000.0,0.0,0.0,0.0,0.0,0.0,0.0,0.0,,,0
50,2,1,2,0,5738.6,5738.6,0.0,1000000.0,124.0,0.0,172343.58,1389.8675806451613,27.0,105.0,0.8467741935483871,0.0,14361.964999999998,1
51,2,2,1,1,184.22,67.02,117.2,545.42,105.0,14624.05,88861.44,985.5760952380951,10.0,80.0,0.7619047619047619,1218.6708333333331,7405.12,1
52,2,2,1,1,840.27,100.86,739.41,5780.78,101.0,24429.49,275745.84,2972.03297029703,13.0,80.0,0.7920792079207921,2035.7908333333337,22978.820000000003,1
53,4,2,1,3,603.79,64.36,539.43,1583.04,201.0,113759.66,134435.68,1234.802686567164,16.0,151.0,0.7512437810945274,9479.971666666666,11202.973333333332,1
54,3,2,1,2,3987.6,81.29,3906.31,951.84,139.0,26010.14,132432.75,1139.8769064748203,17.0,103.0,0.7410071942446043,2167.5116666666668,11036.0625,1
55,3,2,2,1,4348.29,745.87,3602.42,0.0,43.0,28335.56,27373.98,1295.5706976744186,0.0,23.0,0.5348837209302325,2361.2966666666666,2281.165,1
56,4,2,3,1,3672.79,3555.73,117.06,500864.71,192.0,31951.07,507141.77,2807.775208333333,33.0,151.0,0.7864583333333334,2662.589166666666,42261.81416666667,1
57,6,3,1,5,31129.34,128.05,31001.289999999997,1418.74,256.0,149783.9,134380.96,1110.018984375,12.0,194.0,0.7578125,12481.991666666669,11198.413333333332,1
58,1,1,1,0,117.47,117.47,0.0,0.0,49.0,0.0,36264.97,740.1014285714286,6.0,37.0,0.7551020408163265,0.0,3022.0808333333334,1
59,2,2,1,1,840.75,182.32,658.43,0.0,107.0,41410.46,96837.06,1292.0328971962615,18.0,85.0,0.794392523364486,3450.8716666666664,8069.755,1
60,5,3,1,4,5494.27,292.52,5201.750000000001,36604.99,200.0,82958.90000000001,102402.87,926.80885,18.0,141.0,0.705,6913.241666666668,8533.5725,1
61,1,1,1,0,120.19,120.19,0.0,0.0,64.0,0.0,56379.38,880.9278125,15.0,54.0,0.84375,0.0,4698.281666666667,1
62,2,1,2,0,293.69,293.69,0.0,0.0,0.0,0.0,0.0,0.0,0.0,0.0,0.0,,,0
63,6,3,1,5,17199.940000000002,242.67,16957.27,3057.95,223.0,86988.09,160975.4,1111.9439013452914,7.0,150.0,0.672645739910314,7249.0075,13414.616666666669,1
64,5,2,3,2,13130.12,4772.52,8357.6,600000.0,101.0,35743.630000000005,70591.91,1052.8271287128712,0.0,64.0,0.6336633663366337,2978.6358333333337,5882.659166666667,1
65,2,1,2,0,6100.150000000001,6100.150000000001,0.0,200000.0,0.0,0.0,0.0,0.0,0.0,0.0,0.0,,,0
66,7,3,1,6,1219.9,282.4,937.5,2666.8,314.0,181740.6,252505.08,1382.948025477707,12.0,222.0,0.7070063694267515,15145.05,21042.09,1
67,1,1,1,0,56.04,56.04,0.0,0.0,67.0,0.0,60774.52,907.0823880597014,15.0,55.0,0.8208955223880597,0.0,5064.543333333333,1
68,4,2,3,1,846.09,824.63,21.46,100000.0,211.0,38123.67,435227.32,2243.3696208530805,42.0,167.0,0.7914691943127962,3176.9725,36268.943333333336,1
69,3,2,2,1,9138.36,8071.06,1067.3,50000.0,166.0,60864.46,196361.48,1549.5538554216866,30.0,119.0,0.7168674698795181,5072.038333333333,16363.456666666669,1
70,3,2,2,1,16100.53,15817.02,283.51,51837.11,195.0,35808.13,399679.36,2233.2691794871794,33.0,146.0,0.7487179487179487,2984.0108333333333,33306.613333333335,1
71,4,2,2,2,1318.29,660.49,657.8000000000001,71.67,200.0,41175.490000000005,329927.01,1855.5125,29.0,151.0,0.755,3431.290833333334,27493.9175,1
72,5,2,2,3,7230.859999999999,4295.0199999999995,2935.8399999999997,1002797.01,257.0,67621.62,275782.85,1336.2041634241243,38.0,196.0,0.7626459143968871,5635.134999999999,22981.904166666664,1
73,5,3,2,3,1261.13,872.6199999999999,388.51,1100.73,276.0,89630.85,414894.4,1827.990036231884,30.0,207.0,0.75,7469.2375,34574.53333333333,1
74,2,2,1,1,527.4499999999999,27.93,499.52,2276.35,116.0,38579.13,90730.56,1114.7387068965518,14.0,90.0,0.7758620689655172,3214.9275,7560.88,1
75,3,3,1,2,1020.37,49.76,970.61,0.0,79.0,77287.74,25179.96,1297.059493670886,0.0,56.0,0.7088607594936709,6440.645,2098.33,1
76,3,1,3,0,9186.95,9186.95,0.0,50000.0,0.0,0.0,0.0,0.0,0.0,0.0,0.0,,,0
77,3,2,2,1,1586.07,1402.3,183.77,0.0,173.0,21411.99,291574.13,1809.168323699422,30.0,127.0,0.7341040462427746,1784.3324999999998,24297.844166666662,1
78,7,3,3,4,12194.81,6807.87,5386.9400000000005,101183.66,346.0,114580.08,455631.61,1648.0106647398843,39.0,246.0,0.7109826589595376,9548.34,37969.300833333335,1
79,4,2,2,2,548.75,168.61,380.14,779.9,211.0,63847.09,294321.35,1697.4807582938388,37.0,160.0,0.7582938388625592,5320.590833333334,24526.779166666664,1
80,4,3,1,3,14039.32,241.24,13798.08,530.37,147.0,115375.56,112782.58,1552.0961904761905,0.0,101.0,0.6870748299319728,9614.63,9398.548333333334,1
81,2,2,1,1,304.38,114.16,190.22,0.0,101.0,15135.02,73851.19,881.0515841584157,12.0,70.0,0.693069306930693,1261.2516666666668,6154.265833333334,1
82,3,2,1,2,4307.780000000001,43.67,4264.110000000001,25459.76,131.0,16971.73,104565.41,927.764427480916,16.0,104.0,0.7938931297709924,1414.3108333333332,8713.784166666666,1
83,2,2,1,1,12813.71,211.03,12602.68,94857.26,87.0,42170.11,67218.82,1257.3440229885057,13.0,66.0,0.7586206896551724,3514.1758333333332,5601.568333333334,1
84,5,2,2,3,20377.6,3003.92,17373.68,101523.39,218.0,52913.18,266571.31,1465.5251834862386,24.0,164.0,0.7522935779816514,4409.431666666666,22214.275833333333,1
85,4,3,1,3,4142.9400000000005,92.2,4050.74,0.0,187.0,140592.4,116266.77,1373.578449197861,16.0,135.0,0.7219251336898396,11716.033333333333,9688.8975,1
86,2,1,2,0,6412.38,6412.38,0.0,1000000.0,102.0,0.0,298464.6,2926.1235294117646,29.0,78.0,0.7647058823529411,0.0,24872.05,1
87,4,2,1,3,447.47,68.54,378.93,0.0,201.0,109577.64,323942.12,2156.8147263681594,24.0,144.0,0.7164179104477612,9131.47,26995.176666666663,1
88,6,2,3,3,22764.710000000003,21399.94,1364.77,256150.65,251.0,90130.67,386548.43,1899.119920318725,32.0,184.0,0.7330677290836654,7510.889166666667,32212.369166666667,1
89,5,2,2,3,769.83,128.22,641.61,518.7,257.0,119161.2,481404.83,2336.83280155642,41.0,189.0,0.7354085603112841,9930.1,40117.06916666667,1
90,3,2,1,2,2899.2,47.24,2851.96,12826.87,122.0,49254.85,89928.33,1140.845737704918,18.0,91.0,0.7459016393442623,4104.570833333333,7494.0275,1
91,1,1,1,0,421.83,421.83,0.0,0.0,72.0,0.0,216691.11,3009.5987499999997,21.0,60.0,0.8333333333333334,0.0,18057.5925,1
92,5,2,2,3,7860.219999999999,2791.2799999999997,5068.94,224082.4,256.0,82249.62,324238.1,1587.84265625,38.0,203.0,0.79296875,6854.134999999999,27019.841666666664,1
93,5,3,2,3,4484.44,3894.5,589.9399999999999,101969.04,194.0,65036.89,388545.5,2338.053556701031,24.0,146.0,0.7525773195876289,5419.740833333333,32378.791666666668,1
94,5,2,2,3,30976.9,9875.95,21100.949999999997,282988.11,229.0,55405.9,250544.13,1336.026331877729,32.0,168.0,0.7336244541484717,4617.158333333334,20878.6775,1
95,6,2,3,3,3888.47,3267.7,620.77,300000.0,247.0,57059.13,470933.76,2137.623036437247,42.0,182.0,0.7368421052631579,4754.9275,39244.48,1
96,8,3,3,5,20272.52,13280.429999999998,6992.09,550000.0,172.0,117479.0,120241.19,1382.0941279069768,0.0,118.0,0.686046511627907,9789.916666666666,10020.099166666669,1
97,2,2,1,1,1109.14,434.71,674.43,0.0,99.0,26510.8,95490.67,1232.3380808080808,13.0,71.0,0.7171717171717171,2209.233333333333,7957.555833333333,1
98,5,2,2,3,29227.620000000003,14505.71,14721.91,1000000.0,259.0,94217.2,245915.73,1313.254555984556,37.0,196.0,0.7567567567567568,7851.433333333333,20492.9775,1
99,6,3,1,5,2874.05,33.62,2840.43,3267.25,247.0,197458.55,146823.29,1393.8536032388663,16.0,166.0,0.6720647773279352,16454.879166666666,12235.274166666668,1
100,1,1,1,0,127.69,127.69,0.0,0.0,0.0,0.0,0.0,0.0,0.0,0.0,0.0,,,0
101,2,1,2,0,163.26,163.26,0.0,0.0,127.0,0.0,267032.02,2102.614330708662,29.0,93.0,0.7322834645669292,0.0,22252.668333333335,1
102,4,2,1,3,47303.39,36.37,47267.02,165427.90000000002,189.0,104751.09,130694.21,1245.742328042328,10.0,127.0,0.671957671957672,8729.2575,10891.184166666666,1
103,5,3,2,3,13872.12,11315.55,2556.5699999999997,208192.6,129.0,68043.36,89599.6,1222.038449612403,0.0,85.0,0.6589147286821705,5670.28,7466.633333333334,1
104,5,3,2,3,13664.48,1642.34,12022.14,236968.64,236.0,58144.65,292811.47,1487.1022033898305,25.0,165.0,0.6991525423728814,4845.3875,24400.95583333333,1
105,2,2,1,1,736.5699999999999,273.88,462.69,0.0,31.0,8149.69,34825.44,1386.2945161290322,0.0,19.0,0.6129032258064516,679.1408333333334,2902.1200000000003,1
106,5,2,3,2,3865.09,2871.88,993.21,53420.09,231.0,48921.3,469948.62,2246.19012987013,48.0,173.0,0.7489177489177489,4076.775,39162.385,1
107,5,2,2,3,7194.139999999999,206.95,6987.1900000000005,100000.0,242.0,138101.37,318044.24,1884.899214876033,17.0,164.0,0.6776859504132231,11508.4475,26503.686666666665,1
108,2,1,2,0,344.61,344.61,0.0,0.0,114.0,0.0,256724.39,2251.9683333333332,33.0,94.0,0.8245614035087719,0.0,21393.699166666665,1
109,3,2,2,1,4853.7,925.55,3928.15,0.0,177.0,14811.53,336060.13,1982.325762711864,32.0,133.0,0.751412429378531,1234.2941666666668,28005.010833333337,1
110,4,3,1,3,30157.74,109.96,30047.78,0.0,228.0,95624.5,164975.0,1142.9802631578948,25.0,172.0,0.7543859649122807,7968.708333333333,13747.916666666666,1
111,2,1,2,0,14517.8,14517.8,0.0,500000.0,97.0,0.0,133371.22,1374.961030927835,23.0,74.0,0.7628865979381443,0.0,11114.268333333332,1
112,2,2,1,1,11579.25,111.94,11467.31,60527.72,118.0,29771.73,113773.13,1216.4818644067798,14.0,89.0,0.7542372881355932,2480.9775,9481.094166666668,1
113,6,2,3,3,21093.56,19469.960000000003,1623.6,300000.0,338.0,95055.38,522678.6,1827.615325443787,40.0,249.0,0.7366863905325444,7921.281666666667,43556.55,1
114,5,2,2,3,6984.860000000001,6742.4400000000005,242.42,100000.0,185.0,50311.01,215282.55,1435.6408648648649,28.0,132.0,0.7135135135135136,4192.5841666666665,17940.212499999998,1
115,4,2,1,3,18986.99,162.87,18824.12,1108.55,165.0,34817.08,136444.49,1037.9489090909092,12.0,122.0,0.7393939393939394,2901.4233333333336,11370.374166666666,1
116,7,3,1,6,1606.9199999999998,68.25,1538.6699999999998,696.4,287.0,130203.88,179738.21,1079.9375958188157,18.0,208.0,0.7247386759581882,10850.323333333334,14978.184166666666,1
117,3,2,2,1,19756.5,19530.36,226.14,1000000.0,135.0,33509.59,159485.88999999998,1429.596148148148,29.0,100.0,0.7407407407407407,2792.465833333333,13290.490833333331,1
118,6,3,2,4,14179.26,1179.49,12999.77,200000.0,271.0,82457.79000000001,369532.46,1667.860701107011,19.0,181.0,0.6678966789667896,6871.482500000001,30794.37166666667,1
119,3,2,1,2,9733.59,168.29,9565.3,348.47,149.0,40597.96,108997.95,1003.9993959731544,21.0,115.0,0.7718120805369127,3383.1633333333334,9083.1625,1
120,4,2,3,1,18325.34,18051.34,274.0,600000.0,60.0,17090.07,38024.05,918.5686666666668,0.0,38.0,0.6333333333333333,1424.1725,3168.6708333333336,1
121,4,2,1,3,874.26,200.22,674.04,3331.4800000000005,118.0,59069.08,52835.78,948.3462711864408,0.0,76.0,0.6440677966101694,4922.423333333333,4402.981666666667,1
122,4,2,2,2,4220.3,3601.99,618.31,503312.05,157.0,83310.89,230657.09,1999.796050955414,23.0,119.0,0.7579617834394905,6942.574166666666,19221.424166666668,1
123,5,2,2,3,8246.7,475.1,7771.6,20690.61,208.0,69912.23,334617.29,1944.8534615384615,29.0,164.0,0.7884615384615384,5826.019166666666,27884.774166666662,1
124,5,3,2,3,4506.57,3589.39,917.18,1000709.75,205.0,64425.46,406912.67,2299.2103902439026,31.0,149.0,0.7268292682926829,5368.788333333333,33909.38916666667,1
125,7,3,2,5,52557.02,486.19,52070.83,285079.73,330.0,133921.67,366485.07,1516.3840606060603,36.0,235.0,0.7121212121212122,11160.139166666668,30540.4225,1
126,3,2,2,1,14334.14,243.71,14090.43,0.0,170.0,34689.43,341651.07,2213.7676470588235,39.0,115.0,0.6764705882352942,2890.785833333334,28470.9225,1
127,4,2,2,2,1575.79,1169.5,406.29,2351.38,197.0,62429.64,333954.17,2012.1005583756344,20.0,157.0,0.7969543147208121,5202.47,27829.514166666664,1
128,2,1,2,0,14331.34,14331.34,0.0,100000.0,106.0,0.0,141530.24,1335.1909433962264,28.0,90.0,0.8490566037735849,0.0,11794.186666666666,1
129,4,3,2,2,26808.68,8627.49,18181.19,300494.73,195.0,49911.13,418204.67,2400.5938461538462,44.0,143.0,0.7333333333333333,4159.260833333333,34850.38916666667,1
130,2,2,1,1,281.39,58.59,222.8,0.0,102.0,30775.49,77937.96,1065.818137254902,16.0,69.0,0.6764705882352942,2564.624166666667,6494.830000000001,1
131,2,1,2,0,464.18999999999994,464.18999999999994,0.0,0.0,116.0,0.0,217927.67,1878.686810344828,30.0,89.0,0.7672413793103449,0.0,18160.639166666668,1
132,4,3,2,2,18159.59,783.4000000000001,17376.19,64524.81,227.0,41271.69,397680.54,1933.7102643171809,38.0,167.0,0.73568281938326,3439.3075000000003,33140.045,1
133,1,1,1,0,45.3,45.3,0.0,0.0,45.0,0.0,38453.45,854.5211111111112,12.0,33.0,0.7333333333333333,0.0,3204.454166666667,1
134,4,2,2,2,3701.06,2042.12,1658.94,50000.0,129.0,24912.69,377077.48,3116.202868217054,16.0,90.0,0.6976744186046512,2076.0575,31423.123333333333,1
135,5,3,2,3,7108.479999999999,2479.2999999999997,4629.179999999999,317498.75,217.0,84486.54,291240.29,1731.4600460829497,26.0,152.0,0.7004608294930875,7040.544999999999,24270.024166666662,1
136,5,2,2,3,64954.53,9100.96,55853.57,1217080.06,155.0,85131.46,146329.38,1493.295741935484,0.0,110.0,0.7096774193548387,7094.288333333334,12194.115,1
137,3,2,2,1,13559.95,10109.83,3450.12,50000.0,53.0,16513.34,51963.05,1292.007358490566,0.0,33.0,0.6226415094339622,1376.111666666667,4330.254166666667,1
138,7,3,3,4,50197.34,22808.13,27389.21,623297.22,336.0,132894.6,454667.96,1748.698095238095,57.0,238.0,0.7083333333333334,11074.55,37888.996666666666,1
139,3,2,1,2,893.41,469.28,424.13,481.36,141.0,86366.88,75072.9,1144.962978723404,18.0,100.0,0.7092198581560284,7197.240000000001,6256.075,1
140,4,2,1,3,5786.67,234.74,5551.93,6879.72,187.0,64299.21,175527.2,1282.4941711229949,18.0,122.0,0.6524064171122995,5358.2675,14627.266666666668,1
141,3,2,2,1,3372.29,3318.77,53.52,1000234.65,47.0,21215.41,31543.17,1122.522978723404,0.0,33.0,0.7021276595744681,1767.950833333333,2628.5975,1
142,5,3,1,4,11124.84,80.28,11044.56,2479.06,236.0,108238.25,191319.77,1269.3136440677968,19.0,162.0,0.6864406779661016,9019.854166666666,15943.314166666663,1
143,3,2,2,1,6601.200000000001,6576.06,25.14,50093.99,23.0,10254.97,27700.01,1650.2165217391305,0.0,14.0,0.6086956521739131,854.5808333333334,2308.3341666666665,1
144,4,2,2,2,17656.539999999997,17323.26,333.28,300702.79,239.0,49506.97,476323.19,2200.1261924686196,35.0,176.0,0.7364016736401674,4125.580833333333,39693.59916666667,1
145,8,3,3,5,41992.119999999995,16047.82,25944.3,166609.16999999998,228.0,157682.42,158280.56,1385.802543859649,0.0,149.0,0.6535087719298246,13140.201666666668,13190.046666666669,1
146,2,2,1,1,1156.31,946.04,210.27,0.0,112.0,11974.84,281578.05,2621.0079464285714,23.0,89.0,0.7946428571428571,997.9033333333332,23464.8375,1
147,4,3,1,3,18778.5,190.23,18588.27,0.0,159.0,61326.03,129674.18,1201.259182389937,13.0,111.0,0.6981132075471698,5110.5025,10806.181666666667,1
148,1,1,1,0,152.12,152.12,0.0,0.0,55.0,0.0,45825.94,833.1989090909092,12.0,46.0,0.8363636363636363,0.0,3818.8283333333334,1
149,7,3,1,6,5112.1,147.18,4964.92,2888.61,296.0,130002.84,230611.33,1218.2911148648648,21.0,210.0,0.7094594594594594,10833.57,19217.610833333332,1
150,5,2,2,3,28359.89,6677.25,21682.64,624446.36,215.0,78846.87,248279.77,1521.5192558139536,31.0,157.0,0.7302325581395349,6570.572499999999,20689.98083333333,1
151,2,1,2,0,17273.710000000003,17273.710000000003,0.0,1000000.0,130.0,0.0,174300.46,1340.7727692307692,38.0,94.0,0.7230769230769231,0.0,14525.038333333332,1
152,3,1,3,0,3435.94,3435.94,0.0,300000.0,0.0,0.0,0.0,0.0,0.0,0.0,0.0,,,0
153,6,3,2,4,18522.61,7241.58,11281.03,537473.5,301.0,111729.82,248643.12,1197.252292358804,25.0,213.0,0.707641196013289,9310.818333333336,20720.26,1
154,4,2,2,2,9342.21,370.12,8972.09,0.0,213.0,21821.45,406306.64,2009.9910328638496,28.0,157.0,0.7370892018779343,1818.4541666666669,33858.886666666665,1
155,2,1,2,0,519.03,519.03,0.0,0.0,0.0,0.0,0.0,0.0,0.0,0.0,0.0,,,0
156,2,2,1,1,812.55,89.43,723.12,5694.81,83.0,17627.46,73787.02,1101.3792771084336,8.0,60.0,0.7228915662650602,1468.955,6148.918333333334,1
157,5,3,3,2,18378.65,16792.09,1586.56,353877.48,287.0,77945.42,371963.43,1567.6266550522648,57.0,228.0,0.794425087108014,6495.451666666667,30996.9525,1
158,3,1,3,0,10767.92,10767.92,0.0,350000.0,0.0,0.0,0.0,0.0,0.0,0.0,0.0,,,0
159,5,2,2,3,8344.19,275.07,8069.12,60168.82,250.0,65175.07,371970.56,1748.58252,42.0,179.0,0.716,5431.255833333334,30997.546666666665,1
160,4,2,1,3,1362.77,156.27,1206.5,0.0,160.0,93754.37,229048.01,2017.514875,22.0,114.0,0.7125,7812.864166666666,19087.334166666667,1
161,2,1,2,0,4386.33,4386.33,0.0,200000.0,96.0,0.0,371086.4,3865.4833333333336,21.0,74.0,0.7708333333333334,0.0,30923.86666666667,1
162,3,1,3,0,20179.88,20179.88,0.0,100000.0,12.0,0.0,20732.47,1727.7058333333334,0.0,11.0,0.9166666666666666,0.0,1727.7058333333334,1
163,4,2,1,3,11690.93,184.98,11505.95,0.0,167.0,94337.28,141852.08,1414.3075449101796,12.0,128.0,0.7664670658682635,7861.44,11821.006666666666,1
164,4,2,1,3,9960.39,393.41,9566.98,0.0,209.0,108625.02,338346.5,2138.6197129186603,17.0,150.0,0.7177033492822966,9052.085,28195.541666666668,1
165,1,1,1,0,377.48,377.48,0.0,0.0,56.0,0.0,45456.88,811.7299999999999,18.0,46.0,0.8214285714285714,0.0,3788.0733333333337,1
166,2,2,1,1,174.89,99.62,75.27,258.88,93.0,21215.230000000003,89782.79,1193.5270967741935,19.0,57.0,0.6129032258064516,1767.9358333333337,7481.899166666666,1
167,4,2,2,2,32441.6,2451.67,29989.93,500000.0,210.0,84364.02,254452.18,1613.4104761904762,33.0,153.0,0.7285714285714285,7030.335,21204.34833333333,1
168,2,1,2,0,9657.65,9657.65,0.0,100000.0,0.0,0.0,0.0,0.0,0.0,0.0,0.0,,,0
169,3,2,1,2,7809.34,38.03,7771.31,0.0,134.0,36582.84,124160.8,1199.5794029850745,6.0,97.0,0.7238805970149254,3048.57,10346.733333333334,1
170,6,3,2,4,36027.9,9534.38,26493.520000000004,397671.47,263.0,63773.93,285668.52,1328.6785171102665,41.0,193.0,0.7338403041825095,5314.494166666666,23805.710000000003,1
171,4,2,2,2,8424.779999999999,778.52,7646.26,52915.85,228.0,42979.369999999995,387812.39,1889.4375438596492,35.0,170.0,0.7456140350877193,3581.6141666666663,32317.69916666667,1
172,5,3,3,2,34458.37,14287.94,20170.43,143685.63,307.0,54361.92,539256.23,1933.609609120521,45.0,236.0,0.7687296416938111,4530.16,44938.019166666665,1
173,3,2,1,2,979.12,116.88,862.24,0.0,123.0,67032.57,91748.28,1290.9012195121952,12.0,86.0,0.6991869918699187,5586.047500000001,7645.69,1
174,2,2,1,1,539.16,301.45,237.71,1179.57,104.0,36453.58,231952.21,2580.8249038461536,19.0,80.0,0.7692307692307693,3037.7983333333336,19329.350833333338,1
175,7,3,3,4,17699.48,10970.86,6728.62,66394.86,375.0,177780.71,556709.14,1958.6396,51.0,275.0,0.7333333333333333,14815.059166666666,46392.42833333334,1
176,2,1,2,0,11491.8,11491.8,0.0,100000.0,161.0,0.0,448333.9,2784.682608695652,36.0,127.0,0.7888198757763976,0.0,37361.15833333333,1
177,3,2,2,1,4102.429999999999,3689.72,412.71,100000.0,26.0,11691.91,26098.33,1453.470769230769,0.0,19.0,0.7307692307692307,974.3258333333332,2174.860833333333,1
178,3,2,2,1,44763.87,19667.63,25096.24,300000.0,40.0,15823.3,27741.25,1089.11375,0.0,25.0,0.625,1318.6083333333331,2311.7708333333335,1
179,3,2,2,1,15420.08,14973.45,446.63,1002733.91,160.0,28698.8,188193.83,1355.5789375,38.0,128.0,0.8,2391.5666666666666,15682.819166666668,1
180,2,2,1,1,27695.44,277.38,27418.06,0.0,104.0,36316.04,105330.33,1361.9843269230769,14.0,80.0,0.7692307692307693,3026.3366666666666,8777.5275,1
181,4,2,2,2,4052.64,3275.57,777.0699999999999,302547.16,158.0,75697.66,205394.53,1779.064493670886,11.0,110.0,0.6962025316455697,6308.138333333333,17116.210833333334,1
182,5,2,2,3,862.22,380.77,481.45,2041.83,295.0,151913.06,424214.65,1952.975288135593,35.0,204.0,0.6915254237288135,12659.421666666669,35351.22083333333,1
183,3,2,2,1,3927.56,3884.46,43.1,100000.0,104.0,16725.73,135759.75,1466.2065384615385,19.0,78.0,0.75,1393.8108333333332,11313.3125,1
184,5,2,3,2,15913.41,15469.41,444.0,700000.0,205.0,54602.7,387917.17,2158.633512195122,30.0,154.0,0.751219512195122,4550.224999999999,32326.430833333332,1
185,5,2,3,2,23047.29,22524.5,522.79,1000000.0,75.0,59239.77,52993.96,1496.4497333333334,0.0,47.0,0.6266666666666667,4936.6475,4416.163333333333,1
186,6,2,3,3,65387.55,18850.96,46536.59,2109797.53,92.0,51141.88,70378.86,1320.8776086956525,2.0,62.0,0.6739130434782609,4261.823333333333,5864.905,1
187,2,1,2,0,9527.25,9527.25,0.0,50000.0,122.0,0.0,200699.34,1645.076557377049,25.0,103.0,0.8442622950819673,0.0,16724.945,1
188,6,3,1,5,26699.6,123.8,26575.800000000003,185024.6,196.0,100191.15,111149.32,1078.2677040816327,0.0,128.0,0.6530612244897959,8349.262499999999,9262.443333333336,1
189,5,3,1,4,1007.18,151.85,855.33,2770.4,220.0,80782.82,144493.4,1023.9828181818182,13.0,137.0,0.6227272727272727,6731.901666666668,12041.116666666669,1
190,5,2,2,3,26696.520000000004,15797.22,10899.3,100000.0,257.0,120193.0,262743.65,1490.0258754863814,29.0,190.0,0.7392996108949417,10016.083333333334,21895.30416666667,1
191,3,2,2,1,4730.03,4634.3099999999995,95.72,100000.0,168.0,7637.28,243459.12,1494.6214285714286,30.0,130.0,0.7738095238095238,636.4399999999999,20288.26,1
192,4,2,2,2,4387.13,4165.4400000000005,221.69,1000000.0,145.0,33320.43,214669.69,1710.2766896551725,19.0,107.0,0.7379310344827587,2776.7025,17889.140833333335,1
193,6,3,2,4,12659.38,1867.91,10791.47,540372.36,257.0,144306.66,229326.41,1453.8251750972763,23.0,190.0,0.7392996108949417,12025.555,19110.534166666668,1
194,2,2,1,1,263.90999999999997,146.7,117.21,822.14,90.0,20275.54,78026.1,1092.2404444444444,17.0,68.0,0.7555555555555555,1689.628333333333,6502.175,1
195,2,1,2,0,6364.15,6364.15,0.0,50000.0,0.0,0.0,0.0,0.0,0.0,0.0,0.0,,,0
196,3,1,3,0,21308.47,21308.47,0.0,800000.0,165.0,0.0,402888.06,2441.7458181818183,34.0,133.0,0.806060606060606,0.0,33574.005,1
197,6,2,3,3,16756.36,2607.05,14149.31,500000.0,373.0,147935.38,646824.16,2130.722627345845,52.0,281.0,0.7533512064343163,12327.948333333334,53902.013333333336,1
198,8,3,2,6,5795.99,483.24,5312.75,32186.79,404.0,195347.01,540640.69,1821.7517326732673,34.0,279.0,0.6905940594059405,16278.9175,45053.39083333333,1
199,3,2,2,1,4669.799999999999,4539.299999999999,130.5,1000000.0,155.0,14002.86,237250.93,1620.9921935483871,34.0,115.0,0.7419354838709677,1166.905,19770.91083333333,1
200,3,2,2,1,465.56,341.34000000000003,124.22,0.0,180.0,37451.13,290515.13,1822.034777777778,26.0,146.0,0.8111111111111111,3120.9275,24209.594166666662,1
201,4,3,1,3,10021.05,42.36,9978.690000000002,8918.62,153.0,32322.51,105029.14,897.723202614379,14.0,122.0,0.7973856209150327,2693.5425,8752.428333333333,1
202,4,2,2,2,10676.72,244.22,10432.5,1940.78,198.0,25711.52,363871.4,1967.590505050505,34.0,150.0,0.7575757575757576,2142.6266666666666,30322.61666666667,1
203,4,2,1,3,742.13,95.37,646.76,1042.75,190.0,90983.76,180664.67,1429.7285789473683,14.0,131.0,0.6894736842105263,7581.98,15055.389166666668,1
204,5,2,2,3,22654.99,8288.89,14366.1,50000.0,291.0,92334.43,325349.87,1435.341237113402,41.0,207.0,0.711340206185567,7694.535833333334,27112.489166666663,1
205,6,3,1,5,843.79,100.81,742.98,4177.68,284.0,149746.3,191278.64,1200.7920422535212,14.0,192.0,0.676056338028169,12478.858333333332,15939.886666666667,1
206,1,1,1,0,113.66,113.66,0.0,0.0,65.0,0.0,56083.75,862.8269230769231,15.0,48.0,0.7384615384615385,0.0,4673.645833333333,1
207,7,3,2,5,19769.81,15190.21,4579.6,68033.72,218.0,168531.48,141091.91,1420.2907798165138,0.0,135.0,0.6192660550458715,14044.29,11757.659166666666,1
208,6,3,2,4,13369.6,12351.51,1018.09,303686.07,247.0,140392.96,224563.21,1477.555344129555,14.0,180.0,0.728744939271255,11699.413333333332,18713.600833333338,1
209,6,2,3,3,34406.73,4402.08,30004.65,100500.34,127.0,82131.29000000001,71530.93,1209.9387401574804,0.0,81.0,0.6377952755905512,6844.274166666667,5960.910833333332,1
210,4,2,2,2,6527.14,4992.72,1534.42,206250.78,75.0,51211.86,66372.8,1567.7954666666667,0.0,52.0,0.6933333333333334,4267.655,5531.066666666667,1
211,4,2,2,2,5017.45,4592.96,424.49,1000000.0,222.0,42780.82,467083.14,2296.6845045045047,25.0,168.0,0.7567567567567568,3565.068333333333,38923.595,1
212,4,2,3,1,8978.279999999999,8503.68,474.6,602220.81,143.0,13507.12,278395.31,2041.2757342657344,29.0,109.0,0.7622377622377622,1125.5933333333337,23199.609166666665,1
213,4,3,1,3,9201.420000000002,89.35,9112.070000000002,4323.87,177.0,89350.81,149365.92,1348.6820903954804,6.0,135.0,0.7627118644067796,7445.900833333333,12447.160000000002,1
214,3,3,1,2,6424.54,120.61,6303.93,0.0,133.0,47196.42,83744.91,984.5212781954888,13.0,101.0,0.7593984962406015,3933.035,6978.7425,1
215,2,1,2,0,461.06,461.06,0.0,0.0,136.0,0.0,300894.2,2212.4573529411764,34.0,113.0,0.8308823529411765,0.0,25074.516666666663,1
216,3,2,2,1,49429.19,13937.52,35491.67,50000.0,143.0,27186.74,163647.95,1334.5083216783216,32.0,108.0,0.7552447552447552,2265.561666666667,13637.329166666668,1
217,5,2,2,3,12937.49,7732.070000000001,5205.419999999999,100000.0,245.0,73951.35,319934.29,1607.6964897959183,25.0,172.0,0.7020408163265306,6162.6125,26661.19083333333,1
218,6,3,1,5,14548.15,311.51,14236.64,2230.5299999999997,225.0,80667.39,163366.41999999998,1084.594711111111,21.0,167.0,0.7422222222222222,6722.2825,13613.868333333332,1
219,5,2,3,2,22966.35,19186.15,3780.2,601206.05,239.0,43452.939999999995,409976.11,1897.192677824268,44.0,176.0,0.7364016736401674,3621.078333333333,34164.675833333335,1
220,4,2,2,2,16762.65,8661.68,8100.969999999999,300000.0,84.0,61937.54,78317.54,1669.7033333333331,0.0,55.0,0.6547619047619048,5161.461666666667,6526.461666666666,1
221,4,2,1,3,1946.49,164.75,1781.74,0.0,199.0,84305.78,298727.81,1924.791909547739,16.0,128.0,0.6432160804020101,7025.481666666667,24893.984166666665,1
222,2,2,1,1,385.4500000000001,164.36,221.09,940.44,112.0,30174.94,68239.0,878.6958928571429,14.0,78.0,0.6964285714285714,2514.5783333333334,5686.583333333333,1
223,1,1,1,0,209.71,209.71,0.0,0.0,0.0,0.0,0.0,0.0,0.0,0.0,0.0,,,0
224,2,1,2,0,16482.09,16482.09,0.0,1000000.0,147.0,0.0,387990.64,2639.3921088435377,44.0,114.0,0.7755102040816326,0.0,32332.553333333333,1
225,2,1,2,0,4780.98,4780.98,0.0,500000.0,100.0,0.0,395976.82,3959.7682,26.0,78.0,0.78,0.0,32998.068333333336,1
226,3,1,3,0,13309.73,13309.73,0.0,50000.0,14.0,0.0,37671.51,2690.822142857143,0.0,11.0,0.7857142857142857,0.0,3139.2925,1
227,4,3,2,2,23069.550000000003,457.63,22611.92,104836.93,175.0,49179.73,208880.47,1474.6297142857145,26.0,136.0,0.7771428571428571,4098.310833333333,17406.705833333333,1
228,5,2,2,3,4988.04,540.0699999999999,4447.97,50000.0,222.0,61317.079999999994,313712.66,1689.323153153153,25.0,166.0,0.7477477477477478,5109.756666666666,26142.721666666665,1
229,1,1,1,0,893.3,893.3,0.0,0.0,52.0,0.0,153747.41,2956.680961538462,11.0,41.0,0.7884615384615384,0.0,12812.284166666666,1
230,7,3,2,5,10835.02,1877.83,8957.19,157024.58,261.0,157165.63,218597.02,1439.7036398467433,27.0,167.0,0.6398467432950191,13097.135833333334,18216.41833333333,1
231,5,3,2,3,5841.46,503.65,5337.8099999999995,108699.54,182.0,51771.16,240021.02,1603.2537362637363,26.0,143.0,0.7857142857142857,4314.263333333333,20001.751666666667,1
232,6,3,2,4,32125.55,4227.3,27898.25,1000000.0,163.0,111388.02,143968.92,1566.6069938650307,0.0,106.0,0.6503067484662577,9282.335,11997.410000000002,1
233,5,3,1,4,886.5,118.0,768.5,877.17,220.0,96261.56,178241.81,1247.742590909091,17.0,149.0,0.6772727272727272,8021.796666666666,14853.484166666669,1
234,3,2,2,1,661.8299999999999,210.75,451.08,1967.04,45.0,40282.3,60309.26,2235.368,0.0,31.0,0.6888888888888889,3356.8583333333336,5025.7716666666665,1
235,5,2,2,3,14744.89,2869.0,11875.89,138513.67,203.0,62325.54,415654.5,2354.581477832512,16.0,139.0,0.6847290640394089,5193.795,34637.875,1
236,2,2,1,1,538.5799999999999,330.51,208.07,0.0,91.0,49940.26,74522.13,1367.7185714285715,16.0,66.0,0.7252747252747253,4161.6883333333335,6210.177500000001,1
237,5,3,1,4,28534.36,179.7,28354.66,193195.6,229.0,86572.14,136474.68,974.0035807860262,18.0,164.0,0.7161572052401747,7214.345,11372.89,1
238,4,2,1,3,26398.23,343.61,26054.620000000003,0.0,165.0,45855.18,278746.91000000003,1967.285393939394,21.0,126.0,0.7636363636363637,3821.265,23228.909166666668,1
239,4,2,1,3,3886.6,2067.48,1819.12,6523.879999999999,155.0,112267.18,90447.93,1307.8394193548388,0.0,100.0,0.6451612903225806,9355.598333333332,7537.327499999999,1
240,2,1,2,0,490.77,490.77,0.0,0.0,126.0,0.0,255545.78,2028.141111111111,30.0,106.0,0.8412698412698413,0.0,21295.481666666667,1
241,5,3,1,4,917.64,69.98,847.66,1639.09,114.0,108724.53,68198.45,1551.9559649122807,0.0,76.0,0.6666666666666666,9060.3775,5683.204166666666,1
242,6,2,3,3,17401.42,16018.589999999998,1382.83,1050317.66,232.0,93141.94,384633.72,2059.377844827586,35.0,161.0,0.6939655172413793,7761.828333333334,32052.81,1
243,1,1,1,0,49.91,49.91,0.0,0.0,59.0,0.0,49950.95,846.6262711864406,16.0,48.0,0.8135593220338984,0.0,4162.579166666666,1
244,4,2,1,3,14415.6,120.74,14294.86,82621.33,185.0,85679.53,293309.69,2048.5903783783783,11.0,130.0,0.7027027027027027,7139.9608333333335,24442.474166666667,1
245,4,2,2,2,13857.37,5582.8,8274.57,200000.0,74.0,48430.15,70701.81,1609.8913513513514,0.0,43.0,0.581081081081081,4035.8458333333338,5891.8175,1
246,3,3,1,2,1186.06,618.17,567.89,775.76,45.0,39895.53,46895.24,1928.6837777777775,0.0,32.0,0.7111111111111111,3324.6275,3907.9366666666665,1
247,5,3,1,4,9021.56,109.38,8912.18,613.63,272.0,122939.34,163409.27,1052.752242647059,21.0,183.0,0.6727941176470589,10244.945,13617.439166666663,1
248,5,2,3,2,24546.64,24203.47,343.16999999999996,1000000.0,289.0,80963.45,501185.25,2014.3553633217991,51.0,223.0,0.7716262975778547,6746.954166666666,41765.4375,1
249,6,3,1,5,8671.63,120.58,8551.05,13526.41,274.0,115150.81,224869.06,1240.9484306569343,18.0,178.0,0.6496350364963503,9595.900833333331,18739.088333333333,1
250,6,3,1,5,1438.99,110.43,1328.56,4128.0599999999995,208.0,160156.24,119559.93,1344.7892788461538,0.0,147.0,0.7067307692307693,13346.353333333333,9963.3275,1
251,4,3,2,2,10490.88,670.8,9820.08,257455.8,157.0,36656.93,400709.45,2785.773121019108,22.0,120.0,0.7643312101910829,3054.744166666667,33392.45416666667,1
252,4,2,2,2,26590.019999999997,16337.48,10252.54,100000.0,211.0,34256.85,237147.48,1286.2764454976304,40.0,158.0,0.7488151658767772,2854.7374999999997,19762.29,1
253,4,2,2,2,17065.27,626.76,16438.51,267469.17,206.0,51149.4,411770.1,2247.1820388349515,23.0,148.0,0.7184466019417476,4262.45,34314.174999999996,1
254,3,2,1,2,12067.25,273.51,11793.74,47008.85,106.0,20491.16,72864.73,880.7159433962264,17.0,78.0,0.7358490566037735,1707.5966666666666,6072.060833333333,1
255,5,3,2,3,47608.01,11839.97,35768.04,51572.39,260.0,88515.46,521132.92,2344.801461538462,36.0,189.0,0.7269230769230769,7376.288333333334,43427.74333333333,1
256,5,3,2,3,17468.77,5178.839999999999,12289.929999999998,561172.53,227.0,109878.98,472878.34,2567.212863436123,21.0,163.0,0.7180616740088106,9156.581666666669,39406.528333333335,1
257,2,2,1,1,345.85999999999996,36.58,309.28,0.0,85.0,21141.35,54324.69,887.8357647058823,16.0,61.0,0.7176470588235294,1761.7791666666665,4527.0575,1
258,2,1,2,0,16306.03,16306.03,0.0,100000.0,110.0,0.0,192674.67,1751.5879090909093,22.0,83.0,0.7545454545454545,0.0,16056.222500000002,1
259,5,3,1,4,880.95,267.33,613.62,1149.98,215.0,101163.76,201822.88,1409.2401860465118,18.0,145.0,0.6744186046511628,8430.313333333334,16818.573333333334,1
260,2,2,1,1,1595.87,202.24,1393.63,0.0,108.0,39421.11,77263.21,1080.4103703703704,13.0,78.0,0.7222222222222222,3285.0925,6438.600833333334,1
261,4,2,2,2,4671.849999999999,476.3200000000001,4195.53,425.04,208.0,49694.07,309683.74,1727.7779326923078,29.0,155.0,0.7451923076923077,4141.1725,25806.978333333333,1
262,3,2,1,2,6370.83,86.55,6284.28,2390.77,151.0,64158.73,110378.36,1155.8747682119206,11.0,111.0,0.7350993377483444,5346.560833333334,9198.196666666669,1
263,5,2,2,3,22683.370000000003,4352.25,18331.120000000003,501001.18,122.0,59414.99,68871.46,1051.5282786885246,0.0,92.0,0.7540983606557377,4951.2491666666665,5739.288333333334,1
264,4,2,1,3,18580.95,97.6,18483.35,125532.73,183.0,68614.33,142614.13,1154.253879781421,14.0,130.0,0.7103825136612022,5717.860833333333,11884.510833333334,1
265,4,3,1,3,24865.93,410.48,24455.45,6100.09,199.0,117818.61,332181.49,2261.3070351758793,24.0,147.0,0.7386934673366834,9818.2175,27681.790833333333,1
266,4,2,2,2,19835.73,19291.99,543.74,1003528.24,232.0,99596.17,218488.28,1371.0536637931034,20.0,163.0,0.7025862068965517,8299.680833333334,18207.356666666667,1
267,7,3,2,5,44953.8,229.07,44724.73,52616.48,303.0,133757.22,341880.63,1569.7618811881189,19.0,215.0,0.7095709570957096,11146.435,28490.0525,1
268,4,2,1,3,1137.71,208.36,929.35,1019.65,155.0,58617.59,109673.22,1085.7471612903223,10.0,117.0,0.7548387096774194,4884.799166666667,9139.435,1
269,3,2,1,2,5424.83,733.81,4691.02,780.43,153.0,73183.51,281299.32,2316.8812418300654,14.0,120.0,0.7843137254901961,6098.625833333333,23441.61,1
270,4,2,2,2,2386.42,1850.41,536.01,1000657.16,161.0,19454.92,184589.73,1267.3580745341617,18.0,129.0,0.8012422360248447,1621.243333333333,15382.4775,1
271,1,1,1,0,214.05,214.05,0.0,0.0,50.0,0.0,41131.61,822.6322,17.0,38.0,0.76,0.0,3427.6341666666667,1
272,5,3,1,4,2038.72,466.14,1572.58,3854.35,165.0,54986.6,240975.4,1793.709090909091,18.0,124.0,0.7515151515151515,4582.216666666666,20081.283333333333,1
273,4,2,2,2,3625.07,486.94,3138.13,219804.35,80.0,91722.93,74001.87,2071.56,1.0,54.0,0.675,7643.577499999999,6166.822499999999,1
274,4,2,3,1,25405.89,25179.65,226.24,300000.0,213.0,16734.63,327281.97,1615.1014084507042,45.0,162.0,0.7605633802816901,1394.5525,27273.4975,1
275,2,2,1,1,163.74,118.75,44.99,151.77,91.0,7281.21,76133.99,916.6505494505494,18.0,66.0,0.7252747252747253,606.7675,6344.499166666667,1
276,4,2,3,1,22895.67,20857.19,2038.48,1300000.0,181.0,5526.35,362458.68,2033.066464088398,31.0,142.0,0.7845303867403315,460.5291666666667,30204.89,1
277,5,2,3,2,25165.98,21857.11,3308.87,1300000.0,281.0,46237.7,608320.78,2329.389608540925,52.0,220.0,0.7829181494661922,3853.1416666666664,50693.39833333334,1
278,1,1,1,0,107.77,107.77,0.0,0.0,66.0,0.0,56466.45,855.5522727272727,21.0,53.0,0.803030303030303,0.0,4705.537499999999,1
279,3,2,2,1,2887.01,1874.35,1012.66,500000.0,113.0,49034.82,226558.96,2438.883008849558,22.0,94.0,0.831858407079646,4086.235,18879.913333333338,1
280,4,2,2,2,1505.52,1320.63,184.89,501157.96,110.0,54070.99,94663.15,1352.1285454545452,2.0,82.0,0.7454545454545455,4505.9158333333335,7888.595833333333,1
281,5,3,2,3,33040.26,5400.88,27639.38,340641.53,267.0,55181.9,308636.35,1362.615168539326,32.0,197.0,0.7378277153558053,4598.491666666667,25719.69583333333,1
282,6,3,2,4,27274.18,3744.16,23530.02,500457.65,246.0,86671.23,264470.12,1427.403861788618,18.0,180.0,0.7317073170731707,7222.6025,22039.176666666663,1
283,3,1,3,0,20163.34,20163.34,0.0,300000.0,0.0,0.0,0.0,0.0,0.0,0.0,0.0,,,0
284,3,2,1,2,4985.17,96.17,4889.0,0.0,116.0,40529.18,78706.38,1027.8927586206896,15.0,84.0,0.7241379310344828,3377.431666666667,6558.865000000001,1
285,3,2,1,2,8269.16,133.51,8135.65,58852.14,117.0,47734.87,96908.52,1236.2682905982904,12.0,89.0,0.7606837606837606,3977.9058333333337,8075.71,1
286,2,1,2,0,850.41,850.41,0.0,100000.0,8.0,0.0,37964.79,4745.59875,0.0,8.0,1.0,0.0,3163.7325,1
287,2,1,2,0,13459.66,13459.66,0.0,500000.0,126.0,0.0,196783.3,1561.772222222222,32.0,90.0,0.7142857142857143,0.0,16398.608333333334,1
288,3,2,2,1,1677.09,1585.55,91.54,400.13,151.0,43187.58,271170.66,2081.8426490066227,38.0,113.0,0.7483443708609272,3598.965,22597.554999999997,1
289,4,2,2,2,1142.08,964.87,177.21,50000.0,192.0,44557.85,186400.67,1202.9089583333332,33.0,145.0,0.7552083333333334,3713.1541666666662,15533.389166666666,1
290,2,2,1,1,538.36,38.42,499.94,0.0,42.0,37913.03,53261.19,2170.814761904762,0.0,33.0,0.7857142857142857,3159.4191666666666,4438.4325,1
291,5,2,3,2,3786.53,2221.69,1564.84,1000000.0,258.0,58863.62,505674.32,2188.1315503875967,40.0,187.0,0.7248062015503876,4905.301666666667,42139.526666666665,1
292,3,2,2,1,34893.7,11894.54,22999.16,1123414.63,176.0,15528.05,408672.9,2410.2326704545453,38.0,130.0,0.7386363636363636,1294.0041666666666,34056.075000000004,1
293,4,2,1,3,36101.95,218.66,35883.29,60688.59,175.0,67296.33,137909.43,1172.604342857143,7.0,122.0,0.6971428571428572,5608.0275,11492.4525,1
294,3,2,1,2,780.39,141.01,639.38,0.0,155.0,65828.09,105742.88,1106.9094838709675,20.0,105.0,0.6774193548387096,5485.674166666667,8811.906666666668,1
295,4,3,1,3,1572.25,761.5,810.75,3180.29,175.0,111622.61,121019.82,1329.3853142857142,16.0,115.0,0.6571428571428571,9301.884166666669,10084.985,1
296,4,2,1,3,13861.66,123.33,13738.33,62513.26,188.0,94709.45,166419.79,1388.985319148936,16.0,145.0,0.7712765957446809,7892.454166666666,13868.315833333334,1
297,4,2,2,2,5029.709999999999,4285.19,744.52,502959.69,82.0,57073.96,45152.02,1246.658292682927,0.0,53.0,0.6463414634146342,4756.163333333333,3762.6683333333335,1
298,6,2,3,3,8355.49,5480.589999999999,2874.9,510465.53,130.0,81128.64,60756.65,1091.4253076923078,0.0,88.0,0.676923076923077,6760.72,5063.054166666667,1
299,3,2,1,2,291.49,135.67,155.82,800.3199999999999,94.0,51946.08,73926.93,1339.074574468085,0.0,72.0,0.7659574468085106,4328.84,6160.577499999999,1
300,4,2,2,2,5986.7699999999995,5404.8099999999995,581.96,200000.0,220.0,69165.23,245788.14,1431.6062272727272,25.0,162.0,0.7363636363636363,5763.769166666666,20482.345,1
301,3,2,1,2,298.92,72.12,226.8,0.0,151.0,61693.21,101849.14,1083.0619205298017,17.0,113.0,0.7483443708609272,5141.100833333333,8487.428333333333,1
302,3,2,1,2,10597.8,106.16,10491.64,0.0,103.0,76262.85,62247.670000000006,1344.7623300970872,0.0,76.0,0.7378640776699029,6355.2375,5187.305833333334,1
303,3,2,1,2,846.97,211.7,635.27,2771.9,138.0,84746.05,118744.99,1474.5727536231884,16.0,112.0,0.8115942028985508,7062.170833333334,9895.415833333334,1
304,5,2,2,3,10118.91,3419.87,6699.04,53604.32,205.0,39453.95,264397.77,1482.203512195122,26.0,154.0,0.751219512195122,3287.8291666666664,22033.147500000003,1
305,8,3,3,5,20779.48,1853.73,18925.75,1134805.94,374.0,151879.27,496356.28,1733.2501336898397,50.0,272.0,0.7272727272727273,12656.605833333331,41363.02333333334,1
306,8,3,2,6,27120.23,730.11,26390.120000000003,7864.69,248.0,189432.0,202552.76,1580.5837096774194,0.0,161.0,0.6491935483870968,15786.0,16879.396666666667,1
307,4,2,2,2,746.52,296.47,450.05,0.0,176.0,44670.42,310347.83,2017.1491477272727,36.0,124.0,0.7045454545454546,3722.535,25862.319166666668,1
308,4,2,2,2,9454.45,9214.47,239.98,1000302.12,210.0,67707.01,228865.06,1412.2479523809525,19.0,156.0,0.7428571428571429,5642.250833333333,19072.088333333333,1
309,2,2,1,1,8964.36,738.52,8225.84,44965.6,105.0,8657.54,236155.37,2331.551523809524,22.0,81.0,0.7714285714285715,721.4616666666667,19679.614166666663,1
310,6,2,3,3,23837.39,7911.85,15925.54,202952.5,326.0,148184.16999999998,550920.49,2144.4928220858897,45.0,249.0,0.7638036809815951,12348.680833333332,45910.04083333333,1
311,5,3,1,4,1709.98,69.42,1640.56,2414.33,254.0,194391.15,160208.01,1396.0596850393702,25.0,164.0,0.6456692913385826,16199.2625,13350.6675,1
312,6,3,2,4,25530.81,11872.76,13658.05,558322.67,265.0,159294.44,214904.95,1412.073169811321,26.0,187.0,0.7056603773584905,13274.536666666669,17908.745833333334,1
313,3,2,2,1,14580.64,14068.88,511.76,100000.0,180.0,26166.71,226094.37,1401.4504444444444,33.0,128.0,0.7111111111111111,2180.5591666666664,18841.1975,1
314,5,3,2,3,22863.96,3856.94,19007.02,53524.1,284.0,146855.57,302713.19,1582.9885915492955,34.0,196.0,0.6901408450704225,12237.964166666668,25226.099166666667,1
315,2,2,1,1,1441.74,277.0,1164.74,0.0,52.0,35572.31,18969.15,1048.8742307692307,0.0,27.0,0.5192307692307693,2964.3591666666666,1580.7625,1
316,3,1,3,0,12421.31,12421.31,0.0,1000000.0,0.0,0.0,0.0,0.0,0.0,0.0,0.0,,,0
317,6,3,1,5,18922.48,61.37,18861.11,109061.06,273.0,91054.46,185030.56,1011.3004395604396,12.0,196.0,0.717948717948718,7587.871666666667,15419.213333333331,1
318,8,3,2,6,28390.01,237.28,28152.73,1008020.29,260.0,119998.42,111106.07,888.863423076923,0.0,170.0,0.6538461538461539,9999.868333333334,9258.839166666668,1
319,5,3,1,4,36028.56,44.49,35984.07,207912.58,239.0,122609.02,166195.66,1208.387782426778,13.0,159.0,0.6652719665271967,10217.418333333331,13849.638333333334,1
320,5,3,1,4,7446.37,105.37,7341.0,41333.99,235.0,103129.23,172163.09,1171.4566808510638,13.0,155.0,0.6595744680851063,8594.102499999999,14346.924166666666,1
321,2,1,2,0,4574.24,4574.24,0.0,50000.0,0.0,0.0,0.0,0.0,0.0,0.0,0.0,,,0
322,3,3,1,2,438.47,71.92,366.55,0.0,143.0,46733.4,155332.54,1413.0485314685316,18.0,104.0,0.7272727272727273,3894.45,12944.378333333334,1
323,2,1,2,0,750.8,750.8,0.0,300000.0,89.0,0.0,146848.7,1649.9853932584272,28.0,72.0,0.8089887640449438,0.0,12237.391666666668,1
324,2,1,2,0,500.88,500.88,0.0,0.0,0.0,0.0,0.0,0.0,0.0,0.0,0.0,,,0
325,3,2,1,2,1615.13,96.31,1518.82,402.33,177.0,51077.68,88625.09,789.2811864406779,12.0,116.0,0.655367231638418,4256.473333333333,7385.424166666667,1
326,6,3,3,3,22014.59,10701.06,11313.53,350627.14,272.0,82239.06,360907.21,1629.2142279411764,38.0,210.0,0.7720588235294118,6853.255,30075.600833333338,1
327,1,1,1,0,74.68,74.68,0.0,0.0,74.0,0.0,62529.53,844.9936486486487,27.0,59.0,0.7972972972972973,0.0,5210.794166666667,1
328,2,1,2,0,1967.22,1967.22,0.0,50000.0,111.0,0.0,411521.52,3707.4010810810814,28.0,87.0,0.7837837837837838,0.0,34293.46,1
329,5,2,2,3,11609.44,6686.06,4923.38,101594.42,289.0,104372.99,505711.99,2111.0206920415226,45.0,208.0,0.7197231833910035,8697.749166666666,42142.66583333333,1
330,4,3,2,2,22628.28,20383.61,2244.67,100000.0,193.0,75947.42,263755.06,1760.1164766839377,38.0,150.0,0.7772020725388601,6328.951666666667,21979.588333333333,1
331,8,3,2,6,26483.96,1334.13,25149.83,317409.2,327.0,184987.28,296061.74,1471.0979204892967,20.0,208.0,0.636085626911315,15415.606666666668,24671.811666666665,1
332,4,2,2,2,1508.81,597.98,910.83,5548.049999999999,199.0,51248.13,310524.98,1817.9553266331657,36.0,156.0,0.7839195979899497,4270.6775,25877.081666666665,1
333,2,1,2,0,2195.64,2195.64,0.0,500000.0,0.0,0.0,0.0,0.0,0.0,0.0,0.0,,,0
334,3,2,1,2,967.36,318.45,648.91,4673.35,153.0,58024.79,120932.18,1169.6533986928105,22.0,111.0,0.7254901960784313,4835.399166666667,10077.681666666664,1
335,5,2,2,3,46641.42,20026.82,26614.6,200000.0,295.0,108633.05,531835.28,2171.0790847457624,36.0,217.0,0.735593220338983,9052.754166666668,44319.60666666667,1
336,5,2,2,3,21481.75,19276.99,2204.76,209115.72,267.0,83614.89,320766.27,1514.5361797752807,32.0,196.0,0.7340823970037453,6967.9075,26730.522500000003,1
337,4,2,1,3,1047.14,89.24,957.9,1245.73,171.0,87367.85,106360.84,1132.9163157894736,15.0,127.0,0.7426900584795322,7280.654166666667,8863.403333333334,1
338,3,2,2,1,702.78,329.5,373.28,0.0,164.0,37813.72,319474.79,2178.588475609756,30.0,130.0,0.7926829268292683,3151.1433333333334,26622.899166666662,1
339,2,1,2,0,440.16,440.16,0.0,1000000.0,155.0,0.0,236117.12,1523.3362580645162,43.0,117.0,0.7548387096774194,0.0,19676.426666666663,1
340,7,3,2,5,47763.87,352.56,47411.310000000005,64392.7,346.0,115177.41,413111.98,1526.847947976879,44.0,257.0,0.7427745664739884,9598.1175,34425.99833333333,1
341,7,3,1,6,3526.51,247.19,3279.3199999999997,7537.93,285.0,193162.67,161345.44,1243.8881052631575,14.0,195.0,0.6842105263157895,16096.889166666668,13445.453333333331,1
342,6,3,2,4,41956.6,12888.49,29068.11,500219.48,257.0,116253.3,278692.84,1536.7554085603113,20.0,176.0,0.6848249027237354,9687.775,23224.403333333335,1
343,3,2,1,2,884.36,808.22,76.14,0.0,85.0,58972.11,61248.89,1414.3647058823528,0.0,53.0,0.6235294117647059,4914.3425,5104.074166666666,1
344,6,3,2,4,2087.28,827.9200000000001,1259.36,500865.5,268.0,53971.42,331993.67,1440.1682462686567,32.0,195.0,0.7276119402985075,4497.618333333333,27666.139166666664,1
345,2,2,1,1,3586.96,148.6,3438.36,10445.1,119.0,52405.17,101948.72,1297.0915126050422,12.0,96.0,0.8067226890756303,4367.0975,8495.726666666667,1
346,2,1,2,0,235.15,235.15,0.0,0.0,0.0,0.0,0.0,0.0,0.0,0.0,0.0,,,0
347,3,2,2,1,18570.58,18370.15,200.43,1001558.0,188.0,18629.9,362378.98,2026.642978723404,40.0,143.0,0.7606382978723404,1552.4916666666668,30198.248333333333,1
348,2,1,2,0,2391.9300000000003,2391.9300000000003,0.0,300000.0,0.0,0.0,0.0,0.0,0.0,0.0,0.0,,,0
349,5,2,2,3,6819.299999999999,5966.32,852.98,503172.23,271.0,74090.99,341952.45,1535.2156457564577,31.0,194.0,0.7158671586715867,6174.249166666667,28496.0375,1
350,4,2,2,2,5856.51,4875.71,980.8,504545.18,222.0,44532.52,298359.47000000003,1544.5585135135134,30.0,160.0,0.7207207207207207,3711.043333333333,24863.28916666667,1
351,2,2,1,1,483.09,137.84,345.25,2089.34,30.0,16609.47,17928.510000000002,1151.266,0.0,18.0,0.6,1384.1225000000002,1494.0425000000002,1
352,3,2,2,1,5327.18,532.8399999999999,4794.34,37796.78,187.0,28239.66,294205.66,1724.306524064171,35.0,139.0,0.7433155080213903,2353.305,24517.138333333332,1
353,6,3,3,3,34283.380000000005,12351.54,21931.84,740934.0,254.0,85904.83,305004.06,1539.011377952756,43.0,178.0,0.7007874015748031,7158.735833333333,25417.005,1
354,1,1,1,0,100.38,100.38,0.0,0.0,0.0,0.0,0.0,0.0,0.0,0.0,0.0,,,0
355,3,3,1,2,4433.88,201.36,4232.52,14609.46,82.0,70790.22,69215.44,1707.3860975609757,0.0,57.0,0.6951219512195121,5899.185,5767.953333333334,1
356,2,2,1,1,2589.77,54.22,2535.55,8157.02,81.0,27300.62,85068.35,1387.2712345679013,14.0,64.0,0.7901234567901234,2275.0516666666667,7089.029166666667,1
357,2,1,2,0,4868.92,4868.92,0.0,300000.0,69.0,0.0,178917.81,2593.0117391304348,17.0,52.0,0.7536231884057971,0.0,14909.8175,1
358,9,3,3,6,17275.440000000002,3334.12,13941.32,501933.56,463.0,165952.7,656096.16,1775.4834989200865,53.0,340.0,0.734341252699784,13829.391666666668,54674.68,1
359,3,2,1,2,32835.37,130.13,32705.24,0.0,66.0,41181.03,64817.09,1606.0321212121212,0.0,36.0,0.5454545454545454,3431.7525,5401.424166666667,1
360,7,3,1,6,1837.06,147.03,1690.03,3799.19,324.0,165454.79,216781.01,1179.74012345679,16.0,227.0,0.7006172839506173,13787.899166666668,18065.084166666667,1
361,3,2,1,2,539.5600000000001,286.72,252.83999999999995,0.0,138.0,79785.07,95939.65,1273.367536231884,12.0,96.0,0.6956521739130435,6648.755833333334,7994.970833333333,1
362,1,1,1,0,599.92,599.92,0.0,0.0,78.0,0.0,235038.13,3013.309358974359,27.0,63.0,0.8076923076923077,0.0,19586.510833333337,1
363,1,1,1,0,248.29,248.29,0.0,0.0,66.0,0.0,58045.31,879.4743939393938,18.0,52.0,0.7878787878787878,0.0,4837.109166666666,1
364,6,3,1,5,4099.349999999999,91.63,4007.72,6110.67,241.0,100813.55,375643.12,1976.998630705394,16.0,171.0,0.7095435684647303,8401.129166666668,31303.593333333338,1
365,4,2,1,3,22624.16,199.97,22424.19,116082.78,190.0,95006.5,133726.86,1203.859789473684,11.0,140.0,0.7368421052631579,7917.208333333333,11143.905,1
366,5,2,2,3,3606.58,73.86,3532.7200000000003,7086.950000000001,251.0,90005.06,330651.09,1675.9209163346611,29.0,185.0,0.7370517928286853,7500.421666666666,27554.257500000003,1
367,3,2,2,1,508.5,349.38,159.12,300796.55,27.0,31342.369999999995,21960.94,1974.1966666666665,0.0,19.0,0.7037037037037037,2611.8641666666663,1830.0783333333336,1
368,5,2,2,3,1129.15,186.85,942.3,302782.45,103.0,88926.69,55387.83,1401.111844660194,0.0,63.0,0.6116504854368932,7410.5575,4615.6525,1
369,6,3,1,5,17403.34,117.85,17285.49,58283.76,196.0,108012.54,145556.02,1293.7171428571428,0.0,124.0,0.6326530612244898,9001.045,12129.668333333331,1
370,4,3,2,2,38398.78,15723.33,22675.449999999997,205027.88,224.0,53066.7,292822.6,1544.1486607142856,43.0,171.0,0.7633928571428571,4422.225,24401.88333333333,1
371,3,2,2,1,4396.02,4184.83,211.19,300000.0,23.0,16383.31,54967.46,3102.207391304348,0.0,15.0,0.6521739130434783,1365.2758333333334,4580.621666666667,1
372,5,2,2,3,1700.14,521.9000000000001,1178.24,500000.0,222.0,78764.79,255558.76,1505.9619369369368,34.0,168.0,0.7567567567567568,6563.732499999999,21296.563333333335,1
373,3,2,1,2,531.93,128.6,403.33,972.09,128.0,52649.91,103362.22,1218.844765625,16.0,92.0,0.71875,4387.4925,8613.518333333333,1
374,2,1,2,0,3373.29,3373.29,0.0,100000.0,82.0,0.0,156673.41,1910.6513414634144,13.0,63.0,0.7682926829268293,0.0,13056.1175,1
375,5,3,2,3,8840.7,4445.3,4395.400000000001,100000.0,171.0,65456.96,254684.16,1872.170292397661,23.0,117.0,0.6842105263157895,5454.746666666667,21223.68,1
376,4,2,2,2,28746.82,9343.6,19403.22,200927.2,70.0,48373.33,30620.25,1128.4797142857144,0.0,42.0,0.6,4031.1108333333336,2551.6875,1
377,3,2,1,2,4800.39,288.3,4512.09,412.92,130.0,45919.82,171497.58,1672.4415384615384,17.0,90.0,0.6923076923076923,3826.651666666666,14291.464999999998,1
378,1,1,1,0,157.2,157.2,0.0,0.0,77.0,0.0,65963.83,856.6731168831169,14.0,58.0,0.7532467532467533,0.0,5496.985833333333,1
379,3,2,2,1,512.75,164.58,348.17,2103.79,191.0,59601.18,373860.91,2269.4350261780105,38.0,143.0,0.7486910994764397,4966.765,31155.075833333336,1
380,9,3,3,6,12373.72,11065.06,1308.66,1101165.2,430.0,151757.91,485670.68,1482.392069767442,30.0,298.0,0.6930232558139535,12646.4925,40472.556666666664,1
381,1,1,1,0,569.44,569.44,0.0,0.0,72.0,0.0,249276.15,3462.16875,18.0,55.0,0.7638888888888888,0.0,20773.0125,1
382,3,2,2,1,865.8499999999999,699.6299999999999,166.22,0.0,34.0,31631.9,42740.92,2187.435882352941,0.0,21.0,0.6176470588235294,2635.991666666667,3561.7433333333333,1
383,5,2,2,3,1131.38,450.78,680.5999999999999,2575.59,239.0,99464.34,357847.25,1913.4376150627616,33.0,176.0,0.7364016736401674,8288.695,29820.604166666668,1
384,5,2,2,3,1402.75,365.13,1037.62,2719.32,130.0,90895.7,149485.04,1849.082615384615,0.0,84.0,0.6461538461538462,7574.641666666666,12457.086666666668,1
385,4,2,2,2,30601.11,370.44,30230.67,0.0,215.0,92248.08,317007.58999999997,1903.5147441860463,25.0,167.0,0.7767441860465116,7687.34,26417.299166666664,1
386,4,3,2,2,5824.259999999999,3177.8199999999997,2646.44,512997.97,106.0,34114.4,98285.37,1249.054433962264,0.0,70.0,0.660377358490566,2842.866666666667,8190.447499999999,1
387,3,2,2,1,2915.91,2748.35,167.56,50982.77,110.0,18472.87,380398.85,3626.1065454545455,19.0,88.0,0.8,1539.4058333333332,31699.904166666664,1
388,5,3,2,3,27039.07,6847.59,20191.48,383372.4,244.0,73570.3,297470.29,1520.658155737705,26.0,176.0,0.7213114754098361,6130.858333333334,24789.19083333333,1
389,2,1,2,0,11337.4,11337.4,0.0,300000.0,125.0,0.0,336753.4,2694.0272,29.0,98.0,0.784,0.0,28062.783333333336,1
390,6,3,2,4,14472.98,4298.26,10174.72,224578.81,172.0,166598.34,174935.95,1985.664476744186,0.0,127.0,0.7383720930232558,13883.195,14577.995833333334,1
391,1,1,1,0,371.75,371.75,0.0,0.0,70.0,0.0,208619.45,2980.277857142857,17.0,62.0,0.8857142857142857,0.0,17384.954166666666,1
392,2,1,2,0,3896.79,3896.79,0.0,100000.0,142.0,0.0,222093.21,1564.036690140845,28.0,114.0,0.8028169014084507,0.0,18507.7675,1
393,6,2,3,3,10465.74,3100.98,7364.759999999999,502625.95,143.0,63608.29,136574.55,1399.88,1.0,102.0,0.7132867132867133,5300.690833333333,11381.2125,1
394,4,2,2,2,10452.28,9242.92,1209.36,101742.91,182.0,86596.47,260419.12,1906.679065934066,31.0,137.0,0.7527472527472527,7216.3725,21701.593333333338,1
395,8,3,2,6,27267.77,15510.15,11757.62,200391.4,320.0,140158.76,336010.96,1488.0303749999998,26.0,237.0,0.740625,11679.896666666667,28000.913333333338,1
396,1,1,1,0,201.28,201.28,0.0,0.0,55.0,0.0,43167.04,784.8552727272728,7.0,43.0,0.7818181818181819,0.0,3597.2533333333336,1
397,3,1,3,0,1288.74,1288.74,0.0,100000.0,0.0,0.0,0.0,0.0,0.0,0.0,0.0,,,0
398,2,2,1,1,6740.42,229.53,6510.89,0.0,97.0,47305.61,86660.04,1381.089175257732,17.0,77.0,0.7938144329896907,3942.1341666666663,7221.669999999999,1
399,5,2,3,2,2718.0499999999997,2434.39,283.65999999999997,500465.65,287.0,59813.369999999995,520354.55,2021.4910104529615,50.0,229.0,0.7979094076655052,4984.447499999999,43362.879166666666,1
400,2,2,1,1,5074.07,76.66,4997.41,27721.19,80.0,15039.51,76314.05,1141.9195,14.0,59.0,0.7375,1253.2925,6359.504166666667,1
401,5,3,2,3,5452.5199999999995,2660.7799999999997,2791.74,200000.0,230.0,117853.28,221257.63,1474.3952608695652,15.0,171.0,0.7434782608695653,9821.106666666668,18438.135833333337,1
402,4,2,3,1,5424.57,5321.7,102.87,1000000.0,50.0,23403.21,14405.66,756.1773999999999,0.0,32.0,0.64,1950.2675,1200.4716666666666,1
403,6,3,2,4,17274.489999999998,547.1,16727.39,104721.9,328.0,121835.95,389705.14,1559.576493902439,36.0,234.0,0.7134146341463414,10152.995833333332,32475.428333333333,1
404,8,3,2,6,20168.35,5228.42,14939.93,504263.25,355.0,161906.77,352865.49,1450.062704225352,25.0,254.0,0.7154929577464789,13492.230833333331,29405.4575,1
405,4,2,1,3,2513.19,89.21,2423.98,4344.46,165.0,54641.23,118155.76,1047.2544848484847,10.0,119.0,0.7212121212121212,4553.435833333333,9846.313333333334,1
406,4,3,2,2,6357.29,1246.7,5110.59,0.0,213.0,47140.21,318446.62,1716.3700938967138,31.0,157.0,0.7370892018779343,3928.3508333333334,26537.218333333338,1
407,4,2,1,3,9339.36,114.67,9224.69,1043.55,115.0,125717.43,44568.07,1480.7434782608696,0.0,72.0,0.6260869565217392,10476.4525,3714.005833333333,1
408,6,3,2,4,15128.41,13942.31,1186.1,100170.36,214.0,77964.75,172495.73,1170.3760747663553,31.0,160.0,0.7476635514018691,6497.0625,14374.644166666669,1
409,2,2,1,1,192.46,62.93,129.53,569.52,76.0,24977.21,64569.72,1178.2490789473684,20.0,53.0,0.6973684210526315,2081.4341666666664,5380.81,1
410,1,1,1,0,192.73,192.73,0.0,0.0,63.0,0.0,50976.39,809.1490476190476,16.0,53.0,0.8412698412698413,0.0,4248.0325,1
411,2,2,1,1,292.2,190.64,101.56,762.59,118.0,38242.01,318622.5,3024.2755084745763,20.0,94.0,0.7966101694915254,3186.834166666667,26551.875,1
412,3,2,2,1,11515.69,11378.27,137.42,500000.0,156.0,31800.03,159316.57,1225.1064102564103,27.0,121.0,0.7756410256410257,2650.0025,13276.380833333336,1
413,2,1,2,0,2773.57,2773.57,0.0,200000.0,0.0,0.0,0.0,0.0,0.0,0.0,0.0,,,0
414,2,2,1,1,346.16999999999996,88.08,258.09,0.0,123.0,60777.25,88802.15,1216.0926829268292,13.0,90.0,0.7317073170731707,5064.770833333333,7400.179166666666,1
415,2,2,1,1,226.05,151.74,74.31,0.0,34.0,13226.73,13349.6,781.6567647058824,0.0,20.0,0.5882352941176471,1102.2275,1112.4666666666667,1
416,2,1,2,0,3722.2,3722.2,0.0,50000.0,73.0,0.0,173411.65,2375.5020547945205,22.0,57.0,0.7808219178082192,0.0,14450.970833333333,1
417,4,2,1,3,2660.82,47.98,2612.84,14315.15,76.0,65445.37,59691.07,1646.532105263158,0.0,44.0,0.5789473684210527,5453.780833333333,4974.255833333334,1
418,2,1,2,0,445.16,445.16,0.0,0.0,152.0,0.0,320987.39,2111.7591447368422,41.0,117.0,0.7697368421052632,0.0,26748.94916666667,1
419,6,3,2,4,31039.47,17675.329999999998,13364.14,318809.11,307.0,114530.0,550113.07,2164.9611400651465,28.0,219.0,0.7133550488599348,9544.166666666666,45842.75583333333,1
420,5,2,3,2,14446.68,14259.58,187.1,50000.0,59.0,31543.05,15793.52,802.3147457627118,0.0,45.0,0.7627118644067796,2628.5875,1316.1266666666668,1
421,5,2,2,3,7889.09,1438.42,6450.67,300000.0,209.0,60047.45,250850.55,1487.5502392344497,34.0,152.0,0.7272727272727273,5003.954166666666,20904.2125,1
422,3,2,1,2,11919.69,104.29,11815.4,8962.01,161.0,66440.06,113940.58,1120.376645962733,15.0,114.0,0.7080745341614907,5536.671666666666,9495.048333333334,1
423,1,1,1,0,193.75,193.75,0.0,0.0,56.0,0.0,49189.84,878.39,10.0,44.0,0.7857142857142857,0.0,4099.153333333333,1
424,4,3,1,3,14255.88,66.26,14189.62,91729.66,194.0,89121.71,108813.0,1020.2820103092783,8.0,136.0,0.7010309278350515,7426.809166666667,9067.75,1
425,3,1,3,0,28127.45,28127.45,0.0,250000.0,0.0,0.0,0.0,0.0,0.0,0.0,0.0,,,0
426,5,2,2,3,23548.26,14758.11,8790.15,500810.88,238.0,77217.45,249932.13,1374.5780672268909,28.0,167.0,0.7016806722689075,6434.787499999999,20827.6775,1
427,4,2,2,2,2324.34,1856.99,467.35,100000.0,180.0,41370.54,423865.58,2584.645111111111,23.0,147.0,0.8166666666666667,3447.545,35322.13166666667,1
428,2,1,2,0,15813.33,15813.33,0.0,1000000.0,88.0,0.0,150074.65,1705.39375,20.0,72.0,0.8181818181818182,0.0,12506.220833333333,1
429,2,1,2,0,520.09,520.09,0.0,0.0,160.0,0.0,343042.19,2144.0136875,45.0,133.0,0.83125,0.0,28586.849166666667,1
430,5,2,3,2,20082.42,1411.44,18670.98,500000.0,223.0,43611.08,458919.31,2253.4995067264576,28.0,167.0,0.7488789237668162,3634.256666666666,38243.27583333333,1
431,2,1,2,0,15228.31,15228.31,0.0,1000000.0,132.0,0.0,200501.13,1518.9479545454546,36.0,103.0,0.7803030303030303,0.0,16708.4275,1
432,3,2,1,2,978.15,595.73,382.42,540.92,166.0,75941.44,293858.07,2227.707891566265,20.0,116.0,0.6987951807228916,6328.453333333334,24488.1725,1
433,5,2,2,3,6359.31,5747.97,611.34,300000.0,263.0,98581.22,259075.95,1359.9131939163497,32.0,197.0,0.7490494296577946,8215.101666666667,21589.6625,1
434,6,3,3,3,19367.81,1773.24,17594.57,1093708.49,311.0,102683.09,586302.23,2215.3868810289387,35.0,227.0,0.729903536977492,8556.924166666666,48858.519166666665,1
435,4,2,2,2,5946.97,4805.610000000001,1141.36,300000.0,177.0,77852.83,213834.14,1647.9489830508471,17.0,128.0,0.7231638418079096,6487.735833333333,17819.511666666665,1
436,4,2,2,2,25975.480000000003,17273.47,8702.01,300000.0,152.0,62065.34,150007.75,1395.217697368421,19.0,115.0,0.756578947368421,5172.111666666667,12500.645833333334,1
437,6,3,1,5,14633.28,237.86,14395.420000000002,81966.87999999999,252.0,123458.98,161496.16,1130.7743650793652,20.0,187.0,0.7420634920634921,10288.248333333331,13458.013333333334,1
438,2,1,2,0,13753.89,13753.89,0.0,500000.0,0.0,0.0,0.0,0.0,0.0,0.0,0.0,,,0
439,4,2,1,3,720.22,150.32,569.9000000000001,3525.02,155.0,61397.39,91298.72,985.136193548387,12.0,114.0,0.7354838709677419,5116.449166666666,7608.226666666667,1
440,5,2,2,3,49027.05,3303.07,45723.98,200000.0,183.0,26473.28,249531.84,1508.224699453552,25.0,136.0,0.7431693989071039,2206.1066666666666,20794.32,1
441,7,3,2,5,23872.129999999997,16616.109999999997,7256.02,1001922.32,297.0,79947.53,316288.13,1334.1268013468014,32.0,225.0,0.7575757575757576,6662.294166666667,26357.344166666662,1
442,3,2,2,1,6234.02,4510.17,1723.85,300000.0,120.0,18523.6,226904.35,2045.2329166666668,30.0,97.0,0.8083333333333333,1543.6333333333334,18908.695833333335,1
443,2,1,2,0,11821.29,11821.29,0.0,300000.0,98.0,0.0,124959.16,1275.0934693877552,21.0,81.0,0.826530612244898,0.0,10413.263333333334,1
444,5,2,2,3,7150.25,6320.99,829.26,504134.36,248.0,82607.4,257848.88,1372.8075806451614,28.0,178.0,0.717741935483871,6883.95,21487.406666666662,1
445,5,2,2,3,13982.590000000002,12941.98,1040.61,502346.77,132.0,62847.39,77838.78,1065.8043181818182,0.0,95.0,0.7196969696969697,5237.2825,6486.565,1
446,4,2,2,2,11331.03,5659.83,5671.200000000001,1000000.0,175.0,99009.84,293391.61,2242.294,24.0,124.0,0.7085714285714285,8250.82,24449.30083333333,1
447,2,2,1,1,186.8,79.08,107.72,0.0,117.0,53541.31,67545.52,1034.930170940171,19.0,89.0,0.7606837606837606,4461.775833333333,5628.793333333334,1
448,7,3,1,6,3991.29,67.02,3924.27,19263.4,212.0,111333.33,247994.56,1694.9428773584907,0.0,151.0,0.7122641509433962,9277.7775,20666.213333333333,1
449,4,3,2,2,6030.34,4789.12,1241.22,203455.58,158.0,70612.17,243949.59,1990.8972151898736,16.0,118.0,0.7468354430379747,5884.3475,20329.1325,1
450,6,2,3,3,15450.72,10905.34,4545.38,550696.68,269.0,64572.79,478143.04,2017.5309665427508,52.0,206.0,0.7657992565055762,5381.065833333333,39845.253333333334,1
451,4,2,1,3,3226.16,116.73,3109.4300000000003,0.0,167.0,82167.26000000001,119806.63,1209.424491017964,11.0,114.0,0.6826347305389222,6847.271666666667,9983.885833333334,1
452,1,1,1,0,663.5,663.5,0.0,0.0,0.0,0.0,0.0,0.0,0.0,0.0,0.0,,,0
453,2,2,1,1,433.99,417.12,16.87,0.0,122.0,5912.889999999999,75026.03,663.4337704918032,22.0,102.0,0.8360655737704918,492.7408333333333,6252.169166666667,1
454,4,2,1,3,419.99,38.39,381.6,1539.02,183.0,90063.01,114561.63,1118.167431693989,15.0,118.0,0.644808743169399,7505.250833333333,9546.8025,1
455,5,2,3,2,27449.94,15152.919999999998,12297.02,200000.0,255.0,43256.05,455464.03,1955.7650196078432,49.0,204.0,0.8,3604.6708333333336,37955.33583333333,1
456,3,2,1,2,18161.93,101.1,18060.83,75331.96,143.0,54127.25,86154.03,980.987972027972,19.0,97.0,0.6783216783216783,4510.604166666667,7179.5025,1
457,2,2,1,1,342.77,232.56,110.21,660.28,128.0,31188.83,108829.83,1093.89578125,17.0,92.0,0.71875,2599.0691666666667,9069.1525,1
458,9,3,3,6,47768.13,11365.01,36403.12,176581.05,462.0,126003.02,552191.68,1467.953896103896,48.0,333.0,0.7207792207792207,10500.251666666669,46015.973333333335,1
459,4,2,2,2,14833.86,7979.02,6854.84,1000377.78,164.0,50627.93,175618.13999999998,1379.5492073170733,30.0,127.0,0.774390243902439,4218.994166666666,14634.845,1
460,3,2,2,1,20684.51,18142.31,2542.2,500000.0,149.0,13176.73,191368.27,1372.7852348993288,36.0,115.0,0.7718120805369127,1098.0608333333332,15947.355833333331,1
461,3,2,1,2,27917.28,557.23,27360.05,478.19,142.0,79552.98,253881.55,2348.1304929577464,15.0,102.0,0.7183098591549296,6629.415,21156.795833333337,1
462,3,2,2,1,16544.05,12106.0,4438.05,118318.97,154.0,39308.73,186738.39,1467.8384415584414,30.0,112.0,0.7272727272727273,3275.7275000000004,15561.5325,1
463,7,3,1,6,6814.16,330.24,6483.92,1315.97,326.0,183048.12,188296.49,1139.0938957055214,19.0,229.0,0.7024539877300614,15254.01,15691.374166666666,1
464,4,2,1,3,999.62,466.06,533.5600000000001,0.0,209.0,70694.73,302883.01,1787.4533014354067,21.0,132.0,0.631578947368421,5891.2275,25240.250833333335,1
465,6,2,3,3,24277.55,15015.39,9262.16,250165.24,226.0,92113.77,378570.82,2082.6751769911507,31.0,162.0,0.7168141592920354,7676.1475,31547.568333333333,1
466,4,2,1,3,2952.7799999999997,122.16,2830.62,0.0,104.0,83671.61,62980.82,1410.1195192307691,0.0,78.0,0.75,6972.634166666667,5248.401666666667,1
467,6,3,2,4,9522.43,2153.29,7369.139999999999,124090.34,257.0,109509.51,257772.23,1429.1118287937743,20.0,198.0,0.7704280155642024,9125.7925,21481.01916666667,1
468,4,2,1,3,20180.72,62.86,20117.859999999997,0.0,179.0,93354.16,121994.42,1203.06469273743,19.0,131.0,0.7318435754189944,7779.513333333333,10166.201666666666,1
469,4,2,1,3,35304.479999999996,69.94,35234.54,0.0,139.0,33167.63,124028.89,1130.910215827338,17.0,111.0,0.7985611510791367,2763.9691666666663,10335.740833333331,1
470,3,2,2,1,10817.509999999998,325.13,10492.38,0.0,183.0,41361.26,347230.68,2123.4532240437156,27.0,150.0,0.819672131147541,3446.771666666667,28935.89,1
471,1,1,1,0,159.24,159.24,0.0,0.0,71.0,0.0,64461.5,907.9084507042254,22.0,56.0,0.7887323943661971,0.0,5371.791666666667,1
472,2,1,2,0,14862.25,14862.25,0.0,300000.0,114.0,0.0,321640.94,2821.4117543859647,36.0,94.0,0.8245614035087719,0.0,26803.411666666667,1
473,4,3,1,3,1075.58,161.64,913.94,3897.66,204.0,42185.78,149891.57,941.555637254902,16.0,158.0,0.7745098039215687,3515.4816666666666,12490.964166666668,1
474,4,2,2,2,15332.59,4564.63,10767.96,140417.79,143.0,33093.06,244558.75,1941.621048951049,22.0,108.0,0.7552447552447552,2757.7549999999997,20379.895833333332,1
475,1,1,1,0,238.44,238.44,0.0,0.0,49.0,0.0,43643.48,890.6832653061225,13.0,43.0,0.8775510204081632,0.0,3636.956666666667,1
476,2,1,2,0,272.29,272.29,0.0,0.0,117.0,0.0,258064.33,2205.678034188034,28.0,92.0,0.7863247863247863,0.0,21505.360833333332,1
477,1,1,1,0,299.92,299.92,0.0,0.0,63.0,0.0,51619.58,819.3584126984127,11.0,50.0,0.7936507936507936,0.0,4301.631666666667,1
478,3,2,2,1,17561.000000000004,17229.670000000002,331.33,1000000.0,140.0,8758.51,197493.05,1473.225428571429,25.0,116.0,0.8285714285714286,729.8758333333334,16457.754166666666,1
479,5,2,2,3,46740.67,7256.900000000001,39483.77,304375.49,253.0,55287.2,348388.33,1595.5554545454547,29.0,185.0,0.7312252964426877,4607.266666666666,29032.360833333336,1
480,5,2,2,3,43228.509999999995,14112.11,29116.4,256771.37,212.0,85418.84,200047.37,1346.5387264150943,28.0,148.0,0.6981132075471698,7118.236666666667,16670.614166666666,1
481,3,2,2,1,871.1800000000001,577.0799999999999,294.1,100000.0,115.0,28742.59,152089.31,1572.451304347826,19.0,85.0,0.7391304347826086,2395.215833333333,12674.109166666669,1
482,3,1,3,0,2736.2,2736.2,0.0,100000.0,161.0,0.0,422886.81,2626.626149068323,33.0,131.0,0.8136645962732919,0.0,35240.5675,1
483,5,3,1,4,2293.96,138.6,2155.36,7094.389999999999,248.0,95145.12,415485.24,2058.9933870967743,28.0,183.0,0.7379032258064516,7928.759999999999,34623.77,1
484,3,2,2,1,13946.570000000002,13775.45,171.12,1000000.0,150.0,37869.0,170494.17,1389.0878,30.0,123.0,0.82,3155.75,14207.847500000002,1
485,4,2,1,3,4859.46,53.55,4805.91,18163.16,158.0,146248.2,86961.54,1476.011012658228,0.0,111.0,0.7025316455696202,12187.35,7246.794999999999,1
486,8,3,3,5,12683.03,5199.629999999999,7483.4,1002150.45,353.0,142365.9,496936.78,1811.0557507082156,26.0,265.0,0.7507082152974505,11863.825,41411.39833333334,1
487,2,1,2,0,4669.13,4669.13,0.0,100000.0,114.0,0.0,170686.78,1497.252456140351,33.0,93.0,0.8157894736842105,0.0,14223.898333333333,1
488,3,2,2,1,15692.41,15638.16,54.25,200239.36,175.0,34970.83,228599.46,1506.1159428571427,28.0,135.0,0.7714285714285715,2914.2358333333336,19049.955,1
489,3,2,2,1,1337.05,694.37,642.68,1000000.0,120.0,45426.060000000005,160615.53,1717.01325,14.0,78.0,0.65,3785.505000000001,13384.6275,1
490,3,2,1,2,511.02,28.63,482.39,0.0,126.0,41499.91,86614.28,1016.7792857142856,11.0,95.0,0.753968253968254,3458.325833333334,7217.856666666667,1
491,3,2,2,1,1670.67,1588.93,81.74,50000.0,165.0,66376.7,191320.22,1561.7995151515152,27.0,129.0,0.7818181818181819,5531.391666666666,15943.351666666667,1
492,3,2,2,1,2027.94,1900.53,127.41,500512.04,189.0,24617.26,227217.29,1332.4579365079364,44.0,147.0,0.7777777777777778,2051.438333333333,18934.774166666662,1
493,2,2,1,1,688.6999999999999,102.17,586.53,0.0,124.0,32951.26,311794.46,2780.2074193548383,19.0,95.0,0.7661290322580645,2745.9383333333335,25982.87166666667,1
494,2,1,2,0,6686.77,6686.77,0.0,100000.0,16.0,0.0,26096.08,1631.005,0.0,11.0,0.6875,0.0,2174.6733333333336,1
495,4,2,1,3,1577.14,119.92,1457.22,1111.91,145.0,34288.090000000004,135648.2,1171.9744137931034,17.0,111.0,0.7655172413793103,2857.3408333333336,11304.016666666668,1
496,8,3,2,6,44953.28,951.41,44001.87,58836.740000000005,390.0,161659.19,582537.08,1908.195564102564,44.0,277.0,0.7102564102564103,13471.599166666669,48544.75666666666,1
497,5,2,2,3,7182.2699999999995,6791.86,390.41,300000.0,232.0,98842.44,265949.93,1572.3809051724138,39.0,192.0,0.8275862068965517,8236.87,22162.494166666667,1
498,4,2,1,3,8362.18,133.12,8229.06,44758.47,168.0,87655.22,126135.12,1272.5615476190476,15.0,115.0,0.6845238095238095,7304.601666666667,10511.26,1
499,2,2,1,1,772.49,280.23,492.26,0.0,95.0,27364.35,87921.88,1213.5392631578948,12.0,66.0,0.6947368421052632,2280.3624999999997,7326.823333333334,1
500,2,1,2,0,16392.95,16392.95,0.0,100000.0,93.0,0.0,131683.15,1415.9478494623656,23.0,79.0,0.8494623655913979,0.0,10973.595833333333,1
