customer_id,predicted_cltv,predicted_propensity,expected_value,lead_score,lead_category
CUST000001,9479.479714964187,0.9914013013055171,9397.968525114748,53,Medium
CUST000002,167.65941665399333,0.9058062910475708,151.86695435855302,29,Cold
CUST000003,4814.840859901937,0.9318826815149792,4486.866811593305,44,Medium
CUST000004,300037.7840297827,0.9994216224681524,299864.2489167945,97,Hot
CUST000005,0.5370893830324023,0.000173428844726812,9.314679121434576e-05,19,Cold
CUST000006,1558.0976258800777,0.9193312976329657,1432.407912239175,37,Medium
CUST000007,6887.4171738019995,0.9674742461284621,6663.398737996313,48,Medium
CUST000008,53625.41388947361,0.987531001027788,52956.75865880132,74,Hot
CUST000009,8694.990328306694,0.996270871367144,8662.565590911,51,Medium
CUST000010,8687.746867257165,0.9991082645253552,8679.999695180897,51,Medium
CUST000011,5745.588275521411,0.9981317119418064,5734.853861558957,46,Medium
CUST000012,30425.50200640086,0.9978542527209863,30360.216568257998,67,Medium
CUST000013,32445.68740675053,0.9983923919803595,32393.527459472687,68,Medium
CUST000014,4183.132031210909,0.9839601534891875,4116.035235495823,44,Medium
CUST000015,25389.32253076932,0.9992933403135628,25371.380920070875,64,Medium
CUST000016,0.03018241321079655,0.00017067297840281655,5.1513223580711644e-06,13,Cold
CUST000017,0.0,0.00010406741996676886,0.0,6,Cold
CUST000018,1867.3276532980776,0.271648500521416,507.2567570005973,33,Medium
CUST000019,12870.197450157737,0.9731342879730643,12524.430431731998,56,Medium
CUST000020,8114.496668407559,0.9857010343851823,7998.467759564446,50,Medium
CUST000021,19835.752744037713,0.9952448754797661,19741.43126978724,62,Medium
CUST000022,138923.5751589067,0.9992402750029655,138818.03144618106,88,Hot
CUST000023,75802.34540520166,0.9992411827897486,75744.82528093077,77,Hot
CUST000024,0.0,0.0004018308120040664,0.0,6,Cold
CUST000025,30216.867289849262,0.9999203839489892,30214.461542201727,67,Medium
CUST000026,8789.28475669739,0.9972851414424608,8765.423091761022,52,Medium
CUST000027,0.0,0.00027601118630810197,0.0,6,Cold
CUST000028,0.6148476269285574,0.0005308489752164058,0.00032639123266926367,23,Cold
CUST000029,0.0,0.000556579500507727,0.0,6,Cold
CUST000030,3187.6602923476858,0.9188743541653103,2929.0592924293837,41,Medium
CUST000031,0.19187395416591732,0.0011195778109066037,0.00021481782157507171,22,Cold
CUST000032,10217.698862533027,0.9984976624184214,10202.348429534592,54,Medium
CUST000033,9446.20007425479,0.9992027554171058,9438.669142416655,53,Medium
CUST000034,8725.137460977428,0.9957678328931858,8688.211221212647,52,Medium
CUST000035,6642.804057056965,0.9856870822189037,6547.726148752376,48,Medium
CUST000036,0.0,0.00013510047149460102,0.0,6,Cold
CUST000037,0.5256896368416928,0.0006381093922807661,0.0003354474946933492,23,Cold
CUST000038,1731.0302841773594,0.9840932315783641,1703.4951863161116,38,Medium
CUST000039,479.3138829142645,0.9857476077289035,472.482513433988,33,Medium
CUST000040,98054.0190781014,0.9998274627658167,98037.1011088491,81,Hot
CUST000041,0.0,0.0002913010810436906,0.0,6,Cold
CUST000042,43484.09937368469,0.9995863891090581,43466.11387660093,71,Hot
CUST000043,343.7684859170333,0.8101485940532362,278.50355554549424,30,Medium
CUST000044,2140.0448331405814,0.7759005731128028,1660.4620125208696,38,Medium
CUST000045,103991.50799975397,0.9998755106095858,103978.56216031483,83,Hot
CUST000046,0.0860593277572525,0.0006273540812899093,5.398967050157833e-05,17,Cold
CUST000047,39554.38759772344,0.9946847212243759,39344.14500084245,70,Hot
CUST000048,0.0,0.00020621917493958284,0.0,6,Cold
CUST000049,38796.259332230926,0.9977783978027747,38710.06947725432,70,Hot
CUST000050,91368.58380514114,0.9995425232822119,91326.78480531301,80,Hot
CUST000051,0.0,0.0009205911112283205,0.0,6,Cold
CUST000052,133257.02077122955,0.9806016780090602,130672.05817475589,87,Hot
CUST000053,161311.40784210776,0.9995507550428157,161238.9395055984,91,Hot
CUST000054,29307.922311002054,0.9782504843845962,28670.489197043873,66,Medium
CUST000055,0.38007236984863946,0.0005401431501871661,0.00020529348714914578,21,Cold
CUST000056,0.0,0.0005123508572088158,0.0,6,Cold
CUST000057,0.0,0.00010921035970164948,0.0,6,Cold
CUST000058,281730.4708289833,0.9998246528454229,281681.07019256573,96,Hot
CUST000059,0.3744631849396396,0.0003692645991310181,0.0001382759978760603,20,Cold
CUST000060,5594.385085716715,0.9506390757575268,5318.241067317431,46,Medium
CUST000061,18245.882075267236,0.9957133932280772,18167.66915360369,61,Medium
CUST000062,46839.58445778283,0.9995089333269321,46816.583098875264,71,Hot
CUST000063,1908.1607372743417,0.9421471445219135,1797.7681899118502,39,Medium
CUST000064,14678.899068861936,0.9989364881586777,14663.287885884627,58,Medium
CUST000065,0.0,0.0004442665102430671,0.0,6,Cold
CUST000066,931842.9034741487,0.9999511508793655,931797.3837677445,100,Hot
CUST000067,75677.4879539982,0.9997956345448176,75662.02208972542,77,Hot
CUST000068,223.85926254108546,0.41979542541463355,93.97509435144111,28,Cold
CUST000069,12203.317586224483,0.8375548588467349,10220.947938392124,54,Medium
CUST000070,261.9498311679556,0.5719139261442883,149.81275639609893,29,Cold
CUST000071,183740.01160680718,0.9995158171241659,183651.04783958162,92,Hot
CUST000072,0.0,0.00013393306113612755,0.0,6,Cold
CUST000073,16332.152677760143,0.9599053554436936,15677.320821306022,59,Medium
CUST000074,1429.7540283077853,0.5865729487039155,838.6550363057992,35,Medium
CUST000075,47283.62037147917,0.9991652686829503,47244.151252771604,71,Hot
CUST000076,0.0,0.00020298163798109794,0.0,6,Cold
CUST000077,7523.609982031117,0.9918013618846089,7461.9266264671,49,Medium
CUST000078,34707.05392490342,0.996542608759661,34587.058060685486,68,Medium
CUST000079,1476.5588805412651,0.9558710654378787,1411.3999103247406,37,Medium
CUST000080,260806.1615080988,0.9972846252536768,260097.9750434542,95,Hot
CUST000081,117518.28621698724,0.9998856439321361,117504.84728787336,85,Hot
CUST000082,283112.2547667462,0.9991249009583125,282864.50350390986,96,Hot
CUST000083,0.0,0.00013207384441874767,0.0,6,Cold
CUST000084,100291.2798472914,0.9989514077868299,100186.11519219467,82,Hot
CUST000085,18238.20527226756,0.9995554463463646,18230.097411478022,61,Medium
CUST000086,14112.364023316719,0.984422810086492,13892.533048796957,57,Medium
CUST000087,359.0302111630717,0.35122532174700277,126.10050143264421,28,Cold
CUST000088,35119.030563631866,0.9969873658643885,35013.229773346284,68,Medium
CUST000089,36388.28330356843,0.9983775910110179,36329.24662564309,69,Medium
CUST000090,11348.956623045855,0.9928119586379864,11267.379853423703,55,Medium
CUST000091,24.070467764552074,0.042514537466300066,1.023344803607417,26,Cold
CUST000092,0.38202303774765006,0.0008390144536863558,0.0003205228503114467,23,Cold
CUST000093,0.3617943178595167,0.0005330915907288907,0.00019286950842440368,21,Cold
CUST000094,14198.79100507022,0.9460902410669837,13433.337604846603,57,Medium
CUST000095,1287.0156108307956,0.7216574202735918,928.784365563993,35,Medium
CUST000096,0.0,0.0003828116322247167,0.0,6,Cold
CUST000097,6289.0734427779435,0.9982945027675677,6278.3474454267225,47,Medium
CUST000098,27622.829638547082,0.999762130485368,27616.2590094682,66,Medium
CUST000099,61582.25383936892,0.9992566068198935,61536.47401184914,75,Hot
CUST000100,22456.982069396297,0.9982119967060517,22416.828911484077,64,Medium
CUST000101,15836.410129070624,0.9994702889075132,15828.021406960084,59,Medium
CUST000102,51217.68830953789,0.9993985669423813,51186.88429865372,73,Hot
CUST000103,25560.480281314496,0.9967988753883145,25478.657998799477,65,Medium
CUST000104,0.070918428432969,0.0001621812883854727,1.1501642093531853e-05,14,Cold
CUST000105,0.22723852047188808,0.0005532000014177266,0.0001257083498472106,19,Cold
CUST000106,10490.781295604129,0.954356091752175,10011.941036699574,54,Medium
CUST000107,672.6355502016659,0.35447821210494374,238.43464723371164,30,Medium
CUST000108,16912.39721110416,0.9960706535667968,16845.94254344579,60,Medium
CUST000109,99158.36241021019,0.999831293207443,99141.63372093276,82,Hot
CUST000110,0.0,0.00015360671644557258,0.0,6,Cold
CUST000111,101707.61132718028,0.9989361159733944,101599.40622410507,82,Hot
CUST000112,160354.66470619506,0.9999430405634211,160345.5309948406,91,Hot
CUST000113,123.31212157648615,0.8102508445528186,99.91375065094775,28,Cold
CUST000114,105799.34436008695,0.9997136529054098,105769.0490252199,83,Hot
CUST000115,98906.57324302934,0.9999541899428257,98902.04232725417,81,Hot
CUST000116,242939.0548114517,0.9998178396634171,242894.8009514581,95,Hot
CUST000117,35403.09919047231,0.9978843815359731,35328.19974014117,69,Medium
CUST000118,12291.940234613918,0.9965307242946004,12249.296104985748,55,Medium
CUST000119,119173.9402392647,0.9997228314788401,119140.90897448779,85,Hot
CUST000120,217944.02647433145,0.9998848946828182,217918.93995803624,94,Hot
CUST000121,17083.540764961515,0.9711049536539322,16589.911062803014,59,Medium
CUST000122,0.41392510236216895,0.00015061345643189195,6.234269037069095e-05,18,Cold
CUST000123,3313.326820146111,0.9911534376205052,3284.0152677480355,42,Medium
CUST000124,6040.282057604723,0.9869094435553585,5961.211404388093,46,Medium
CUST000125,0.0,0.00011148088008335143,0.0,6,Cold
CUST000126,452785.42254725087,0.9966998312315872,451291.15423696785,98,Hot
CUST000127,2215.5019325242934,0.99526923958514,2205.020923682862,40,Medium
CUST000128,0.03393994271177463,0.00020701711724258,7.026149099569898e-06,13,Cold
CUST000129,0.0,0.0006150001834606364,0.0,6,Cold
CUST000130,158159.9893281477,0.9995536518592225,158089.3949109657,90,Hot
CUST000131,4109.011730009675,0.9967666355557843,4095.7257975809966,43,Medium
CUST000132,0.1001880131858713,0.00019108062466673803,1.9143988143675676e-05,15,Cold
CUST000133,189354.7515797482,0.9978268147972402,188943.24863554284,93,Hot
CUST000134,4074.0748112520337,0.9974664071297806,4063.7527643575054,43,Medium
CUST000135,54189.58786727524,0.9993549302883619,54154.6318054559,74,Hot
CUST000136,423.37646706114054,0.9590255915064513,406.0288667532219,31,Medium
CUST000137,0.0,0.000179987611735718,0.0,6,Cold
CUST000138,0.04945816075019305,0.00032169699462572966,1.5910541673053327e-05,14,Cold
CUST000139,30083.11813708747,0.9928891497015346,29869.20158750359,67,Medium
CUST000140,9609.824173330075,0.9851730315165885,9467.339613180984,53,Medium
CUST000141,76692.97067514015,0.9998943527064733,76684.8682703558,78,Hot
CUST000142,0.38059821191142196,0.00011171613291297014,4.251896042833519e-05,17,Cold
CUST000143,0.0767375060304787,0.00041289328289278445,3.1684400785929194e-05,16,Cold
CUST000144,1821.8198576558384,0.8328886289831255,1517.3730434972042,38,Medium
CUST000145,2128.983102279572,0.9783195953132339,2082.825887050864,39,Medium
CUST000146,143933.85842912414,0.998580453552128,143729.53763166256,89,Hot
CUST000147,7928.335446119026,0.9340947972285059,7405.816890902127,49,Medium
CUST000148,242515.4787897529,0.9996697611473625,242435.39075629055,95,Hot
CUST000149,0.0,0.0004106762900505827,0.0,6,Cold
CUST000150,0.12244512780675183,0.0003531986572166564,4.324745472406662e-05,17,Cold
CUST000151,53486.54205181284,0.995465171183026,53243.989739595985,74,Hot
CUST000152,21891.342659579113,0.9997661185474493,21886.222680559607,63,Medium
CUST000153,38775.663551422644,0.9989788980138169,38736.06964435472,70,Hot
CUST000154,14909.658822777721,0.9974196737119992,14871.187038172186,58,Medium
CUST000155,5056.048053366807,0.9918918078488473,5015.052644224647,45,Medium
CUST000156,81658.96464438477,0.9989254158339105,81571.21521395865,79,Hot
CUST000157,0.0,0.0002960768967091562,0.0,6,Cold
CUST000158,709066.7835863307,0.9995174232209538,708724.604421779,100,Hot
CUST000159,0.6547944563699474,0.0002649637828521453,0.00017349681615039527,21,Cold
CUST000160,720.389219316127,0.239666641952256,172.65326509210342,29,Cold
CUST000161,5172.42950185373,0.8183596243857885,4232.907464298989,44,Medium
CUST000162,0.20832682338796824,0.0006978123926131321,0.00014537303907385151,20,Cold
CUST000163,78889.7940015308,0.9988819503889371,78801.59129803056,78,Hot
CUST000164,0.0,0.0002779925927883844,0.0,6,Cold
CUST000165,36131.18295978449,0.9990135982341796,36095.54309711178,69,Medium
CUST000166,49874.28923519016,0.9856638795096838,49159.28541534559,72,Hot
CUST000167,0.42639570503641355,0.0014204992118935257,0.0006056947629590097,25,Cold
CUST000168,91664.28853240963,0.9992831443367393,91598.57846805641,80,Hot
CUST000169,1.5378137474686229,0.0004174541140338033,0.0006419666754985168,25,Cold
CUST000170,1108.5798001298117,0.7482996673603161,829.5498956795037,34,Medium
CUST000171,79.61100359674334,0.9203584726273537,73.27066167462947,28,Cold
CUST000172,9959.357568727253,0.9985512317037117,9944.928767230283,54,Medium
CUST000173,161276.2627770014,0.9982126277426409,160988.0020591432,91,Hot
CUST000174,38674.26350662466,0.9987491768783229,38625.88884361674,70,Hot
CUST000175,0.3936324260620848,0.0008763016359237866,0.0003449407389108539,24,Cold
CUST000176,3509.4321437984104,0.9986029162035962,3504.529173015731,42,Medium
CUST000177,186.06248840936723,0.47762591207766875,88.86826572996469,28,Cold
CUST000178,4638.357559980379,0.9837008931357827,4562.756474435809,44,Medium
CUST000179,226646.60715806595,0.9996943959230778,226577.34303089787,94,Hot
CUST000180,1071.871611836351,0.9467739617939227,1014.8201324727396,35,Medium
CUST000181,22048.133720579794,0.9927388467093892,21888.038841862777,64,Medium
CUST000182,3268.462621039479,0.9485739173119397,3100.3783920270685,42,Medium
CUST000183,0.8854160605435938,0.0013853814430378963,0.0012266389796448134,25,Cold
CUST000184,733.2348867040869,0.9141712185986046,670.3022298972849,34,Medium
CUST000185,0.0,0.00014251293020292523,0.0,6,Cold
CUST000186,15473.278591724982,0.9966733225282719,15421.803984420118,59,Medium
CUST000187,444.1330603884695,0.511738007033994,227.2797671811039,30,Medium
CUST000188,552.196739625631,0.4753005840240703,262.4594328402499,30,Medium
CUST000189,681.2376389857311,0.6071703766153642,413.62731382752787,32,Medium
CUST000190,113659.12594891794,0.9982992682289392,113465.82226234561,84,Hot
CUST000191,7402.4524402569605,0.9989140292535333,7394.41359345473,49,Medium
CUST000192,7709.346362764798,0.9517622368402142,7337.4647388009935,49,Medium
CUST000193,0.0,0.0003373343167723415,0.0,6,Cold
CUST000194,9350.596213905012,0.8915073615066491,8336.12535917252,51,Medium
CUST000195,171257.56555309365,0.9999199924205988,171243.8636498196,92,Hot
CUST000196,52882.56733030913,0.9992958920272581,52845.3322930328,73,Hot
CUST000197,126941.08590975501,0.993673355715834,126137.97481415824,87,Hot
CUST000198,82193.04275533766,0.9990940863759029,82118.5829580996,79,Hot
CUST000199,1850.5801636460499,0.8471249075349312,1567.6725500146379,38,Medium
CUST000200,6528.197952111245,0.9893706775383659,6458.807630984876,47,Medium
CUST000201,0.31052935098367535,0.00024192278229696356,7.512412457484108e-05,18,Cold
CUST000202,0.6311281973088362,0.00019975735957921182,0.00012607250225040093,19,Cold
CUST000203,0.2376520814712572,6.140954345054107e-05,1.4594105823220695e-05,14,Cold
CUST000204,3695.953134514782,0.9926436179037547,3668.7642910474756,43,Medium
CUST000205,166361.80476090603,0.9995119921821061,166280.61889958376,92,Hot
CUST000206,9226.08777811434,0.9802772879492396,9044.124305511552,52,Medium
CUST000207,5277.706670389159,0.6212499225954777,3278.7748604609014,42,Medium
CUST000208,0.0,0.0007184345426275499,0.0,6,Cold
CUST000209,2943.1198281422203,0.9509670259700909,2798.8099100420122,41,Medium
CUST000210,11167.945555501497,0.9914883020278371,11072.88737596351,55,Medium
CUST000211,68607.0212419193,0.9987593876166844,68521.90652178417,76,Hot
CUST000212,458732.0384893743,0.9942908887331414,456113.0862399656,98,Hot
CUST000213,490.0977529310642,0.7554508848526804,370.2447811160828,31,Medium
CUST000214,45155.607474263525,0.9902968514210329,44717.45590576722,71,Hot
CUST000215,471918.9719596504,0.9998310707261863,471839.2510304183,98,Hot
CUST000216,0.0011973540300132032,0.00017919891389109454,2.1456454172149104e-07,12,Cold
CUST000217,0.0,9.048693926760202e-05,0.0,6,Cold
CUST000218,0.0,0.0007009425197986594,0.0,6,Cold
CUST000219,570392.0018922553,0.9997652815464223,570258.120363638,99,Hot
CUST000220,0.0,0.00010318933646088554,0.0,6,Cold
CUST000221,0.0,0.0003397685044873724,0.0,6,Cold
CUST000222,0.6231149028263275,0.0004066577997606763,0.00025339453538144197,22,Cold
CUST000223,19244.282058849887,0.9768343533882597,18798.475821377917,62,Medium
CUST000224,0.06374551775944828,0.00060837782571602,3.878135949363508e-05,16,Cold
CUST000225,71.81946389830875,0.2779721191068973,19.96380857293419,27,Cold
CUST000226,577.2810165000978,0.910085192385942,525.3749049622437,33,Medium
CUST000227,0.14185498117865195,0.0003922700508860531,5.56454606853899e-05,17,Cold
CUST000228,80255.40707376935,0.9973013051516644,80038.8222201483,78,Hot
CUST000229,0.0,0.00014836382978853356,0.0,6,Cold
CUST000230,106434.7089125967,0.999806056065099,106414.06654634015,83,Hot
CUST000231,87903.18213686909,0.9972193398374307,87658.75326013802,79,Hot
CUST000232,69509.46513668922,0.9992206125217762,69455.29032994364,76,Hot
CUST000233,0.0,0.0001430365539359385,0.0,6,Cold
CUST000234,0.0,0.0002021872904301585,0.0,6,Cold
CUST000235,12808.357977941512,0.9987927439786938,12792.895010649596,56,Medium
CUST000236,197870.54261777402,0.9999028552346535,197851.32053034243,93,Hot
CUST000237,14.946438590924906,0.0325513822986624,0.4865272365766775,26,Cold
CUST000238,0.09114855385019643,0.0007648845221024565,6.971811805203752e-05,18,Cold
CUST000239,125.69983543349757,0.4169655409661878,52.4124998808891,27,Cold
CUST000240,1948.910211174798,0.8315355126329921,1620.5880515249085,38,Medium
CUST000241,130.01451943736072,0.44064790479769717,57.29062558335247,27,Cold
CUST000242,157865.25317755374,0.9998386573462387,157839.78277866935,90,Hot
CUST000243,0.0,0.00044914356477470833,0.0,6,Cold
CUST000244,57061.57198910942,0.9988884875239642,56998.14733994131,75,Hot
CUST000245,13880.616726642234,0.9928195221219696,13780.94726530316,57,Medium
CUST000246,420.7765792693458,0.9288830841171029,390.8522466759545,31,Medium
CUST000247,45420.70231844854,0.9968766690894938,45278.83843492043,71,Hot
CUST000248,0.319448271375504,0.0008242547845718884,0.00026330676610447824,22,Cold
CUST000249,1077.1946394024387,0.8268096686881525,890.6349429169843,35,Medium
CUST000250,10957.373498941832,0.9781239892213489,10717.669878173274,55,Medium
CUST000251,17286.17541678194,0.9616742295355288,16623.66942554977,60,Medium
CUST000252,2067.2772730530323,0.8449653349471967,1746.7776334539828,39,Medium
CUST000253,15158.791698472192,0.9991501055855986,15145.908326078586,58,Medium
CUST000254,1.1098833523695455,0.0003962621610094042,0.00043980477567831815,24,Cold
CUST000255,17802.940160486956,0.9923812648218205,17667.30427401123,61,Medium
CUST000256,3086.573527969908,0.6868507796500648,2120.0154341333823,40,Medium
CUST000257,29235.08832437453,0.9994403168971181,29218.725939428117,67,Medium
CUST000258,0.0,0.0009831080995344596,0.0,6,Cold
CUST000259,0.0,0.0002773628881354565,0.0,6,Cold
CUST000260,51274.811279690526,0.9985177087094537,51198.807073506236,73,Hot
CUST000261,0.42878734694594806,0.0007412932222298473,0.00031785715406894933,23,Cold
CUST000262,12881.279448776946,0.989595599978966,12747.257464609145,56,Medium
CUST000263,1308.4280230415006,0.9974038637128823,1305.0311655718008,37,Medium
CUST000264,0.0,0.00032158028906510174,0.0,6,Cold
CUST000265,36.376773936277445,0.06436813042180736,2.3415049290549095,26,Cold
CUST000266,5198.902467608203,0.9564827945411031,4972.66076076453,45,Medium
CUST000267,0.05641464934924693,0.00037786266979298824,2.131699001854171e-05,15,Cold
CUST000268,8488.828029800645,0.990549932953053,8408.608035769026,51,Medium
CUST000269,227302.32027368815,0.9998741814329334,227273.7214214604,95,Hot
CUST000270,0.0,0.0001798249112265731,0.0,6,Cold
CUST000271,247.8001908271512,0.7589470645274473,188.06722741760768,29,Cold
CUST000272,115843.2637668974,0.9995138684634777,115786.94870308664,85,Hot
CUST000273,7841.619356852471,0.9945144214305627,7798.603537758837,50,Medium
CUST000274,20380.223219471758,0.9989942602863362,20359.7260196066,62,Medium
CUST000275,25414.056604179324,0.9991343147097984,25392.056029212737,65,Medium
CUST000276,88443.81709470747,0.9997877104920965,88425.04140029932,79,Hot
CUST000277,1343.9906923506232,0.9079563918636944,1220.2849397250604,36,Medium
CUST000278,29948.48574344126,0.9997410974533424,29940.732004213743,67,Medium
CUST000279,0.1571971825679346,0.00040165775149628055,6.313946689178692e-05,18,Cold
CUST000280,17621.753478171173,0.997661204209867,17580.539795321667,60,Medium
CUST000281,0.0,0.0005589173773727087,0.0,6,Cold
CUST000282,0.4232788298151378,0.0004227008649377393,0.0001789203274726929,21,Cold
CUST000283,0.0,0.00011809585254863988,0.0,6,Cold
CUST000284,15290.49613451585,0.994283020522603,15203.080681915604,58,Medium
CUST000285,339250.97884531383,0.9999324447568207,339228.06066293916,97,Hot
CUST000286,121539.89798715737,0.9987385442983094,121386.58078985858,86,Hot
CUST000287,0.0,0.0002442292066093893,0.0,6,Cold
CUST000288,158345.0167935319,0.9997980278119254,158313.03550401938,90,Hot
CUST000289,153009.17620635504,0.9999600386587979,153003.0617544576,89,Hot
CUST000290,511508.6100105751,0.9980580096038819,510515.26520240284,98,Hot
CUST000291,163954.3900283834,0.9994761706939238,163868.5059140267,92,Hot
CUST000292,108500.05992157474,0.999682391568908,108465.59938776966,84,Hot
CUST000293,119961.46164602783,0.9951919847810684,119384.68511274846,86,Hot
CUST000294,15536.62909262073,0.923534942102355,14348.61984951925,57,Medium
CUST000295,126199.9147331156,0.9981508037991239,125966.54633024023,86,Hot
CUST000296,6466.150243103146,0.9267916297806815,5992.773922212315,46,Medium
CUST000297,0.37863031870288383,0.0007039593248443724,0.00026654034351969165,22,Cold
CUST000298,5491.2098372082155,0.8977991249967306,4930.003387018975,45,Medium
CUST000299,0.043225016132723,0.0003890937043807776,1.6818581649000063e-05,14,Cold
CUST000300,3498.3141222588597,0.5231190064311132,1830.0346078199866,39,Medium
CUST000301,52979.24144879912,0.9939610959914745,52659.304895245325,73,Hot
CUST000302,26343.430327367994,0.982393284730617,25879.6090503752,65,Medium
CUST000303,3072.442029389123,0.8777702341737289,2696.8981596220974,41,Medium
CUST000304,870.9018171208177,0.9963707841948836,867.7411264814182,35,Medium
CUST000305,296400.10057542333,0.9990094506307675,296106.5016427579,96,Hot
CUST000306,18950.308662315176,0.998688881568565,18925.46256334663,62,Medium
CUST000307,116559.90184135562,0.9988604305560813,116427.07373883105,85,Hot
CUST000308,1633.4959289434876,0.7985922320900825,1304.4971600050424,36,Medium
CUST000309,0.019710919426971944,0.000226598055486144,4.466456013995902e-06,13,Cold
CUST000310,434816.1083063111,0.9994879762740793,434593.47214244574,97,Hot
CUST000311,55403.75564747034,0.9927321141118536,55001.08747364978,74,Hot
CUST000312,7089.99277487514,0.9612391143853227,6815.178375919316,48,Medium
CUST000313,7122.966095883667,0.9649158955543521,6873.063209412875,48,Medium
CUST000314,0.0,0.00018610107162146414,0.0,6,Cold
CUST000315,2537.1938196834894,0.9780032041049136,2481.383685085637,40,Medium
CUST000316,9205.369234798913,0.9966579879200054,9174.604779615403,52,Medium
CUST000317,792.4713637022143,0.9162151713860612,726.0742863129699,34,Medium
CUST000318,0.02184028787055082,0.00012464460097367928,2.7222739667750944e-06,12,Cold
CUST000319,2813.0594831359963,0.9582718340153394,2695.675670098974,41,Medium
CUST000320,360.52233291991456,0.9778700442117327,352.5439896317139,31,Medium
CUST000321,13400.657035504106,0.9982156340201123,13376.745358981809,57,Medium
CUST000322,12374.583531987852,0.9986448621872163,12357.814265926203,56,Medium
CUST000323,0.0,0.0002326261855948072,0.0,6,Cold
CUST000324,0.4117987466061736,0.0006532998079125287,0.0002690280420564333,22,Cold
CUST000325,146180.64107645035,0.9998085809971835,146152.65932390443,89,Hot
CUST000326,21230.1231293433,0.982595059032848,20860.614089551713,63,Medium
CUST000327,621795.3635461254,0.9997410397842053,621634.3432846012,99,Hot
CUST000328,434.55895152247643,0.9612462432459096,417.7181596198618,32,Medium
CUST000329,0.0962097331304924,0.0004962065363534807,4.773989844017436e-05,17,Cold
CUST000330,0.0,0.00011249735976660732,0.0,6,Cold
CUST000331,93118.06827183519,0.999883620364625,93107.23122500289,81,Hot
CUST000332,0.0,0.0004925022662443317,0.0,6,Cold
CUST000333,138204.83901623782,0.9986264884304004,138015.01307087435,88,Hot
CUST000334,142198.3901028138,0.9998741722054958,142180.49759300513,88,Hot
CUST000335,535.2214877907066,0.8552891529078943,457.7691329106164,33,Medium
CUST000336,40955.159683935715,0.9854138783726494,40357.78274351826,70,Hot
CUST000337,0.0,0.0002937065536872445,0.0,6,Cold
CUST000338,12598.152835721947,0.9984792598465646,12578.994318845549,56,Medium
CUST000339,130190.9347363367,0.9996557546096553,130146.11710718904,87,Hot
CUST000340,78031.7984557084,0.9990434430973848,77957.15660027211,78,Hot
CUST000341,110711.02519488079,0.9788704703696223,108371.75330761606,83,Hot
CUST000342,118405.42394294827,0.9965825331472593,118000.77733143854,85,Hot
CUST000343,7052.139241669685,0.9080196034188166,6403.480677475181,47,Medium
CUST000344,55847.29389456009,0.9998418315491253,55838.460614599244,74,Hot
CUST000345,226.6200705522025,0.8805870837635251,199.55870704984832,29,Cold
CUST000346,373397.3419687974,0.9996365026844952,373261.6130373751,97,Hot
CUST000347,4758.771227974348,0.997972029578225,4749.120580680022,45,Medium
CUST000348,0.0,0.0003529283790655727,0.0,6,Cold
CUST000349,1723.8304362964798,0.9987958346686866,1721.7546594480286,39,Medium
CUST000350,270531.4465207327,0.9978908085375525,269960.84390340763,96,Hot
CUST000351,7614.323455268689,0.9890354800472345,7530.836053816585,49,Medium
CUST000352,0.0,7.284881571333351e-05,0.0,6,Cold
CUST000353,554289.5901576999,0.9993806028697083,553946.2647762056,99,Hot
CUST000354,357.85490828852903,0.8951501390175024,320.33387090257236,31,Medium
CUST000355,15101.022924038956,0.9751256072562081,14725.394148993406,58,Medium
CUST000356,209791.68945883308,0.9994866372463965,209683.99021944936,94,Hot
CUST000357,88886.42858215755,0.9951530220187107,88455.59801998439,80,Hot
CUST000358,0.4559233572438151,0.0002796077852142787,0.00012747972014640153,20,Cold
CUST000359,0.366866191098661,0.0017984882204943491,0.0006598045231885706,25,Cold
CUST000360,8088.650724077234,0.9842085769629131,7960.919418694091,50,Medium
CUST000361,0.0,0.0003928381972467972,0.0,6,Cold
CUST000362,630.0001724116776,0.9641280079970124,607.400811265045,34,Medium
CUST000363,178977.49032679218,0.9997809337414894,178938.28239762867,92,Hot
CUST000364,9151.989351247366,0.995659928448848,9112.26906262757,52,Medium
CUST000365,89689.30406215113,0.9995037664976648,89644.79722467436,80,Hot
CUST000366,35849.07519054176,0.9849770865851173,35310.51763795063,68,Medium
CUST000367,3831.1527663707193,0.8551289955988619,3276.1298170923947,42,Medium
CUST000368,0.3079028150125914,0.0012706638219400403,0.00039124096770999666,24,Cold
CUST000369,158899.31166385137,0.9995985551945035,158835.52236058694,90,Hot
CUST000370,1435.9854850283182,0.30888280710417637,443.5512275763991,33,Medium
CUST000371,205522.26008873683,0.999956692922535,205513.35952029837,94,Hot
CUST000372,5792.6055466823655,0.8611934471468149,4988.553938709147,45,Medium
CUST000373,1374.2721666474306,0.9900123585452684,1360.5464289857389,37,Medium
CUST000374,101360.53638473064,0.9949027872979447,100843.88017118325,82,Hot
CUST000375,62776.295330163586,0.9970913568013069,62593.70148571236,75,Hot
CUST000376,0.6693597415100176,0.0005168481360414715,0.0003459573347406538,24,Cold
CUST000377,27931.221023305625,0.9982097716506454,27881.217759597614,66,Medium
CUST000378,0.9820785767267608,0.00014513766638087696,0.00014253659282877508,20,Cold
CUST000379,125230.38098533293,0.999561493241358,125175.46661688355,86,Hot
CUST000380,89479.46343558491,0.9996668609379392,89449.65433106228,80,Hot
CUST000381,113438.59801946113,0.9994168957350308,113372.45148914386,84,Hot
CUST000382,4064.1379077008896,0.9991506709056982,4060.6861171326245,43,Medium
CUST000383,23798.924394925925,0.9635228110531096,22930.806533039453,64,Medium
CUST000384,0.0,0.00013532732133324108,0.0,6,Cold
CUST000385,0.14259429584333655,0.0006724349769646224,9.588539204070057e-05,19,Cold
CUST000386,0.0,0.00028153359813527865,0.0,6,Cold
CUST000387,162765.20318348502,0.9996817996483292,162713.41123859226,91,Hot
CUST000388,196768.38697444904,0.9997634003937858,196721.83165157546,93,Hot
CUST000389,1636.2276491511964,0.8396942051389208,1373.9308752803388,37,Medium
CUST000390,28964.63722054306,0.991904380492081,28730.150538420632,66,Medium
CUST000391,78821.89039599193,0.9998290471338995,78808.41556791727,78,Hot
CUST000392,0.12591723518556414,0.00020316256116422094,2.5581667995016768e-05,15,Cold
CUST000393,891928.4939481103,0.9997783122833398,891730.7643568628,100,Hot
CUST000394,10110.705861047041,0.9608242064157876,9714.610935243976,53,Medium
CUST000395,0.23021567361888176,0.0001646581799198009,3.7906893807095996e-05,16,Cold
CUST000396,0.5645789604464945,0.002517048464627813,0.0014210726055530155,26,Cold
CUST000397,49912.006518527414,0.9959804009865076,49711.38026636412,72,Hot
CUST000398,5706.368404984494,0.9646669574761104,5504.745047474197,46,Medium
CUST000399,0.7299760704752843,0.0010626448593614517,0.0007757053187474337,25,Cold
CUST000400,26244.855120220298,0.9977043096426322,26184.605059390295,65,Medium
CUST000401,475543.9648195029,0.9990250107425469,475080.3145623572,98,Hot
CUST000402,8080.817559255985,0.991947781866522,8015.749053572016,50,Medium
CUST000403,20760.361981521623,0.9993339811463616,20746.535189033573,63,Medium
CUST000404,104.89236748245276,0.10080680437324593,10.573864369050238,27,Cold
CUST000405,10737.65328436415,0.9978919037924754,10715.017278197669,55,Medium
CUST000406,0.0,0.0003148747138361844,0.0,6,Cold
CUST000407,0.0,0.0004878042928888469,0.0,6,Cold
CUST000408,58015.65483428525,0.9986848985211312,57939.35836081514,75,Hot
CUST000409,0.0,0.0012828141503218732,0.0,6,Cold
CUST000410,0.05529734750203785,6.176171562901847e-05,3.4152590514598766e-06,13,Cold
CUST000411,19244.387974234534,0.9961268906966795,19169.852356134816,62,Medium
CUST000412,2528.5782636921913,0.9417807536397025,2381.366342817002,40,Medium
CUST000413,68523.61803516616,0.9985478441072043,68424.11105944071,76,Hot
CUST000414,19160.217626959806,0.9759980768669504,18700.335556265014,61,Medium
CUST000415,0.032269296682477626,0.0006021594288878872,1.943126126093452e-05,15,Cold
CUST000416,1493.303404802765,0.28386799315845873,423.90104069805443,32,Medium
CUST000417,0.17415360853352688,0.00020245035257059516,3.525745944905393e-05,16,Cold
CUST000418,3788.1178922458394,0.967482477575175,3664.9376837368545,43,Medium
CUST000419,718.2925098616192,0.6142762963980023,441.230062688221,32,Medium
CUST000420,562.3975301280723,0.7328162340558262,412.13404007075195,32,Medium
CUST000421,1298.3568324286493,0.8127781768429043,1055.2760991528858,36,Medium
CUST000422,221687.07405093595,0.9982919800603417,221308.42810809243,94,Hot
CUST000423,142991.28517795252,0.9951171649654152,142293.0823210453,88,Hot
CUST000424,0.07224863212105373,0.00035173529553386707,2.5412393971016475e-05,15,Cold
CUST000425,353426.0977848779,0.9998034553551135,353356.6337779951,97,Hot
CUST000426,9074.825710600775,0.9071852569467579,8232.548094018408,51,Medium
CUST000427,7916.423212452699,0.9891812852806973,7830.777688119907,50,Medium
CUST000428,0.4551289323955425,0.0006321518891906995,0.0002877106144391883,23,Cold
CUST000429,35737.71115867985,0.9993758838835948,35715.40667718228,69,Medium
CUST000430,32078.69730275921,0.9988488270279504,32041.769173445715,68,Medium
CUST000431,243585.45043522975,0.9976397169339654,243010.51982143507,95,Hot
CUST000432,23725.664177953426,0.8799419505011549,20877.207213683716,63,Medium
CUST000433,7497.132697715464,0.9710563620083477,7280.138402937408,48,Medium
CUST000434,0.0,0.00023939850525281757,0.0,6,Cold
CUST000435,702289.0756206997,0.9999392499416729,702246.4115183932,99,Hot
CUST000436,104551.50584783737,0.9999425786201274,104545.50235610383,83,Hot
CUST000437,49151.69223360079,0.989102954510066,48616.08400742401,72,Hot
CUST000438,0.09343695971565365,0.00011976839654255599,1.1190794842955236e-05,14,Cold
CUST000439,3456.6650043412224,0.8428650267322835,2913.5020412886133,41,Medium
CUST000440,21258.467523960084,0.9989575306177872,21236.30622245359,63,Medium
CUST000441,0.0,0.00016506603341790303,0.0,6,Cold
CUST000442,15435.241070968252,0.9976531001315037,15399.016105728588,59,Medium
CUST000443,161509.0927928036,0.9992705121861489,161391.2738777851,91,Hot
CUST000444,0.0,0.0002723570877005705,0.0,6,Cold
CUST000445,114701.54293852343,0.9997317338469898,114670.77239685497,84,Hot
CUST000446,18505.006962994885,0.9954597526180758,18420.989653578657,61,Medium
CUST000447,191200.73352529475,0.9965766795247739,190546.19213933937,93,Hot
CUST000448,6688.955906299663,0.9547887038298118,6386.53953975062,47,Medium
CUST000449,25894.938135842036,0.9871176588986706,25561.3507099783,65,Medium
CUST000450,27376.586395626175,0.994002084010809,27212.38393035438,66,Medium
CUST000451,98790.53184091287,0.9853520584138629,97343.45390124376,81,Hot
CUST000452,0.0,0.0003287115687302029,0.0,6,Cold
CUST000453,137229.0973994632,0.9960936885580653,136693.03780612533,87,Hot
CUST000454,48829.51270701421,0.9986278130987538,48762.50948928341,72,Hot
CUST000455,0.2687280222813646,0.00012348917205269635,3.318500097888425e-05,16,Cold
CUST000456,38380.01888556935,0.997454214562472,38282.311592398415,69,Medium
CUST000457,102108.92882431885,0.9999254493054887,102101.31653275919,82,Hot
CUST000458,153118.2911492323,0.9997042253219613,153073.00263596582,89,Hot
CUST000459,0.855347205367559,0.000622510218246639,0.000532462375490012,24,Cold
CUST000460,0.0,6.204129942264125e-05,0.0,6,Cold
CUST000461,137271.02049128903,0.9996374266334163,137221.24967525512,88,Hot
CUST000462,63423.20852872366,0.9999281513748697,63418.65165838952,75,Hot
CUST000463,0.26568682305101693,0.0007698087004261898,0.00020452802797326638,21,Cold
CUST000464,75836.90865090676,0.99799096096136,75684.54934085731,77,Hot
CUST000465,17106.544046751096,0.9940192817544746,17004.234626652807,60,Medium
CUST000466,193513.41456182275,0.9998529183278126,193484.9522852183,93,Hot
CUST000467,10444.587912138932,0.9994738488294153,10439.092479982684,54,Medium
CUST000468,0.0,0.00018763910338192457,0.0,6,Cold
CUST000469,86868.6920833098,0.999769836888157,86848.69811481817,79,Hot
CUST000470,130999.60353489315,0.9997219293591391,130963.17639118567,87,Hot
CUST000471,121970.33888327882,0.9998457397324912,121951.52370617456,86,Hot
CUST000472,749.1798287317545,0.9506076714323068,712.1760924747475,34,Medium
CUST000473,42.07026054491673,0.058356121080760166,2.455057218258288,27,Cold
CUST000474,67613.76449682812,0.9990734187736884,67551.1148520051,76,Hot
CUST000475,6765.346502607201,0.9676327670565864,6546.370956414405,47,Medium
CUST000476,0.0,0.0005072795382365318,0.0,6,Cold
CUST000477,157645.244912225,0.9997457513862387,157605.16382724,90,Hot
CUST000478,2484.777414597548,0.9546571642434432,2372.1105603958495,40,Medium
CUST000479,555699.1311692947,0.9988501994246444,555060.1879885517,99,Hot
CUST000480,52358.80134882504,0.9974455209552261,52225.05188796999,73,Hot
CUST000481,9759.62973846331,0.9860989744672367,9623.960876278616,53,Medium
CUST000482,17507.027603932394,0.9911997602686368,17352.961564034194,60,Medium
CUST000483,113482.36636062631,0.9966756353655992,113105.10959526894,84,Hot
CUST000484,93372.34748081819,0.9996895981938227,93343.36453551313,81,Hot
CUST000485,50168.28324086812,0.9947046802814752,49902.62614137821,72,Hot
CUST000486,0.4241611556793468,0.00033132069399110744,0.00014053336846375135,20,Cold
CUST000487,18.58828377641965,0.05612239096162655,1.0432189294058836,26,Cold
CUST000488,1406.0138618615144,0.7991544433938134,1123.6222251799245,36,Medium
CUST000489,74629.7891616009,0.997431300375732,74438.0876502223,77,Hot
CUST000490,71689.38352655777,0.9921254925512634,71124.86494198255,77,Hot
CUST000491,296.0339934335334,0.7951747646382392,235.39876105342796,30,Medium
CUST000492,288632.3260202447,0.999650126060141,288531.34109116934,96,Hot
CUST000493,0.014002507407179636,0.0005179104520410188,7.252044940960119e-06,13,Cold
CUST000494,23445.695457248254,0.9995994997992118,23436.30545151001,64,Medium
CUST000495,1067.0428629832616,0.9979969348412789,1064.9055066015578,36,Medium
CUST000496,146814.76864349082,0.9966034224964392,146316.10090312586,89,Hot
CUST000497,63882.557688006236,0.9981431988393016,63763.94048074276,76,Hot
CUST000498,0.657895760305671,0.00012335694155651405,8.115600885430503e-05,19,Cold
CUST000499,4654.830159234901,0.9958564235557297,4635.542514635016,44,Medium
CUST000500,0.13975136398316337,0.0005746841524449707,8.031289416369285e-05,18,Cold
