cust_id,y_high_cltv,cltv_profit,lead_score_0_100,cltv_decile,cltv_category_q,non_interest_income,interest_income,acct_cnt,sa_cnt,ca_cnt,txn_cnt_12m,txn_months_12m,txn_amt_12m,avg_txn_amt_12m,std_txn_amt_12m,med_txn_amt_12m,debit_cnt_12m,credit_cnt_12m,recency_days,chrg_amt_12m,chrg_months_12m,avg_bal_12m_savings,avg_bal_12m_current_ac,avg_bal_12m_td
C00135,1,12756,100,1,Very High,12720,36,2,1,0,87,12,191115.11000000004,2196.725402298851,2805.585305857952,1034.89,87,0,0,1697.1999999999998,12,98.14,0.0,0.0
C00251,1,9090,71,1,Very High,8930,160,2,0,1,89,12,339295.91000000003,3812.313595505618,2529.9251735814278,3571.78,89,0,0,1195.92,9,0.0,295.59,0.0
C00399,1,8504,67,1,Very High,8199,305,3,1,1,179,12,418927.61000000016,2340.3777094972074,2054.268018000738,1480.29,179,0,0,1411.22,9,141.97,621.06,0.0
C00212,1,8492,67,1,Very High,8476,16,3,1,0,122,12,271670.89999999997,2226.8106557377046,2687.922429362004,981.27,122,0,-6,1369.0100000000002,10,61.04,0.0,499.3
C00020,1,7807,61,1,Very High,7522,285,3,0,1,141,12,460970.2999999999,3269.2929078014176,2275.15703108176,2861.92,141,0,0,1070.15,9,0.0,514.31,0.0
C00184,1,7607,60,1,Very High,7601,6,3,1,0,136,12,317805.86000000004,2336.8077941176475,2363.684940138609,1569.5549999999998,136,0,0,1524.6200000000001,10,89.89,0.0,0.0
C00108,1,7040,55,1,Very High,6895,145,2,1,1,114,12,256724.38999999998,2251.9683333333332,1993.387357129237,1449.4899999999998,114,0,-1,1128.6799999999998,6,111.09,233.52,0.0
C00113,1,6370,50,1,Very High,6273,97,3,1,1,200,12,433476.0400000002,2167.380200000001,1800.2638278592535,1641.325,200,0,-1,1442.2600000000002,8,190.45,83.02,713.25
C00248,1,6310,49,1,Very High,6261,49,3,0,1,183,12,443672.86999999976,2424.441912568305,1662.4612539082896,2144.93,183,0,0,964.0699999999999,8,0.0,102.51,0.0
C00392,1,6164,48,1,Very High,6092,72,2,1,0,142,12,222093.21000000002,1564.0366901408452,1279.705198678917,1150.9450000000002,142,0,-1,1027.27,7,194.21,0.0,0.0
C00450,1,5999,47,1,Very High,5989,10,3,1,0,167,12,397628.6600000001,2381.009940119761,2450.2895814351727,1451.14,167,0,0,1803.8600000000001,11,61.27,0.0,0.0
C00025,1,5972,47,1,Very High,5895,77,3,1,1,204,12,451400.30000000034,2212.7465686274527,1934.0089190717952,1521.365,204,0,-1,1006.97,9,74.17,90.47,1240.27
C00255,1,5903,46,1,Very High,5639,264,2,0,1,133,12,413332.87000000005,3107.7659398496244,1946.8679307252503,2843.04,133,0,0,835.4,4,0.0,494.64,241.61
C00036,1,5898,46,1,Very High,5436,462,3,1,1,231,12,532560.4600000001,2305.456536796537,2005.3420409598455,1724.8,231,0,-3,1082.5,9,44.56,779.0,302.1
C00129,1,5667,44,1,Very High,5420,247,2,0,1,135,12,384185.52,2845.818666666667,1934.5902352597534,2803.79,135,0,-1,910.4,7,0.0,611.16,705.26
C00465,1,5645,44,1,Very High,5623,22,3,1,0,123,12,291319.36,2368.450081300813,2625.5047006434424,1352.8,123,0,0,1184.2,12,60.56,0.0,0.0
C00395,1,5607,44,1,Very High,5570,37,2,1,0,122,12,186342.88000000003,1527.4006557377052,1160.0932204269438,1238.38,122,0,-7,867.51,8,140.29,0.0,1129.12
C00088,1,5483,43,1,Very High,5423,60,3,1,0,129,12,297924.92,2309.495503875969,2375.861926998469,1465.13,129,0,-2,910.8399999999999,8,207.36,0.0,0.0
C00019,1,5457,43,1,Very High,5446,11,3,1,0,117,12,231036.30999999994,1974.6693162393158,2060.241870033512,1311.23,117,0,-2,994.0899999999999,6,231.66,0.0,0.0
C00028,1,5346,42,1,Very High,5239,107,3,0,1,147,12,417520.91,2840.278299319728,2336.593410701147,2423.77,147,0,-1,1293.49,10,0.0,643.07,0.0
C00309,1,5287,41,1,Very High,4840,447,1,0,1,71,12,196548.03999999998,2768.2822535211267,2262.0796636939435,2402.2,71,0,0,659.97,4,0.0,738.52,901.2
C00193,1,5227,41,1,Very High,5219,8,2,1,0,84,12,159215.43000000002,1895.421785714286,2165.861210703332,1063.2150000000001,84,0,0,1464.98,10,110.04,0.0,440.27
C00375,1,5056,40,1,Very High,5016,40,2,1,0,70,12,192498.53,2749.979,3103.478515538046,1152.415,70,0,-10,998.18,7,86.25,0.0,1325.26
C00011,1,4898,38,1,Very High,4873,25,2,1,0,82,12,163083.20000000004,1988.8195121951223,2503.6944571838417,1131.46,82,0,-14,803.73,5,56.32,0.0,226.22
C00486,1,4762,37,1,Very High,3955,807,3,1,1,141,12,343119.18,2433.4693617021276,2406.3625678685407,1792.86,141,0,0,866.8700000000001,8,475.37,1253.62,0.0
C00219,1,4703,37,1,Very High,4657,46,3,1,0,172,12,378427.74999999994,2200.161337209302,2051.6985234350227,1491.76,172,0,-5,853.5,6,103.18,0.0,691.96
C00291,1,4607,36,1,Very High,4525,82,3,1,1,163,12,417307.0499999999,2560.1659509202445,2319.2936993956464,1665.85,163,0,0,995.3700000000001,10,170.84,178.2,348.69
C00305,1,4587,36,1,Very High,4362,225,3,1,1,195,12,405092.0999999998,2077.3953846153836,1646.5800995516172,1590.36,195,0,0,799.18,6,234.2,423.8,0.0
C00048,1,4576,36,1,Very High,4553,23,2,1,0,83,12,195971.49000000002,2361.1022891566267,2866.426168537471,1156.49,83,0,-4,800.4300000000001,6,84.58,0.0,0.0
C00279,1,4478,35,1,Very High,4470,8,2,1,0,79,12,205728.36999999994,2604.15658227848,3066.949259889313,1262.42,79,0,-4,929.0400000000001,6,197.66,0.0,0.0
C00430,1,4255,33,1,Very High,4144,111,3,1,1,149,12,398163.34999999986,2672.2372483221466,2622.1967754622083,1761.94,149,0,-2,743.1800000000001,7,220.43,120.52,0.0
C00360,1,4226,33,1,Very High,4174,52,1,1,0,62,12,56119.98000000001,905.1609677419357,545.9962899673078,804.075,62,0,-4,589.27,3,147.03,0.0,0.0
C00444,1,4209,33,1,Very High,4199,10,2,1,0,110,12,169271.86,1538.8350909090907,1142.530001309861,1246.0900000000001,110,0,-3,760.3,6,73.12,0.0,0.0
C00050,1,4205,33,1,Very High,4148,57,2,1,0,124,12,172343.58,1389.8675806451613,1142.6849701558674,1086.17,124,0,0,663.63,4,174.09,0.0,0.0
C00403,1,4050,32,1,Very High,3790,260,2,1,1,137,12,292629.4799999999,2135.9816058394154,2074.367111327975,1278.06,137,0,-3,504.01,5,357.06,190.04,687.98
C00024,1,3962,31,1,Very High,3942,20,2,1,0,125,12,210136.66999999998,1681.0933599999998,1209.3145371448695,1371.58,125,0,-2,776.3000000000001,5,65.75,0.0,281.97
C00124,1,3959,31,1,Very High,3835,124,2,0,1,86,12,328249.06,3816.849534883721,2726.6277042922266,3101.1800000000003,86,0,0,833.1600000000001,5,0.0,565.5,0.0
C00380,1,3913,31,1,Very High,3775,138,3,1,0,158,12,285169.7299999999,1804.871708860759,1902.5287028838914,1302.52,158,0,-4,1428.1899999999998,10,399.51,0.0,0.0
C00094,1,3879,30,1,Very High,3825,54,2,1,0,141,12,220448.44999999992,1563.4641843971626,1402.931084432139,1051.33,141,0,-1,797.6200000000001,5,138.72,0.0,0.0
C00335,1,3876,30,1,Very High,3738,138,2,0,1,137,12,374714.5599999997,2735.1427737226254,1693.9932319859806,2592.06,137,0,-4,954.35,7,0.0,338.78,0.0
C00421,1,3841,30,1,Very High,3835,6,2,1,0,95,12,196941.58000000002,2073.069263157895,2586.997390825668,1177.6,95,0,0,975.4200000000001,7,63.92,0.0,0.0
C00196,1,3819,30,1,Very High,3800,19,3,1,0,165,12,402888.0599999998,2441.745818181817,2168.766946750425,1886.53,165,0,-2,1175.2,8,114.18,0.0,0.0
C00128,1,3778,30,1,Very High,3761,17,2,1,0,106,12,141530.24000000005,1335.1909433962269,945.240960836395,1122.35,106,0,0,1017.6899999999999,6,73.37,0.0,0.0
C00258,1,3739,29,1,Very High,3732,7,2,1,0,110,12,192674.66999999993,1751.5879090909084,1254.1623306422541,1420.29,110,0,0,739.38,7,71.85,0.0,0.0
C00497,1,3704,29,1,Very High,3689,15,2,1,0,131,12,221426.70999999996,1690.2802290076334,1274.506812021187,1349.39,131,0,-4,853.86,8,125.49,0.0,0.0
C00180,1,3586,28,1,Very High,3477,109,1,1,0,68,12,60298.079999999994,886.7364705882352,538.7812349882066,924.425,68,0,-5,474.07000000000005,3,277.38,0.0,495.73
C00472,1,3585,28,1,Very High,3374,211,2,0,1,114,12,321640.93999999994,2821.4117543859643,1849.5648697465135,2444.045,114,0,-3,499.40999999999997,5,0.0,519.67,0.0
C00181,1,3553,28,1,Very High,3530,23,2,1,0,74,12,156547.19,2115.5025675675674,2729.587121576609,883.995,74,0,-1,981.48,8,93.26,0.0,0.0
C00127,1,3544,28,1,High,2996,548,2,1,1,110,12,249670.69999999998,2269.7336363636364,1970.3846246190817,1636.73,110,0,-3,459.70000000000005,4,441.8,727.7,407.77
C00434,1,3487,27,2,High,3440,47,3,1,1,168,12,503293.4900000001,2995.794583333334,2662.833707525267,1984.42,168,0,-3,725.59,7,100.13,39.91,0.0
C00484,1,3416,27,2,High,3400,16,2,1,0,117,12,167040.17000000004,1427.693760683761,1092.6699433172116,1205.39,117,0,0,514.94,6,50.28,0.0,0.0
C00314,1,3367,26,2,High,3333,34,2,1,0,134,12,186671.13999999996,1393.0682089552236,1120.709170270144,1053.7350000000001,134,0,0,1019.6400000000001,6,223.46,0.0,0.0
C00021,1,3346,26,2,High,3301,45,2,1,0,89,12,194594.26999999996,2186.452471910112,2754.787385482227,1010.93,89,0,-1,621.35,6,347.17,0.0,83.19
C00095,1,3324,26,2,High,3225,99,3,1,1,166,12,399872.2799999998,2408.8691566265047,2182.7141841473585,1555.76,166,0,0,808.8399999999999,7,74.2,160.87,356.07
C00461,1,3307,26,2,High,3073,234,1,0,1,68,12,230016.0900000001,3382.589558823531,2068.364341500873,3164.185,68,0,-5,585.39,3,0.0,557.23,0.0
C00235,1,3257,26,2,High,3174,83,2,0,1,90,12,313042.4899999998,3478.2498888888867,2151.6515660272767,3179.3050000000003,90,0,-7,585.9599999999999,7,0.0,374.44,1213.91
C00068,1,3255,26,2,High,3223,32,3,1,1,157,12,406556.56999999995,2589.53229299363,2561.6498058417474,1563.33,157,0,0,641.55,4,27.18,529.67,273.02
C00213,1,3139,25,2,High,3104,35,1,1,0,54,12,48682.67999999999,901.5311111111109,501.02011247117514,865.51,54,0,-4,653.42,3,89.35,0.0,935.21
C00401,1,3117,24,2,High,3087,30,2,1,0,85,12,153461.34000000003,1805.427529411765,2364.2430151781823,888.94,85,0,-3,756.1400000000001,5,153.7,0.0,578.8
C00150,1,3094,24,2,High,3081,13,2,1,0,98,12,147889.05,1509.07193877551,1270.3942933582598,1209.835,98,0,0,450.85,3,51.64,0.0,0.0
C00167,1,3090,24,2,High,3076,14,2,1,0,125,12,175750.49999999997,1406.0039999999997,1131.8213016702398,1056.9,125,0,0,513.01,6,104.66,0.0,0.0
C00408,1,3076,24,2,High,3025,51,2,1,0,102,12,129916.93000000007,1273.6953921568634,988.5588478360775,1079.02,102,0,-4,585.75,4,244.15,0.0,0.0
C00431,1,3075,24,2,High,3069,6,2,1,0,132,12,200501.12999999998,1518.9479545454544,1099.8098214675795,1301.52,132,0,0,533.66,4,173.33,0.0,0.0
C00202,1,3072,24,2,High,2985,87,2,1,1,127,12,286472.18999999994,2255.6865354330703,2015.26895967136,1390.0,127,0,0,837.84,5,63.78,180.44,0.0
C00252,1,3064,24,2,High,3054,10,2,1,0,131,12,190150.56000000006,1451.5309923664126,1189.1559787214658,1039.98,131,0,-1,1140.19,8,57.57,0.0,0.0
C00008,1,3050,24,2,High,3046,4,2,1,0,118,12,186177.83,1577.778220338983,1278.3898668250931,1096.6100000000001,118,0,0,758.6600000000001,5,49.3,0.0,0.0
C00276,1,3036,24,2,High,3033,3,3,1,0,158,12,332005.38999999984,2101.2999367088596,2128.5618552148753,1391.62,158,0,-1,722.2,10,202.28,0.0,0.0
C00159,1,3020,24,2,High,2948,72,2,1,1,132,12,281465.7899999999,2132.3165909090903,1926.6068205577358,1331.105,132,0,-1,790.15,5,121.31,153.76,140.07
C00424,1,3010,24,2,High,2994,16,1,1,0,53,12,39923.23,753.2684905660378,509.64534251921106,602.6,53,0,-2,608.97,3,66.26,0.0,0.0
C00215,1,2923,23,2,High,2775,148,2,1,1,136,12,300894.19999999995,2212.457352941176,1860.5290141475327,1540.06,136,0,-2,528.25,4,226.29,234.77,0.0
C00106,1,2911,23,2,High,2866,45,3,1,1,160,12,440358.92999999993,2752.2433125,2645.10899705861,1727.475,160,0,-2,715.8199999999999,5,74.1,56.72,556.73
C00077,1,2892,23,2,High,2545,347,2,1,1,138,12,278163.75,2015.679347826087,1902.3704184621135,1159.8,138,0,0,663.9300000000001,5,133.14,1269.16,0.0
C00009,1,2879,23,2,High,2825,54,2,0,1,143,12,396289.8200000002,2771.257482517484,1817.0096014592284,2457.27,143,0,0,927.49,6,0.0,192.8,0.0
C00043,1,2872,23,2,High,2850,22,2,1,0,133,12,191775.18999999994,1441.9187218045108,1071.7595682917267,1148.83,133,0,0,937.3,7,273.19,0.0,0.0
C00183,1,2860,22,2,High,2852,8,2,1,0,67,12,116321.91999999998,1736.1480597014922,2193.5277258999104,917.91,67,0,-6,658.75,5,131.67,0.0,0.0
C00039,1,2843,22,2,High,2823,20,2,1,0,97,12,196680.33000000002,2027.6322680412372,2792.577041389706,989.42,97,0,-4,602.99,4,96.27,0.0,0.0
C00097,1,2809,22,2,High,2636,173,1,1,0,58,12,49306.19000000001,850.1067241379312,488.2132360639435,838.5699999999999,58,0,-3,347.57,2,434.71,0.0,574.66
C00287,1,2802,22,2,High,2769,33,2,1,0,126,12,196783.30000000008,1561.7722222222228,1220.6321277160546,1243.78,126,0,0,922.0,7,89.72,0.0,1201.34
C00460,1,2799,22,2,High,2732,67,2,1,0,128,12,189254.72000000006,1478.5525000000005,1173.513673118831,1186.06,128,0,-3,965.6300000000001,6,188.19,0.0,0.0
C00435,1,2797,22,2,High,2777,20,2,1,0,80,12,153559.1,1919.48875,2602.6058192362643,886.2049999999999,80,0,-1,613.85,4,154.68,0.0,0.0
C00086,1,2789,22,2,High,2716,73,2,0,1,102,12,298464.60000000015,2926.1235294117664,1964.684165208516,2564.71,102,0,-6,659.41,6,0.0,159.3,0.0
C00118,1,2783,22,2,High,2777,6,2,1,0,87,12,208225.16,2393.3926436781608,2925.164906842744,994.0,87,0,-17,1714.1599999999999,11,51.58,0.0,359.87
C00253,1,2753,22,2,High,2669,84,2,0,1,97,12,347735.31000000023,3584.9001030927857,2787.2485929689306,2983.6,97,0,-2,373.46,3,0.0,137.7,779.67
C00404,1,2749,22,2,High,2734,15,2,1,0,109,12,161975.84,1486.0168807339448,1124.9080257857604,1149.81,109,0,-1,845.72,5,74.08,0.0,0.0
C00296,1,2749,22,2,High,2710,39,1,1,0,65,12,45379.33,698.1435384615385,508.9991169823836,630.65,65,0,-2,433.63000000000005,3,123.33,0.0,0.0
C00189,1,2748,22,2,High,2689,59,1,1,0,55,12,52678.48999999999,957.790727272727,474.1753107075973,924.58,55,0,-7,424.52000000000004,4,151.85,0.0,706.09
C00442,1,2746,22,2,High,2728,18,2,1,0,97,12,221052.93999999997,2278.8962886597938,2911.6898239819143,1045.52,97,0,-2,391.26,2,39.35,0.0,315.53
C00340,1,2724,21,2,High,2661,63,2,1,1,151,12,298935.61999999994,1979.7060927152313,1867.7476061495297,1291.07,151,0,0,622.12,5,130.91,221.65,182.45
C00345,1,2652,21,2,High,2616,36,1,1,0,67,12,57723.43999999997,861.5438805970145,510.64110441191076,849.44,67,0,-20,627.76,4,148.6,0.0,326.97
C00217,1,2596,20,2,High,2549,47,2,1,0,134,12,229992.19000000006,1716.359626865672,1355.2847139306728,1176.615,134,0,0,511.13,6,156.06,0.0,0.0
C00487,1,2569,20,2,High,2556,13,2,1,0,114,12,170686.78,1497.252456140351,1201.871341475938,1159.235,114,0,-2,589.78,4,136.39,0.0,0.0
C00365,1,2544,20,2,High,2473,71,1,1,0,63,12,50699.38,804.7520634920635,543.4100418063655,711.42,63,0,-8,349.13,2,199.97,0.0,0.0
C00107,1,2542,20,2,High,2520,22,2,1,0,80,12,203818.88,2547.736,3328.3489988070282,896.355,80,0,-1,358.59,4,133.33,0.0,0.0
C00149,1,2539,20,2,High,2513,26,1,1,0,72,12,58883.639999999985,817.8283333333331,482.1452500770187,787.135,72,0,-1,701.3499999999999,4,147.18,0.0,0.0
C00047,1,2528,20,2,High,2506,22,1,1,0,60,12,45743.969999999994,762.3994999999999,480.9869341592858,708.135,60,0,-10,469.94,2,65.58,0.0,325.61
C00154,1,2525,20,2,High,2358,167,2,1,1,142,12,342011.4099999999,2408.5310563380276,2067.660090657422,1693.5900000000001,142,0,-1,345.89,3,128.01,242.11,0.0
C00046,1,2491,20,2,High,2273,218,2,0,1,152,12,417056.29000000004,2743.7913815789475,1793.5741568113435,2533.2650000000003,152,0,0,370.4,6,0.0,404.03,0.0
C00001,0,2483,19,3,High,2409,74,2,0,1,114,12,289679.77999999997,2541.0507017543855,1694.1623949094037,2488.21,114,0,0,1171.5,8,0.0,212.55,0.0
C00488,0,2474,19,3,High,2457,17,2,1,0,134,12,212886.60999999996,1588.7060447761191,1236.5339415655505,1171.99,134,0,-3,774.0799999999999,5,51.15,0.0,0.0
C00060,0,2458,19,3,High,2347,111,1,1,0,57,12,46886.649999999994,822.5728070175437,520.734863890014,846.88,57,0,-5,309.52000000000004,3,292.52,0.0,0.0
C00247,0,2446,19,3,High,2414,32,1,1,0,64,12,59823.35,934.73984375,527.675605078739,986.6099999999999,64,0,-13,438.89,2,109.38,0.0,101.7
C00398,0,2399,19,3,High,2341,58,1,1,0,57,12,51805.1,908.8614035087719,585.1021665866771,916.29,57,0,-7,540.22,4,229.53,0.0,535.58
C00326,0,2386,19,3,High,2366,20,3,1,0,158,12,324630.2799999999,2054.622025316455,2195.334453492836,1391.455,158,0,-1,1164.52,10,145.01,0.0,482.15
C00433,0,2379,19,3,High,2318,61,2,1,0,112,12,152404.62999999998,1360.7556249999998,976.251865945345,1208.34,112,0,-1,380.98,3,204.29,0.0,0.0
C00133,0,2355,18,3,High,2338,17,1,1,0,45,12,38453.45,854.521111111111,560.4002923204343,923.98,45,0,-5,389.71000000000004,3,45.3,0.0,230.72
C00042,0,2337,18,3,High,2315,22,1,1,0,73,12,59821.920000000006,819.4783561643836,453.1336080041028,840.69,73,0,0,479.03,3,89.14,0.0,0.0
C00070,0,2335,18,3,High,2311,24,2,0,1,137,12,353536.22999999986,2580.5564233576633,1744.714971561063,2385.08,137,0,-1,575.8499999999999,4,0.0,102.11,571.6
C00138,0,2330,18,3,High,2308,22,3,1,0,195,12,336222.26999999984,1724.2167692307685,1244.6005499125415,1422.81,195,0,0,1268.33,9,89.35,0.0,0.0
C00002,0,2319,18,3,High,2276,43,2,0,1,125,12,330659.95000000007,2645.2796000000008,1613.2278019940181,2244.4,125,0,0,774.39,6,0.0,179.42,0.0
C00366,0,2315,18,3,High,2285,30,2,1,1,113,12,242015.7100000001,2141.7319469026556,2015.264146672598,1416.97,113,0,-8,373.68000000000006,5,24.94,48.92,0.0
C00332,0,2299,18,3,High,2153,146,2,1,1,131,12,264908.8300000001,2022.204809160306,1824.115272489168,1309.49,131,0,-3,460.2,4,258.07,339.91,0.0
C00125,0,2283,18,3,High,2102,181,2,1,1,122,12,268104.72,2197.579672131147,1682.2019403922338,1742.685,122,0,-1,531.47,5,88.37,397.82,0.0
C00035,0,2260,18,3,High,2095,165,2,1,0,108,12,163391.74000000002,1512.8864814814817,1193.579081095436,1255.885,108,0,-2,717.3499999999999,5,455.02,0.0,0.0
C00476,0,2256,18,3,High,2139,117,2,1,1,117,12,258064.32999999987,2205.678034188033,2155.2377314644427,1352.26,117,0,-1,340.3,3,124.14,148.15,0.0
C00308,0,2236,18,3,High,2202,34,2,1,0,114,12,174034.14999999994,1526.6153508771924,1277.4812714621694,1143.54,114,0,-4,489.32,4,93.15,0.0,0.0
C00310,0,2227,17,3,High,2195,32,3,0,1,188,12,462956.2399999998,2462.533191489361,1718.01272670777,2197.6800000000003,188,0,0,700.51,6,0.0,125.35,0.0
C00161,0,2224,17,3,High,2180,44,2,0,1,96,12,371086.39999999997,3865.483333333333,2620.1288407186416,3454.215,96,0,0,586.37,6,0.0,85.4,665.49
C00224,0,2209,17,3,High,2111,98,2,0,1,147,12,387990.64,2639.3921088435377,1884.9961475311206,2239.57,147,0,-3,427.39,4,0.0,281.39,0.0
C00164,0,2208,17,3,High,2092,116,1,0,1,74,12,250199.2399999999,3381.0708108108097,2461.6695255326863,3011.3999999999996,74,0,-10,612.43,4,0.0,393.41,536.04
C00012,0,2201,17,3,High,2180,21,2,1,0,81,12,145985.43000000002,1802.2892592592596,2343.971019342911,864.44,81,0,-1,688.38,5,85.54,0.0,467.07
C00446,0,2176,17,3,High,2043,133,2,0,1,98,12,254851.38999999998,2600.524387755102,1783.337868838411,2075.44,98,0,-1,410.41,3,0.0,485.99,0.0
C00383,0,2156,17,3,High,1956,200,2,1,1,137,12,277089.15,2022.5485401459855,1694.1267085765928,1410.52,137,0,-2,443.14,4,103.94,346.84,0.0
C00379,0,2152,17,3,High,2093,59,2,1,1,139,12,305802.3400000001,2200.0168345323746,2006.4093124025578,1508.4,139,0,0,345.04999999999995,4,119.62,44.96,0.0
C00191,0,2150,17,3,High,2084,66,2,1,0,127,12,200164.46999999994,1576.0981889763775,1228.190826010315,1202.17,127,0,-1,463.06,4,255.41,0.0,542.25
C00338,0,2146,17,3,High,1988,158,2,1,1,137,12,304002.9899999999,2218.9999270072985,2035.0152397057261,1402.85,137,0,-3,299.32000000000005,2,82.58,246.92,743.02
C00197,0,2143,17,3,High,2076,67,3,1,1,233,12,558671.9800000002,2397.73381974249,1975.91034583244,1966.68,233,0,0,443.51,2,117.16,65.28,186.72
C00325,0,2137,17,3,High,2106,31,1,1,0,64,12,50771.83,793.30984375,502.9966501087359,695.645,64,0,-1,328.16999999999996,2,96.31,0.0,0.0
C00057,0,2126,17,3,High,2076,50,1,1,0,41,12,26575.980000000003,648.1946341463415,385.5779133073986,614.18,41,0,-2,267.90999999999997,2,128.05,0.0,0.0
C00026,0,2107,17,3,High,2091,16,3,1,0,146,12,382659.5299999999,2620.9556849315063,3121.8611318963867,1481.335,146,0,0,889.77,7,59.65,0.0,0.0
C00144,0,2099,16,3,High,1831,268,2,0,1,140,12,401384.15999999986,2867.0297142857135,1914.2290859351729,2572.87,140,0,0,457.86,4,0.0,583.48,0.0
C00199,0,2095,16,3,High,1927,168,2,1,0,131,12,207276.96000000005,1582.266870229008,1215.7168279674368,1279.09,131,0,0,580.23,4,748.35,0.0,0.0
C00225,0,2093,16,3,High,2069,24,2,0,1,100,12,395976.82,3959.7682,2805.574975299543,3329.455,100,0,0,405.71999999999997,5,0.0,124.32,0.0
C00482,0,2087,16,3,High,2052,35,3,1,1,161,12,422886.8099999999,2626.6261490683223,2411.189753718085,1687.79,161,0,-4,1106.3,8,164.65,388.62,429.24
C00462,0,2082,16,3,High,2069,13,2,1,0,107,12,165544.83999999994,1547.148037383177,1310.047439721777,1133.98,107,0,-2,400.51,4,42.83,0.0,0.0
C00459,0,2080,16,3,High,2071,9,2,1,0,110,12,161614.72,1469.2247272727273,1127.665204376252,1174.3899999999999,110,0,-2,564.08,6,180.34,0.0,0.0
C00115,0,2041,16,3,High,1988,53,1,1,0,68,12,59682.83999999999,877.6888235294116,499.9893516374464,845.245,68,0,-4,355.97,2,162.87,0.0,526.77
C00147,0,2030,16,3,High,1965,65,1,1,0,58,12,38816.259999999995,669.2458620689654,465.6010860150206,603.605,58,0,-7,302.35,2,190.23,0.0,233.88
C00242,0,2027,16,3,High,2000,27,3,1,0,119,12,294616.10000000003,2475.7655462184875,2688.6300711608387,1389.96,119,0,-1,444.15999999999997,3,174.21,0.0,1158.19
C00078,0,2026,16,3,High,1936,90,3,1,1,166,12,359092.32,2163.2067469879516,1674.3943518054039,1541.795,166,0,-1,383.74,3,104.23,130.42,0.0
C00388,0,1994,16,3,Medium,1978,16,2,1,0,92,12,130705.49999999999,1420.711956521739,1102.7486416126515,1090.1,92,0,-1,590.23,4,96.99,0.0,0.0
C00117,0,1987,16,3,Medium,1982,5,2,1,0,96,12,136899.05000000005,1426.031770833334,1183.9679288499551,1053.1750000000002,96,0,-2,660.42,6,626.83,0.0,0.0
C00211,0,1985,16,3,Medium,1962,23,2,0,1,137,12,376966.57,2751.5808029197083,1851.8657371565835,2651.9,137,0,-8,937.95,7,0.0,380.7,378.9
C00216,0,1984,16,3,Medium,1961,23,2,1,0,87,12,115397.29999999997,1326.4057471264364,1103.4472993270535,1128.08,87,0,-1,588.3299999999999,5,257.94,0.0,809.39
C00374,0,1978,15,3,Medium,1969,9,2,1,0,82,12,156673.41,1910.6513414634146,2380.2282367525136,961.78,82,0,-5,479.9,4,145.9,0.0,0.0
C00134,0,1948,15,4,Medium,1590,358,2,0,1,82,12,341731.33999999997,4167.455365853658,2824.4179147640293,3989.1099999999997,82,0,-1,318.87,2,0.0,608.04,627.54
C00428,0,1935,15,4,Medium,1923,12,2,1,0,88,12,150074.64999999997,1705.3937499999995,1261.793564424747,1326.78,88,0,-25,330.49,2,36.78,0.0,0.0
C00489,0,1927,15,4,Medium,1898,29,2,1,0,67,12,132301.02000000002,1974.642089552239,2414.0109337200215,967.95,67,0,-4,392.65,3,120.67,0.0,0.0
C00307,0,1923,15,4,Medium,1865,58,2,1,1,128,12,296823.66999999987,2318.934921874999,2050.0296060662213,1507.135,128,0,0,417.34000000000003,3,70.99,225.48,0.0
C00469,0,1913,15,4,Medium,1894,19,1,1,0,63,12,54207.82999999998,860.4417460317458,535.6627770599216,795.4,63,0,-1,355.1,3,69.94,0.0,0.0
C00018,0,1903,15,4,Medium,1871,32,2,1,0,78,12,202275.21999999997,2593.272051282051,2974.406652159607,1208.22,78,0,-5,545.8,6,145.51,0.0,0.0
C00222,0,1897,15,4,Medium,1849,48,1,1,0,52,12,43294.76999999999,832.5917307692306,474.41292068474695,828.885,52,0,-14,336.22,2,164.36,0.0,207.43
C00363,0,1891,15,4,Medium,1797,94,1,1,0,66,12,58045.31,879.4743939393938,507.629726992569,863.44,66,0,-3,259.77,2,248.29,0.0,548.76
C00357,0,1887,15,4,Medium,1802,85,2,1,0,69,12,178917.81000000003,2593.011739130435,3349.5679907208387,1014.39,69,0,-3,502.85,3,218.29,0.0,0.0
C00067,0,1882,15,4,Medium,1866,16,1,1,0,67,12,60774.520000000004,907.0823880597015,546.1579702272005,831.53,67,0,-5,319.96000000000004,2,56.04,0.0,0.0
C00228,0,1852,15,4,Medium,1824,28,2,1,0,127,12,203293.61000000002,1600.7370866141734,1215.4713812358352,1312.59,127,0,0,557.47,5,115.91,0.0,0.0
C00054,0,1844,14,4,Medium,1816,28,1,1,0,64,12,53545.330000000016,836.6457812500003,542.9905293944622,753.5450000000001,64,0,0,259.36,2,81.29,0.0,0.0
C00277,0,1843,14,4,Medium,1780,63,3,0,1,221,12,585847.0800000002,2650.8917647058834,1691.7138683907247,2471.82,221,0,-1,670.05,6,0.0,166.43,806.4
C00056,0,1816,14,4,Medium,1620,196,3,1,1,152,12,465811.8700000001,3064.55177631579,2801.882647106954,2045.4450000000002,152,0,-1,310.46000000000004,3,249.92,261.65,585.93
C00198,0,1806,14,4,Medium,1589,217,2,1,1,148,12,328868.7000000001,2222.085810810812,2051.9607188261334,1425.4099999999999,148,0,0,229.67000000000002,2,136.18,347.06,826.46
C00418,0,1802,14,4,Medium,1657,145,2,1,1,152,12,320987.38999999996,2111.759144736842,1937.6437084843706,1260.5900000000001,152,0,-2,390.21000000000004,3,67.66,377.5,1674.69
C00416,0,1798,14,4,Medium,1754,44,2,1,0,73,12,173411.65000000002,2375.502054794521,3096.9959367017436,1152.78,73,0,0,539.73,3,150.62,0.0,0.0
C00364,0,1788,14,4,Medium,1743,45,1,0,1,69,12,232510.28000000003,3369.7142028985513,2141.987733227773,3518.84,69,0,-14,282.57,2,0.0,91.63,0.0
C00069,0,1777,14,4,Medium,1746,31,2,1,0,117,12,187345.72999999995,1601.2455555555553,1256.152080851818,1246.78,117,0,-3,456.72,4,174.97,0.0,0.0
C00478,0,1775,14,4,Medium,1766,9,2,1,0,119,12,176748.68000000002,1485.2830252100841,1121.680489686485,1186.07,119,0,-3,347.66999999999996,4,24.58,0.0,0.0
C00045,0,1769,14,4,Medium,1736,33,2,0,1,86,12,283200.26,3293.0262790697675,2188.571390323214,2758.38,86,0,-1,784.52,6,0.0,83.49,0.0
C00389,0,1756,14,4,Medium,1679,77,2,0,1,125,12,336753.4,2694.0272,1656.7033417397372,2572.84,125,0,-5,401.36,5,0.0,188.24,0.0
C00385,0,1750,14,4,Medium,1681,69,2,1,1,120,12,220823.09999999986,1840.1924999999987,1950.5202001953655,988.22,120,0,-2,694.8499999999999,5,155.63,214.81,582.13
C00342,0,1750,14,4,Medium,1684,66,2,1,0,100,12,168343.19000000003,1683.4319000000003,1204.9009666825382,1352.1399999999999,100,0,-3,781.14,5,314.84,0.0,393.44
C00443,0,1732,14,4,Medium,1712,20,2,1,0,98,12,124959.16000000003,1275.0934693877555,1040.3943594777895,930.355,98,0,-2,658.77,4,249.37,0.0,757.96
C00111,0,1715,13,4,Medium,1708,7,2,1,0,97,12,133371.22000000003,1374.9610309278353,1095.363671334857,1077.49,97,0,0,232.95000000000002,2,160.9,0.0,0.0
C00265,0,1712,13,4,Medium,1531,181,1,0,1,75,12,258122.32,3441.6309333333334,1978.9131648274752,3464.3,75,0,-4,328.12,2,0.0,410.48,1827.4
C00440,0,1712,13,4,Medium,1707,5,2,1,0,101,12,209484.85000000003,2074.1074257425744,2527.4261644830117,1073.16,101,0,0,660.87,4,250.28,0.0,208.14
C00406,0,1677,13,4,Medium,1456,221,2,1,1,126,12,266967.17999999993,2118.7871428571425,1919.7767579632198,1409.475,126,0,0,326.95,4,479.11,767.59,0.0
C00114,0,1677,13,4,Medium,1607,70,2,1,0,92,12,121381.87000000005,1319.3681521739136,955.5901204381329,1071.375,92,0,0,404.19,2,205.81,0.0,0.0
C00084,0,1674,13,4,Medium,1668,6,2,1,0,127,12,226966.28999999995,1787.136141732283,1340.3068950898794,1392.67,127,0,-4,526.6,3,240.32,0.0,350.17
C00396,0,1655,13,4,Medium,1576,79,1,1,0,55,11,43167.04,784.8552727272728,479.35670524017974,716.86,55,0,-4,363.71000000000004,2,201.28,0.0,2356.76
C00037,0,1653,13,4,Medium,1578,75,2,0,1,152,12,371495.6999999999,2444.050657894736,1808.8850865213356,2009.4250000000002,152,0,-2,222.71,1,0.0,131.56,0.0
C00257,0,1632,13,4,Medium,1622,10,1,1,0,49,11,43859.5,895.0918367346939,587.5354088076788,812.91,49,0,-4,670.97,4,36.58,0.0,383.89
C00480,0,1629,13,4,Medium,1596,33,2,1,0,92,12,133082.06999999998,1446.5442391304346,1189.9985218914394,1104.7350000000001,92,0,-2,911.4699999999999,7,103.59,0.0,846.08
C00176,0,1622,13,4,Medium,1468,154,2,0,1,161,12,448333.9000000002,2784.6826086956535,1986.2518379964818,2350.1,161,0,0,539.73,3,0.0,355.19,0.0
C00266,0,1583,12,4,Medium,1572,11,2,1,0,119,12,163467.38,1373.675462184874,1150.821748459937,1089.05,119,0,-8,717.4300000000001,5,137.12,0.0,556.95
C00190,0,1568,12,4,Medium,1553,15,2,1,0,109,12,168333.65,1544.3454128440367,1249.80100855543,1239.0,109,0,-2,621.76,5,91.94,0.0,661.88
C00268,0,1543,12,4,Medium,1470,73,1,1,0,50,12,43400.99000000001,868.0198000000003,481.8777443755303,797.63,50,0,0,235.26999999999998,2,208.36,0.0,505.61
C00303,0,1534,12,4,Medium,1470,64,1,1,0,62,12,51898.76999999999,837.0769354838708,475.123146147616,822.04,62,0,-3,244.93,1,211.7,0.0,0.0
C00151,0,1522,12,4,Medium,1447,75,2,1,0,130,12,174300.46000000002,1340.7727692307694,1113.1897278646077,1093.76,130,0,-1,341.99,2,197.63,0.0,388.89
C00013,0,1514,12,4,Medium,1426,88,3,1,0,168,12,265179.06,1578.4467857142856,1201.1594520516744,1225.1100000000001,168,0,0,454.0,6,254.0,0.0,1585.44
C00457,0,1509,12,4,Medium,1453,56,1,1,0,80,12,68516.7,856.45875,546.5124325670154,892.8050000000001,80,0,0,300.65,2,232.56,0.0,0.0
C00170,0,1504,12,4,Medium,1403,101,2,1,0,129,12,189772.64999999997,1471.105813953488,1106.7242584203577,1242.28,129,0,-2,661.68,9,379.19,0.0,0.0
C00281,0,1498,12,4,Medium,1477,21,2,1,0,139,12,227765.39999999997,1638.5999999999997,1311.3165256320276,1350.41,139,0,-2,670.54,5,168.77,0.0,0.0
C00344,0,1497,12,4,Medium,1427,70,2,1,0,130,12,232724.88000000006,1790.191384615385,1359.6573648577873,1413.065,130,0,0,475.11,4,200.44,0.0,0.0
C00175,0,1496,12,5,Medium,1353,143,3,1,1,211,12,457938.48999999976,2170.324597156397,1779.8191997562972,1754.72,211,0,-1,870.02,7,84.27,320.41,302.25
C00455,0,1495,12,5,Medium,1111,384,3,1,1,204,12,423174.2899999998,2074.383774509803,1708.9940696873616,1507.1399999999999,204,0,-2,233.84,4,114.63,743.13,0.0
C00271,0,1486,12,5,Medium,1436,50,1,1,0,50,11,41131.60999999999,822.6321999999999,507.8406635754718,737.575,50,0,-8,307.63,2,214.05,0.0,0.0
C00294,0,1469,12,5,Medium,1431,38,1,1,0,66,12,56890.64,861.979393939394,531.3849337138648,800.4849999999999,66,0,-4,264.11,2,141.01,0.0,0.0
C00378,0,1464,11,5,Medium,1405,59,1,1,0,77,12,65963.83,856.6731168831169,521.5437974903772,819.85,77,0,-3,187.39,2,157.2,0.0,0.0
C00427,0,1459,11,5,Medium,1428,31,2,0,1,98,12,383611.6600000001,3914.404693877552,2505.6566003699986,3667.74,98,0,-3,434.78000000000003,4,0.0,334.28,0.0
C00341,0,1455,11,5,Medium,1391,64,1,1,0,62,12,55882.37999999999,901.3287096774192,520.0287749935176,794.575,62,0,-15,303.47,2,247.19,0.0,463.71
C00441,0,1449,11,5,Medium,1395,54,2,1,0,137,12,204816.41,1495.0102919708029,1101.3297580418152,1251.26,137,0,-1,497.46000000000004,6,165.19,0.0,0.0
C00492,0,1403,11,5,Medium,1383,20,2,1,0,140,12,204119.62,1457.9972857142857,1095.4319275560329,1180.785,140,0,-5,820.1500000000001,6,66.62,0.0,1230.39
C00274,0,1389,11,5,Medium,1389,0,3,1,0,185,12,313254.77,1693.269027027027,1241.1613299499702,1384.94,185,0,0,386.12,6,83.5,0.0,0.0
C00033,0,1389,11,5,Medium,920,469,1,0,1,67,12,239447.69,3573.846119402985,2303.6585831329885,3530.44,67,0,-3,124.03999999999999,3,0.0,777.84,490.31
C00350,0,1387,11,5,Medium,1341,46,2,1,0,137,12,239071.64,1745.0484671532847,1441.3476474522083,1219.96,137,0,-2,349.95000000000005,2,135.35,0.0,0.0
C00098,0,1383,11,5,Medium,1221,162,2,1,0,128,12,180847.78000000003,1412.8732812500002,1177.497720033976,982.0799999999999,128,0,-3,162.82,1,433.27,0.0,0.0
C00474,0,1362,11,5,Medium,1326,36,2,1,0,78,12,181919.04000000004,2332.295384615385,2945.7521538533533,1064.33,78,0,0,285.03999999999996,5,132.64,0.0,0.0
C00240,0,1359,11,5,Medium,1296,63,2,1,1,126,12,255545.78000000006,2028.1411111111115,2050.35425366378,1340.3899999999999,126,0,-1,266.68,2,69.5,421.27,0.0
C00496,0,1356,11,5,Medium,1080,276,2,1,1,151,12,339620.7000000001,2249.1437086092724,2133.042939832081,1359.21,151,0,-2,316.22,3,244.89,706.52,506.16
C00436,0,1354,11,5,Medium,1236,118,2,1,0,83,12,114218.62,1376.1279518072288,1088.24282058981,1160.23,83,0,-4,529.56,3,403.36,0.0,1244.53
C00481,0,1352,11,5,Medium,1335,17,2,1,0,76,12,141961.15000000005,1867.9098684210533,2509.2990734633413,977.53,76,0,-2,682.97,6,70.02,0.0,845.61
C00284,0,1332,10,5,Medium,1323,9,1,1,0,63,12,48507.39999999999,769.95873015873,566.4605748872442,681.05,63,0,-2,721.51,5,96.17,0.0,0.0
C00329,0,1331,10,5,Medium,1321,10,2,0,1,150,12,425209.2099999998,2834.728066666665,1909.051065109461,2596.385,150,0,0,710.62,7,0.0,252.81,296.79
C00079,0,1319,10,5,Medium,1294,25,2,1,1,119,12,237061.65000000002,1992.114705882353,1994.2967188565683,1249.4,119,0,-3,330.44,2,101.2,67.41,0.0
C00312,0,1311,10,5,Medium,1256,55,2,1,0,104,12,125989.61000000003,1211.438557692308,959.4268252061145,979.94,104,0,-10,303.5,3,150.47,0.0,0.0
C00034,0,1303,10,5,Medium,1291,12,2,1,0,99,12,139757.80000000002,1411.6949494949497,1248.5940691175242,1093.29,99,0,-4,933.54,6,87.81,0.0,208.6
C00437,0,1261,10,5,Medium,1205,56,1,1,0,65,12,56757.97,873.1995384615385,655.4847733153082,731.75,65,0,-1,258.13,2,237.86,0.0,0.0
C00142,0,1250,10,5,Medium,1241,9,1,1,0,58,12,51596.119999999995,889.5882758620689,507.5683265149489,839.21,58,0,-2,551.73,4,80.28,0.0,0.0
C00463,0,1249,10,5,Medium,1154,95,1,1,0,56,12,47241.1,843.5910714285714,616.5600313607414,624.285,56,0,-6,200.75,1,330.24,0.0,0.0
C00204,0,1248,10,5,Medium,1219,29,2,1,0,149,12,216483.97999999995,1452.9126174496641,1144.4739592909614,1124.87,149,0,-1,389.88,3,113.14,0.0,709.78
C00347,0,1243,10,5,Medium,1016,227,2,0,1,128,12,343624.9,2684.56953125,1816.5369087671088,2585.395,128,0,-3,248.92,3,0.0,559.03,0.0
C00256,0,1242,10,5,Medium,1206,36,2,0,1,95,12,368100.32999999996,3874.7403157894732,2780.253080053261,3140.84,95,0,-1,624.49,5,0.0,682.73,0.0
C00491,0,1240,10,5,Medium,1184,56,2,1,0,106,12,161394.81,1522.5925471698113,1226.1447368297736,1215.9850000000001,106,0,-2,286.21000000000004,3,166.52,0.0,0.0
C00030,0,1231,10,5,Medium,1229,2,2,1,0,125,12,185467.11000000002,1483.7368800000002,1338.4707517328197,986.77,125,0,-10,482.46000000000004,6,116.28,0.0,0.0
C00073,0,1223,10,5,Medium,1170,53,2,1,1,133,12,349509.1,2627.887969924812,2187.318847948106,1796.7,133,0,0,503.38,4,736.43,136.19,0.0
C00458,0,1205,9,5,Medium,1047,158,3,1,1,193,12,447169.25999999983,2316.939170984455,2050.5507315950854,1550.79,193,0,0,153.27,2,245.17,165.02,0.0
C00058,0,1195,9,5,Medium,1150,45,1,1,0,49,12,36264.97,740.1014285714286,549.5395786853452,608.09,49,0,-15,151.66,1,117.47,0.0,0.0
C00140,0,1179,9,5,Medium,1136,43,1,1,0,64,12,58144.56,908.50875,567.5410023464774,913.565,64,0,-2,309.71000000000004,3,234.74,0.0,0.0
C00304,0,1164,9,5,Medium,1140,24,2,1,0,80,12,164169.07,2052.113375,2453.235316403726,1111.925,80,0,0,760.23,6,325.49,0.0,0.0
C00227,0,1156,9,5,Medium,1147,9,2,1,0,83,12,165527.56,1994.3079518072288,2386.415414517806,1148.88,83,0,-3,963.89,6,110.36,0.0,0.0
C00278,0,1150,9,5,Medium,1134,16,1,1,0,66,12,56466.450000000004,855.5522727272728,496.7097730862264,797.645,66,0,-4,377.98,2,107.77,0.0,0.0
C00119,0,1147,9,5,Medium,1108,39,1,1,0,56,12,47133.62999999999,841.6719642857141,455.79651282091635,918.875,56,0,-4,241.85,2,168.29,0.0,0.0
C00352,0,1139,9,5,Medium,1014,125,2,1,1,127,12,261941.75999999995,2062.5335433070863,1913.587616045262,1424.82,127,0,-1,309.04,3,155.75,377.09,1122.08
C00370,0,1137,9,5,Medium,1087,50,2,1,0,157,12,228516.02000000002,1455.5160509554141,1149.7960056126333,1140.79,157,0,0,698.7,5,357.05,0.0,875.74
C00361,0,1133,9,5,Medium,1039,94,1,1,0,53,12,43702.929999999986,824.5835849056601,609.9592504897807,723.22,53,0,-2,159.87,2,286.72,0.0,86.71
C00044,0,1104,9,5,Medium,1083,21,2,1,0,127,12,159165.4,1253.2708661417323,1125.2385420892817,998.51,127,0,-2,540.95,6,131.01,0.0,0.0
C00331,0,1092,9,5,Medium,964,128,2,1,0,86,12,173595.64999999997,2018.5540697674414,2619.2912728106558,993.5250000000001,86,0,-1,569.0500000000001,6,419.18,0.0,0.0
C00192,0,1087,9,5,Medium,1079,8,2,1,0,87,12,172647.79999999996,1984.4574712643673,2600.0862538354813,1059.08,87,0,-8,578.9,5,187.38,0.0,0.0
C00429,0,1074,8,5,Medium,1032,42,2,1,1,160,12,343042.1899999999,2144.0136874999994,2029.332900215334,1425.6950000000002,160,0,0,391.28,3,112.74,407.35,0.0
C00475,0,1067,8,6,Medium,999,68,1,1,0,49,11,43643.47999999999,890.6832653061222,556.7496869456826,781.18,49,0,-1,176.26,1,238.44,0.0,0.0
C00205,0,1064,8,6,Medium,1041,23,1,1,0,71,12,64825.49000000002,913.0350704225355,540.6281379677673,923.58,71,0,-2,231.39,1,100.81,0.0,0.0
C00319,0,1064,8,6,Medium,1032,32,1,1,0,53,12,50335.71000000001,949.7303773584907,537.2039249669112,890.71,53,0,-2,176.83,1,44.49,0.0,1267.11
C00071,0,1050,8,6,Medium,980,70,2,1,1,133,12,290369.46,2183.229022556391,1901.4651311079815,1376.56,133,0,-1,484.7,3,303.0,357.49,0.0
C00328,0,1049,8,6,Medium,963,86,2,0,1,111,12,411521.51999999996,3707.4010810810805,2474.93339990589,3338.62,111,0,0,319.98,5,0.0,348.04,0.0
C00074,0,1047,8,6,Medium,1042,5,1,1,0,63,12,49184.21,780.701746031746,457.49547758928077,806.75,63,0,-13,265.96,2,27.93,0.0,0.0
C00231,0,1043,8,6,Medium,1010,33,2,1,0,87,12,211262.04999999996,2428.299425287356,2891.059769805737,1204.54,87,0,-5,762.4,5,224.32,0.0,1357.58
C00244,0,1042,8,6,Medium,985,57,1,0,1,59,12,192601.81000000003,3264.437457627119,2134.028976430129,2725.47,59,0,-5,166.54,1,0.0,120.74,0.0
C00295,0,1021,8,6,Medium,770,251,1,1,0,57,12,43617.23000000001,765.2145614035089,452.3344580738514,661.5,57,0,-14,116.96,1,761.5,0.0,0.0
C00200,0,987,8,6,Medium,950,37,2,1,1,126,12,282495.67000000004,2242.0291269841273,2144.2651867195978,1421.63,126,0,-6,581.47,5,181.77,159.57,0.0
C00414,0,982,8,6,Medium,973,9,1,1,0,63,12,54849.91,870.6334920634921,580.8526438783869,753.07,63,0,-1,486.5,3,88.08,0.0,0.0
C00288,0,974,8,6,Medium,264,710,2,1,1,122,12,260929.86000000002,2138.7693442622954,2229.209684622061,1288.54,122,0,-3,210.95,1,145.82,1439.73,0.0
C00131,0,971,8,6,Medium,849,122,2,1,1,116,12,217927.66999999998,1878.6868103448273,1687.0147241581087,1379.31,116,0,-4,296.81,5,184.73,279.46,0.0
C00208,0,969,8,6,Medium,922,47,2,1,0,96,12,127775.95999999999,1330.9995833333332,1098.7198789566708,1098.5749999999998,96,0,-5,480.91999999999996,4,135.33,0.0,0.0
C00270,0,969,8,6,Medium,838,131,2,1,0,89,12,161531.46000000002,1814.9602247191015,2389.1546484040873,984.55,89,0,-5,264.56,3,336.82,0.0,0.0
C00353,0,967,8,6,Medium,929,38,3,1,0,142,12,237121.11,1669.866971830986,1551.7860221427811,1308.685,142,0,0,323.29999999999995,6,258.1,0.0,781.74
C00085,0,961,8,6,Medium,953,8,1,1,0,67,12,56798.13,847.7332835820895,560.6332036415776,805.64,67,0,-2,519.63,3,92.2,0.0,0.0
C00157,0,945,7,6,Medium,853,92,3,1,0,188,12,310418.05999999994,1651.159893617021,1242.8570077263653,1388.92,188,0,0,226.61,5,296.01,0.0,487.25
C00101,0,925,7,6,Medium,904,21,2,1,1,127,12,267032.0199999999,2102.614330708661,1763.0683819840146,1454.03,127,0,0,549.44,5,48.34,114.92,0.0
C00495,0,907,7,6,Medium,895,12,1,1,0,63,12,57492.15999999998,912.573968253968,581.8061732269318,931.37,63,0,-1,447.29,2,119.92,0.0,0.0
C00282,0,907,7,6,Medium,881,26,2,1,0,83,12,148995.19999999998,1795.1228915662648,2227.7811944555024,1047.2,83,0,0,391.56000000000006,3,77.49,0.0,0.0
C00451,0,905,7,6,Medium,898,7,1,1,0,47,11,40217.13,855.6836170212765,614.1918105134991,745.39,47,0,0,770.0099999999999,4,116.73,0.0,0.0
C00171,0,901,7,6,Medium,814,87,2,1,1,132,12,272658.86,2065.597424242424,1831.236620550502,1339.915,132,0,0,465.76,5,451.03,327.49,0.0
C00292,0,874,7,6,Medium,846,28,2,0,1,141,12,396823.6000000001,2814.351773049646,1828.2120925593965,2547.14,141,0,-2,436.40999999999997,4,0.0,126.72,575.69
C00174,0,864,7,6,Medium,787,77,1,0,1,65,12,198132.53,3048.192769230769,2294.9709904481274,2819.53,65,0,-1,269.8,3,0.0,301.45,460.96
C00237,0,834,7,6,Medium,800,34,1,1,0,80,11,68333.70000000001,854.1712500000001,480.29777144140735,743.78,80,0,-7,208.74,1,179.7,0.0,0.0
C00336,0,823,6,6,Medium,804,19,2,1,0,135,12,231920.04000000012,1717.926222222223,1217.704358458471,1453.73,135,0,-1,311.1,2,170.65,0.0,576.07
C00003,0,820,6,6,Medium,787,33,1,1,0,62,12,54255.67,875.0914516129031,461.29295272341255,852.48,62,0,0,248.42000000000002,2,207.16,0.0,0.0
C00313,0,817,6,6,Medium,705,112,2,1,0,131,12,193718.46000000002,1478.7668702290077,1156.2872652969165,1120.57,131,0,-1,318.96,3,515.5,0.0,0.0
C00038,0,803,6,6,Medium,741,62,1,1,0,59,12,54692.68999999999,926.9947457627117,524.5337949940714,911.41,59,0,-1,355.74,2,367.33,0.0,1579.58
C00031,0,799,6,6,Medium,749,50,1,0,1,64,12,225447.06000000006,3522.610312500001,2236.710349647211,3062.6949999999997,64,0,-2,641.5999999999999,4,0.0,537.08,0.0
C00311,0,774,6,6,Medium,755,19,1,1,0,59,12,51353.699999999975,870.4016949152539,560.8509765899543,788.23,59,0,-1,139.34,2,69.42,0.0,0.0
C00260,0,768,6,6,Medium,696,72,1,1,0,54,11,46116.280000000006,854.0051851851853,577.7900170011519,787.44,54,0,-25,139.17,1,202.24,0.0,1459.2
C00229,0,767,6,6,Medium,326,441,1,0,1,52,11,153747.41,2956.680961538462,1779.2348459217508,2864.705,52,0,-2,52.9,1,0.0,893.3,0.0
C00017,0,760,6,6,Medium,735,25,2,1,0,82,12,169794.53000000012,2070.6650000000013,2456.308205735506,988.9449999999999,82,0,0,189.81,2,114.72,0.0,0.0
C00007,0,736,6,6,Medium,659,77,2,1,1,123,12,246475.91000000006,2003.8691869918705,1903.9410402888147,1215.27,123,0,-3,333.28999999999996,3,240.55,261.02,305.49
C00377,0,733,6,6,Medium,676,57,1,0,1,52,12,158156.06999999998,3041.462884615384,1820.3722977913135,2856.7,52,0,-3,338.12,5,0.0,288.3,745.18
C00104,0,733,6,6,Medium,717,16,2,1,0,101,12,194231.97000000003,1923.0888118811883,2564.106807709962,987.35,101,0,0,132.45,2,57.95,0.0,0.0
C00419,0,719,6,6,Medium,717,2,2,0,1,140,12,393815.50000000006,2812.9678571428576,1775.3147516190586,2518.615,140,0,-2,717.3299999999999,7,0.0,343.66,0.0
C00153,0,708,6,6,Medium,698,10,2,1,0,102,12,128773.80000000002,1262.4882352941179,1009.379336187148,1095.1100000000001,102,0,0,392.7,2,208.99,0.0,0.0
C00182,0,702,5,6,Medium,671,31,2,1,1,139,12,299206.8400000001,2152.5671942446047,1905.8779475471194,1465.08,139,0,0,473.15999999999997,4,210.21,170.56,0.0
C00126,0,702,5,6,Medium,674,28,2,1,1,125,12,290691.94,2325.53552,2068.212065480112,1637.71,125,0,0,488.43,3,142.06,101.65,507.11
C00349,0,690,5,6,Low,683,7,2,1,0,143,12,221508.5400000001,1549.01076923077,1219.135083225322,1159.39,143,0,0,468.63,4,179.88,0.0,123.51
C00132,0,688,5,6,Low,631,57,2,1,1,146,12,326955.9,2239.42397260274,2168.2325315269336,1291.925,146,0,0,595.88,4,432.55,350.85,0.0
C00089,0,660,5,7,Low,611,49,2,1,1,160,12,363237.5099999999,2270.2344374999993,2315.351969609214,1310.315,160,0,-3,97.18,2,96.66,31.56,0.0
C00221,0,659,5,7,Low,638,21,1,0,1,70,12,226996.69999999995,3242.8099999999995,2614.0694316694053,2946.6400000000003,70,0,-10,403.24,3,0.0,164.75,0.0
C00477,0,659,5,7,Low,565,94,1,1,0,63,12,51619.57999999998,819.3584126984124,514.0447353232682,696.55,63,0,0,90.47,1,299.92,0.0,0.0
C00471,0,653,5,7,Low,577,76,1,1,0,71,12,64461.5,907.9084507042254,611.8040475713675,835.94,71,0,-2,79.52,2,159.24,0.0,1238.64
C00027,0,646,5,7,Low,626,20,1,1,0,68,12,59565.27,875.9598529411765,566.7750166275084,886.755,68,0,-2,100.12,2,62.55,0.0,0.0
C00165,0,643,5,7,Low,612,31,1,1,0,56,12,45456.88000000001,811.7300000000002,578.9290715167729,698.0,56,0,-8,367.41999999999996,3,377.48,0.0,0.0
C00334,0,640,5,7,Low,604,36,1,1,0,74,12,66045.08000000002,892.5010810810813,511.3113339290404,876.505,74,0,-3,426.28,4,318.45,0.0,899.02
C00148,0,627,5,7,Low,610,17,1,1,0,55,12,45825.939999999995,833.198909090909,486.3417875728227,818.88,55,0,0,270.98,2,152.12,0.0,0.0
C00090,0,625,5,7,Low,610,15,1,1,0,59,12,48125.42,815.6850847457627,452.2273726993172,820.34,59,0,-4,209.3,1,47.24,0.0,572.12
C00275,0,622,5,7,Low,596,26,1,1,0,66,12,53714.32999999998,813.8534848484845,495.038769395481,733.76,66,0,-1,137.57,1,118.75,0.0,0.0
C00372,0,610,5,7,Low,539,71,2,1,0,119,12,187565.48,1576.1805042016808,1194.1186929605067,1190.42,119,0,-2,359.4,3,173.09,0.0,1969.12
C00092,0,598,5,7,Low,586,12,2,1,0,148,12,251584.09,1699.8925,1337.5286607830715,1339.4699999999998,148,0,-3,251.23000000000002,2,105.16,0.0,0.0
C00467,0,594,5,7,Low,542,52,2,1,0,86,12,170756.41999999998,1985.5397674418602,2968.414180074241,1058.52,86,0,-5,151.26,1,240.16,0.0,0.0
C00473,0,587,5,7,Low,578,9,1,1,0,67,12,56985.52,850.5301492537313,602.7323720974508,687.2,67,0,-1,495.64,3,161.64,0.0,0.0
C00289,0,584,5,7,Low,520,64,2,1,0,126,12,165800.78,1315.8792063492062,940.6462772418573,1159.5749999999998,126,0,-1,520.13,6,201.0,0.0,0.0
C00339,0,579,5,7,Low,577,2,2,1,0,155,12,236117.11999999994,1523.3362580645157,1097.1841029577986,1265.14,155,0,0,274.27,2,21.42,0.0,0.0
C00412,0,558,4,7,Low,550,8,2,1,0,116,12,146734.23999999993,1264.9503448275857,1139.4501938321955,874.9100000000001,116,0,-15,338.62,3,181.29,0.0,0.0
C00422,0,543,4,7,Low,521,22,1,1,0,54,11,44444.09,823.0387037037036,501.72284886742625,772.27,54,0,-3,125.09,2,104.29,0.0,0.0
C00449,0,540,4,7,Low,526,14,2,1,0,77,12,171152.52000000002,2222.76,2925.624871012939,1036.79,77,0,-4,146.85,1,186.58,0.0,0.0
C00061,0,536,4,7,Low,516,20,1,1,0,64,12,56379.37999999999,880.9278124999998,552.5924445233985,802.0550000000001,64,0,-2,154.86,2,120.19,0.0,0.0
C00016,0,535,4,7,Low,531,4,1,1,0,64,12,51748.66,808.5728125,434.56909735152203,829.355,64,0,0,375.08,3,51.75,0.0,0.0
C00066,0,528,4,7,Low,469,59,1,1,0,64,12,52343.070000000014,817.8604687500002,553.7444687041232,775.2,64,0,0,130.98,1,282.4,0.0,560.69
C00500,0,524,4,7,Low,515,9,2,1,0,93,12,131683.15000000002,1415.9478494623659,1204.6828864611143,1038.07,93,0,-11,230.98000000000002,4,91.62,0.0,316.29
C00194,0,520,4,7,Low,494,26,1,1,0,46,12,39827.240000000005,865.8095652173914,565.0452854888182,867.625,46,0,-3,141.1,2,146.7,0.0,0.0
C00358,0,515,4,7,Low,485,30,3,1,1,207,12,480430.4499999999,2320.920048309178,1833.1029747992766,2063.8,207,0,-1,421.99,5,167.17,253.04,0.0
C00269,0,514,4,7,Low,456,58,1,0,1,68,12,212436.81,3124.0707352941176,1984.4807932903398,2617.43,68,0,-4,455.9,3,0.0,733.81,247.7
C00112,0,486,4,7,Low,450,36,1,1,0,66,12,58541.389999999985,886.9907575757574,584.4770907119539,799.18,66,0,-10,70.14,2,111.94,0.0,0.0
C00179,0,478,4,7,Low,454,24,2,1,0,126,12,162939.7,1293.1722222222222,998.0827803727615,980.54,126,0,0,201.88,2,172.41,0.0,0.0
C00230,0,477,4,7,Low,468,9,2,1,0,99,12,135018.67,1363.8249494949496,1097.2026110359145,1108.05,99,0,-3,244.79,2,68.89,0.0,0.0
C00082,0,476,4,7,Low,472,4,1,1,0,65,12,51019.880000000005,784.9212307692309,482.0611052116075,794.86,65,0,-6,257.29,3,43.67,0.0,0.0
C00173,0,470,4,7,Low,467,3,1,1,0,55,12,49358.33999999999,897.4243636363634,480.8017031451456,961.16,55,0,-2,466.65999999999997,3,116.88,0.0,0.0
C00081,0,464,4,7,Low,449,15,1,1,0,66,12,49938.069999999985,756.637424242424,563.0320553664653,639.15,66,0,-10,359.55,2,114.16,0.0,543.99
C00063,0,454,4,7,Low,422,32,1,1,0,55,12,48688.53,885.246,467.23410565519237,845.16,55,0,-2,158.27,1,242.67,0.0,0.0
C00381,0,441,3,7,Low,225,216,1,0,1,72,12,249276.14999999997,3462.1687499999994,2000.4947450434117,3213.25,72,0,-2,50.06,1,0.0,569.44,739.68
C00470,0,432,3,7,Low,425,7,2,1,1,135,12,327249.30999999994,2424.0689629629624,2014.5967983590708,1741.02,135,0,-9,424.71000000000004,3,135.35,189.78,0.0
C00218,0,425,3,7,Low,325,100,1,1,0,68,12,59198.54000000001,870.5667647058825,513.5647444060382,778.335,68,0,-3,50.58,1,311.51,0.0,0.0
C00320,0,422,3,7,Low,386,36,1,1,0,61,12,47673.55999999999,781.5337704918031,479.23691782931996,684.97,61,0,-8,56.47,1,105.37,0.0,0.0
C00099,0,419,3,7,Low,410,9,1,1,0,60,12,51003.91999999999,850.0653333333332,549.9966081974512,734.83,60,0,-4,153.83,1,33.62,0.0,288.45
C00156,0,408,3,7,Low,405,3,1,1,0,57,12,51479.96000000001,903.1571929824563,626.6407439524386,892.87,57,0,0,404.71,3,89.43,0.0,0.0
C00356,0,404,3,7,Low,386,18,1,1,0,53,12,45271.14000000001,854.1724528301888,600.1755757818054,742.8,53,0,-3,110.32,1,54.22,0.0,592.54
C00327,0,400,3,7,Low,375,25,1,1,0,74,12,62529.530000000006,844.9936486486488,618.1253938565707,733.09,74,0,-1,102.15,2,74.68,0.0,771.52
C00456,0,393,3,8,Low,390,3,1,1,0,66,12,51046.33000000001,773.4292424242426,517.4413075221058,722.76,66,0,-13,389.98,2,101.1,0.0,0.0
C00236,0,390,3,8,Low,258,132,1,1,0,53,11,38281.149999999994,722.2858490566036,428.62458066217215,707.75,53,0,-3,35.21,1,330.51,0.0,705.24
C00373,0,388,3,8,Low,380,8,1,1,0,63,12,51371.38,815.4187301587301,470.78825639864635,691.65,63,0,-3,325.41,2,128.6,0.0,0.0
C00238,0,387,3,8,Low,343,44,1,0,1,65,12,214134.2799999999,3294.373538461537,2269.66046283389,3088.91,65,0,0,228.98,1,0.0,343.61,201.23
C00087,0,383,3,8,Low,347,36,1,0,1,73,12,245751.21,3366.4549315068493,2219.6110446678385,2845.8,73,0,-1,52.78,1,0.0,68.54,0.0
C00072,0,381,3,8,Low,365,16,2,1,0,136,12,195942.88,1440.7564705882353,1112.2835182642352,1203.505,136,0,-6,306.72,3,160.4,0.0,582.75
C00166,0,381,3,8,Low,371,10,1,1,0,55,12,40373.71,734.0674545454546,534.1508831442395,723.62,55,0,-3,185.25,1,99.62,0.0,0.0
C00261,0,372,3,8,Low,291,81,2,1,1,137,12,288090.73,2102.8520437956204,1955.1496787955448,1285.27,137,0,-1,138.81,3,103.66,372.66,461.85
C00122,0,372,3,8,Low,230,142,2,1,0,91,12,196796.24999999997,2162.5961538461534,2565.1467744979554,1020.3,91,0,0,229.94,4,541.63,0.0,0.0
C00468,0,361,3,8,Low,339,22,1,1,0,66,12,56727.169999999984,859.5025757575755,492.17705392489245,756.29,66,0,-6,48.48,1,62.86,0.0,0.0
C00243,0,360,3,8,Low,354,6,1,1,0,59,12,49950.95,846.6262711864406,504.8139845182249,795.22,59,0,0,151.53,1,49.91,0.0,0.0
C00052,0,357,3,8,Low,328,29,1,0,1,72,12,253991.11000000004,3527.654305555556,2336.439224219182,3134.4300000000003,72,0,-9,91.6,2,0.0,100.86,0.0
C00330,0,336,3,8,Low,325,11,2,1,0,130,12,203973.58999999994,1569.0276153846148,1184.7458935172122,1203.67,130,0,0,325.21000000000004,5,659.48,0.0,190.04
C00267,0,328,3,8,Low,319,9,2,1,0,72,12,153864.34000000003,2137.0047222222224,2578.261063590747,1032.79,72,0,-1,294.01,4,67.7,0.0,0.0
C00391,0,325,3,8,Low,256,69,1,0,1,70,12,208619.4499999999,2980.2778571428557,2179.3283162372104,2658.7799999999997,70,0,0,109.64,2,0.0,371.75,0.0
C00272,0,322,3,8,Low,273,49,1,0,1,65,12,199695.99000000002,3072.246,1861.8472198152429,2887.05,65,0,0,234.27,3,0.0,466.14,368.23
C00091,0,315,2,8,Low,225,90,1,0,1,72,12,216691.11000000004,3009.5987500000006,1791.9438344905896,2904.36,72,0,-4,89.92,1,0.0,421.83,391.31
C00337,0,313,2,8,Low,306,7,1,1,0,61,12,49369.12,809.3298360655738,578.0139348709274,669.93,61,0,-2,193.48,2,89.24,0.0,0.0
C00439,0,296,2,8,Low,287,9,1,1,0,58,11,45522.929999999986,784.8781034482756,507.6606615780702,678.4449999999999,58,0,-30,229.93,1,150.32,0.0,0.0
C00301,0,283,2,8,Low,281,2,1,1,0,61,12,49248.509999999995,807.3526229508196,554.319250531381,757.98,61,0,-14,280.87,2,72.12,0.0,0.0
C00323,0,276,2,8,Low,272,4,2,1,0,89,12,146848.69999999998,1649.9853932584267,2158.9485115739562,948.35,89,0,0,181.53,2,49.28,0.0,0.0
C00405,0,267,2,8,Low,242,25,1,1,0,51,12,44533.09,873.1978431372548,497.210253753133,899.0,51,0,0,241.68,2,89.21,0.0,1533.14
C00454,0,265,2,8,Low,261,4,1,1,0,56,12,49748.64,888.3685714285714,501.0759289711349,847.16,56,0,-3,142.38,2,38.39,0.0,0.0
C00453,0,259,2,8,Low,209,50,1,1,0,74,12,56023.649999999994,757.0763513513513,487.5729113374395,736.0999999999999,74,0,-5,86.32,1,417.12,0.0,0.0
C00479,0,257,2,8,Low,255,2,2,1,0,137,12,202311.02999999997,1476.7228467153282,1213.6144709551256,1145.55,137,0,-1,254.95999999999998,2,139.72,0.0,0.0
C00387,0,251,2,8,Low,182,69,2,0,1,78,12,317479.19999999984,4070.2461538461516,3032.6424691477428,3537.6099999999997,78,0,0,60.64,1,0.0,265.17,0.0
C00187,0,248,2,8,Low,237,11,2,1,0,122,12,200699.34000000008,1645.0765573770498,1313.3335921113937,1355.165,122,0,0,236.92,3,55.72,0.0,638.43
C00109,0,244,2,8,Low,114,130,2,1,1,123,12,292447.92000000004,2377.625365853659,2144.646680729582,1558.77,123,0,-1,85.83,1,204.76,720.79,0.0
C00300,0,232,2,8,Low,220,12,2,1,0,114,12,164795.49000000002,1445.5744736842107,1099.531814219038,1308.335,114,0,0,219.53,2,63.74,0.0,0.0
C00490,0,226,2,8,Low,224,2,1,1,0,60,12,54701.549999999996,911.6924999999999,508.4007324356464,891.94,60,0,-4,141.59,2,28.63,0.0,0.0
C00264,0,226,2,8,Low,171,55,1,1,0,58,12,47390.23999999999,817.0731034482757,482.69243343506304,824.4549999999999,58,0,-6,34.22,1,97.6,0.0,2035.32
C00139,0,220,2,8,Low,181,39,1,1,0,61,12,52233.38,856.2849180327869,550.8968930983453,742.65,61,0,-15,108.3,1,469.28,0.0,0.0
C00032,0,218,2,8,Low,212,6,1,1,0,50,12,36892.579999999994,737.8515999999998,455.1953619942334,682.7850000000001,50,0,-8,211.85999999999999,2,108.18,0.0,281.54
C00400,0,216,2,8,Low,208,8,1,1,0,44,12,35234.909999999996,800.793409090909,473.91146690584725,759.0899999999999,44,0,-4,96.11,1,76.66,0.0,0.0
C00004,0,206,2,8,Low,121,85,1,0,1,82,12,284088.0,3464.487804878049,2229.8860230065707,3355.075,82,0,-1,40.49,1,0.0,290.83,1010.0
C00409,0,200,2,9,Very Low,175,25,1,1,0,53,12,46834.42,883.6683018867924,487.58731915317907,924.88,53,0,-1,35.010000000000005,2,62.93,0.0,586.17
C00499,0,194,2,9,Very Low,173,21,1,1,0,55,12,58460.459999999985,1062.9174545454543,516.7813545047568,1109.14,55,0,-1,115.61,1,280.23,0.0,0.0
C00259,0,191,1,9,Very Low,190,1,1,1,0,75,12,62672.910000000025,835.6388000000003,498.97518026060993,826.07,75,0,0,189.53,1,267.33,0.0,0.0
C00093,0,182,1,9,Very Low,173,9,2,0,1,91,12,334741.10000000003,3678.4736263736268,2475.526932655177,3547.36,91,0,-4,51.45,2,0.0,108.47,0.0
C00053,0,157,1,9,Very Low,152,5,1,1,0,69,12,61869.87999999999,896.6649275362317,476.2940455427507,861.08,69,0,-1,152.36,1,64.36,0.0,159.04
C00172,0,156,1,9,Very Low,94,62,3,1,1,194,12,433774.3599999999,2235.9503092783502,1983.7532157806609,1458.975,194,0,-5,83.39,3,69.3,532.36,0.0
C00464,0,147,1,9,Very Low,122,25,1,0,1,74,12,228749.75999999998,3091.2129729729727,1805.257817423628,2942.075,74,0,0,121.61,2,0.0,466.06,206.26
C00110,0,139,1,9,Very Low,137,2,1,1,0,70,12,71797.61999999998,1025.6802857142854,565.369401549653,1007.5350000000001,70,0,-3,136.95,2,109.96,0.0,0.0
C00426,0,122,1,9,Very Low,120,2,2,1,0,107,12,148025.37000000002,1383.4146728971964,1122.872024279719,1139.22,107,0,-3,120.05,1,108.07,0.0,0.0
C00130,0,113,1,9,Very Low,102,11,1,1,0,55,12,44202.31,803.6783636363635,524.5015962012347,749.54,55,0,-12,101.5,3,58.59,0.0,596.89
C00254,0,98,1,9,Very Low,47,51,1,1,0,53,11,44815.48000000001,845.5750943396229,557.1566584026389,865.62,53,0,-13,13.54,1,273.51,0.0,210.67
C00432,0,96,1,9,Very Low,65,31,1,0,1,72,12,249157.76000000007,3460.524444444445,2220.9411491171804,3289.455,72,0,-2,65.4,1,0.0,595.73,1038.35
C00447,0,50,0,9,Very Low,46,4,1,1,0,73,12,55464.86,759.792602739726,483.84329834446805,722.35,73,0,0,46.32,1,79.08,0.0,0.0
C00214,0,48,0,9,Very Low,44,4,1,1,0,53,12,44128.21999999999,832.6079245283016,443.1889809896108,825.0,53,0,-12,43.519999999999996,2,120.61,0.0,0.0
C00293,0,36,0,10,Very Low,27,9,1,1,0,54,12,46717.09,865.1312962962962,514.4644115789806,854.545,54,0,-2,27.15,1,218.66,0.0,0.0
C00362,0,372,3,8,Low,0,372,1,0,1,78,12,235038.1300000001,3013.3093589743603,2288.5899222091416,2571.425,78,0,-2,0.0,0,0.0,599.92,0.0
C00146,0,290,2,8,Low,0,290,1,0,1,79,12,265857.25000000006,3365.281645569621,2326.810502235608,3248.59,79,0,-7,0.0,0,0.0,946.04,0.0
C00123,0,148,1,9,Very Low,0,148,2,1,1,113,12,268534.37,2376.410353982301,1999.6569441616234,1858.4,113,0,0,0.0,0,229.92,245.18,0.0
C00041,0,103,1,9,Very Low,0,103,1,1,0,68,12,57526.1,845.9720588235294,533.907543272112,840.885,68,0,-1,0.0,0,325.87,0.0,451.99
C00394,0,93,1,9,Very Low,0,93,2,1,0,119,12,173389.29,1457.0528571428572,1181.6382514529782,1094.89,119,0,-1,0.0,0,256.06,0.0,0.0
C00160,0,85,1,9,Very Low,0,85,1,0,1,69,12,196218.07,2843.740144927536,1994.3000706495063,2412.31,69,0,-2,0.0,0,0.0,156.27,638.35
C00411,0,80,1,9,Very Low,0,80,1,0,1,68,12,257659.12000000002,3789.1047058823533,2179.7507591941276,3466.715,68,0,-15,0.0,0,0.0,190.64,0.0
C00163,0,63,0,9,Very Low,0,63,1,1,0,54,12,45847.58000000001,849.0292592592594,521.842858736742,919.7850000000001,54,0,-4,0.0,0,184.98,0.0,0.0
C00285,0,51,0,9,Very Low,0,51,1,1,0,63,12,51635.65000000001,819.6134920634922,486.94430522145836,773.13,63,0,0,0.0,0,133.51,0.0,0.0
C00083,0,47,0,9,Very Low,0,47,1,1,0,67,12,49430.399999999994,737.7671641791044,548.6852695688452,596.71,67,0,-7,0.0,0,211.03,0.0,0.0
C00498,0,43,0,9,Very Low,0,43,1,1,0,55,12,46617.90999999999,847.5983636363634,519.0900812952648,867.43,55,0,-14,0.0,0,133.12,0.0,1289.92
C00322,0,39,0,10,Very Low,0,39,1,1,0,69,12,54331.45,787.4123188405797,508.8428733790633,708.04,69,0,0,0.0,0,71.92,0.0,790.56
C00059,0,35,0,10,Very Low,0,35,1,1,0,53,11,43026.32,811.817358490566,494.8731150085574,781.6,53,0,0,0.0,0,182.32,0.0,0.0
C00483,0,34,0,10,Very Low,0,34,1,0,1,81,12,274859.0799999999,3393.321975308641,2044.5366104073682,3147.36,81,0,-2,0.0,0,0.0,138.6,0.0
C00249,0,29,0,10,Very Low,0,29,1,1,0,56,12,47873.78999999998,854.8891071428568,522.8459782845033,801.1099999999999,56,0,0,0.0,0,120.58,0.0,0.0
C00423,0,26,0,10,Very Low,0,26,1,1,0,56,12,49189.84000000001,878.3900000000002,508.4841362896013,942.26,56,0,-2,0.0,0,193.75,0.0,525.63
C00410,0,19,0,10,Very Low,0,19,1,1,0,63,12,50976.389999999985,809.1490476190473,552.8393190428152,703.31,63,0,-12,0.0,0,192.73,0.0,0.0
C00206,0,18,0,10,Very Low,0,18,1,1,0,65,12,56083.74999999999,862.826923076923,497.5427410563686,841.01,65,0,-5,0.0,0,113.66,0.0,730.11
C00201,0,16,0,10,Very Low,0,16,1,1,0,62,12,57165.129999999976,922.0182258064513,564.3262083824322,814.37,62,0,-2,0.0,0,42.36,0.0,0.0
C00262,0,13,0,10,Very Low,0,13,1,1,0,48,11,40648.58000000001,846.8454166666669,509.80189148067063,926.745,48,0,-16,0.0,0,86.55,0.0,0.0
C00317,0,12,0,10,Very Low,0,12,1,1,0,60,12,50417.500000000015,840.2916666666669,512.2922282109215,819.675,60,0,-12,0.0,0,61.37,0.0,0.0
C00116,0,12,0,10,Very Low,0,12,1,1,0,62,12,51938.53,837.7182258064516,681.7058993834347,577.31,62,0,-3,0.0,0,68.25,0.0,0.0
C00233,0,11,0,10,Very Low,0,11,1,1,0,50,12,43042.28000000003,860.8456000000006,484.0515536473447,813.94,50,0,0,0.0,0,118.0,0.0,0.0
C00051,0,11,0,10,Very Low,0,11,1,1,0,55,12,45796.52,832.664,594.9900763648016,761.41,55,0,-1,0.0,0,67.02,0.0,0.0
C00169,0,11,0,10,Very Low,0,11,1,1,0,54,11,48527.15999999998,898.6511111111108,465.3357214518562,854.355,54,0,-35,0.0,0,38.03,0.0,444.88
C00023,0,9,0,10,Very Low,0,9,1,1,0,54,12,49931.79999999999,924.6629629629628,629.0755235537713,899.625,54,0,-13,0.0,0,35.63,0.0,0.0
C00029,0,6,0,10,Very Low,0,6,1,1,0,65,12,50445.64000000001,776.0867692307693,510.80482575327784,701.76,65,0,0,0.0,0,34.75,0.0,0.0
C00493,0,3,0,10,Very Low,0,3,1,0,1,73,12,279454.79000000004,3828.1478082191784,2261.4995164204943,3511.96,73,0,-6,0.0,0,0.0,102.17,0.0
C00203,0,3,0,10,Very Low,0,3,1,1,0,51,12,43588.490000000005,854.676274509804,584.6625044928427,765.34,51,0,-5,0.0,0,95.37,0.0,0.0
C00102,0,1,0,10,Very Low,0,1,1,1,0,57,11,57262.04,1004.5971929824561,584.274366060019,921.37,57,0,-2,0.0,0,36.37,0.0,0.0
C00234,1,2650,21,2,High,2569,81,2,1,1,0,0,0.0,0.0,0.0,0.0,0,0,9999,419.69,2,62.47,148.28,0.0
C00168,0,2278,18,3,High,2209,69,2,1,0,0,0,0.0,0.0,0.0,0.0,0,0,9999,284.98,2,239.0,0.0,0.0
C00263,0,1660,13,4,Medium,1641,19,2,1,0,0,0,0.0,0.0,0.0,0.0,0,0,9999,607.5,3,136.65,0.0,723.81
C00321,0,1560,12,4,Medium,1559,1,2,1,0,0,0,0.0,0.0,0.0,0.0,0,0,9999,220.04,1,31.74,0.0,0.0
C00245,0,1475,12,5,Medium,1316,159,2,0,1,0,0,0.0,0.0,0.0,0.0,0,0,9999,197.36,1,0.0,342.91,540.1
C00188,0,1442,11,5,Medium,1394,48,1,1,0,0,0,0.0,0.0,0.0,0.0,0,0,9999,194.45,1,123.8,0.0,257.74
C00096,0,900,7,6,Medium,892,8,3,1,0,0,0,0.0,0.0,0.0,0.0,0,0,9999,127.42,1,110.63,0.0,0.0
C00368,0,866,7,6,Medium,850,16,2,1,0,0,0,0.0,0.0,0.0,0.0,0,0,9999,115.93,1,48.52,0.0,0.0
C00452,0,822,6,6,Medium,473,349,1,0,1,0,0,0.0,0.0,0.0,0.0,0,0,9999,71.83,1,0.0,663.5,0.0
C00010,0,620,5,7,Low,501,119,3,0,1,0,0,0.0,0.0,0.0,0.0,0,0,9999,167.29,2,0.0,237.19,0.0
C00137,0,617,5,7,Low,547,70,2,0,1,0,0,0.0,0.0,0.0,0.0,0,0,9999,152.68,1,0.0,275.39,0.0
C00367,0,510,4,7,Low,443,67,2,1,0,0,0,0.0,0.0,0.0,0.0,0,0,9999,91.64,1,293.41,0.0,0.0
C00015,0,493,4,7,Low,471,22,1,1,0,0,0,0.0,0.0,0.0,0.0,0,0,9999,176.46,1,165.12,0.0,0.0
C00223,0,436,3,7,Low,358,78,1,1,0,0,0,0.0,0.0,0.0,0.0,0,0,9999,48.31,1,209.71,0.0,0.0
C00145,0,407,3,7,Low,350,57,3,1,1,0,0,0.0,0.0,0.0,0.0,0,0,9999,72.43,1,127.49,123.16,0.0
C00120,0,396,3,7,Low,360,36,3,0,1,0,0,0.0,0.0,0.0,0.0,0,0,9999,139.32,1,0.0,125.09,0.0
C00445,0,386,3,8,Low,352,34,2,1,0,0,0,0.0,0.0,0.0,0.0,0,0,9999,81.31,1,140.04,0.0,377.57
C00306,0,290,2,8,Low,150,140,2,1,1,0,0,0.0,0.0,0.0,0.0,0,0,9999,40.11,1,287.91,442.2,0.0
C00413,0,277,2,8,Low,272,5,2,1,0,0,0,0.0,0.0,0.0,0.0,0,0,9999,51.72,1,51.07,0.0,0.0
C00177,0,239,2,8,Low,230,9,2,1,0,0,0,0.0,0.0,0.0,0.0,0,0,9999,64.14,1,47.97,0.0,0.0
C00207,0,235,2,8,Low,176,59,2,0,1,0,0,0.0,0.0,0.0,0.0,0,0,9999,45.83,1,0.0,191.9,0.0
C00121,0,226,2,8,Low,213,13,1,1,0,0,0,0.0,0.0,0.0,0.0,0,0,9999,212.97,1,200.22,0.0,308.36
C00064,0,211,2,8,Low,143,68,3,1,0,0,0,0.0,0.0,0.0,0.0,0,0,9999,107.35,1,155.41,0.0,564.53
C00448,0,133,1,9,Very Low,127,6,1,1,0,0,0,0.0,0.0,0.0,0.0,0,0,9999,66.05,1,67.02,0.0,0.0
C00438,0,126,1,9,Very Low,118,8,2,1,0,0,0,0.0,0.0,0.0,0.0,0,0,9999,118.23,1,226.57,0.0,0.0
C00022,0,123,1,9,Very Low,44,79,3,1,1,0,0,0.0,0.0,0.0,0.0,0,0,9999,14.21,1,133.45,272.86,865.64
C00141,0,107,1,9,Very Low,91,16,2,1,0,0,0,0.0,0.0,0.0,0.0,0,0,9999,11.99,1,59.99,0.0,0.0
C00065,0,80,1,9,Very Low,56,24,2,1,0,0,0,0.0,0.0,0.0,0.0,0,0,9999,56.45,1,64.85,0.0,0.0
C00348,0,51,0,9,Very Low,12,39,2,1,0,0,0,0.0,0.0,0.0,0.0,0,0,9999,10.06,1,131.05,0.0,0.0
C00076,0,786,6,6,Medium,0,786,3,1,1,0,0,0.0,0.0,0.0,0.0,0,0,9999,0.0,0,26.81,1489.13,0.0
C00152,0,281,2,8,Low,0,281,3,1,1,0,0,0.0,0.0,0.0,0.0,0,0,9999,0.0,0,99.65,539.88,0.0
C00246,0,268,2,8,Low,0,268,1,0,1,0,0,0.0,0.0,0.0,0.0,0,0,9999,0.0,0,0.0,618.17,0.0
C00397,0,259,2,8,Low,0,259,3,1,1,0,0,0.0,0.0,0.0,0.0,0,0,9999,0.0,0,611.37,139.38,0.0
C00343,0,209,2,8,Low,0,209,1,1,0,0,0,0.0,0.0,0.0,0.0,0,0,9999,0.0,0,808.22,0.0,0.0
C00239,0,193,2,9,Very Low,0,193,1,0,1,0,0,0.0,0.0,0.0,0.0,0,0,9999,0.0,0,0.0,2067.48,0.0
C00382,0,174,1,9,Very Low,0,174,2,1,1,0,0,0.0,0.0,0.0,0.0,0,0,9999,0.0,0,115.82,583.81,1038.67
C00055,0,149,1,9,Very Low,0,149,2,1,1,0,0,0.0,0.0,0.0,0.0,0,0,9999,0.0,0,189.14,556.73,454.53
C00155,0,138,1,9,Very Low,0,138,2,1,1,0,0,0.0,0.0,0.0,0.0,0,0,9999,0.0,0,426.7,92.33,0.0
C00333,0,121,1,9,Very Low,0,121,2,0,1,0,0,0.0,0.0,0.0,0.0,0,0,9999,0.0,0,0.0,376.57,0.0
C00210,0,117,1,9,Very Low,0,117,2,0,1,0,0,0.0,0.0,0.0,0.0,0,0,9999,0.0,0,0.0,222.38,783.01
C00346,0,115,1,9,Very Low,0,115,2,1,1,0,0,0.0,0.0,0.0,0.0,0,0,9999,0.0,0,64.11,171.04,0.0
C00040,0,98,1,9,Very Low,0,98,2,1,0,0,0,0.0,0.0,0.0,0.0,0,0,9999,0.0,0,289.47,0.0,1063.41
C00420,0,93,1,9,Very Low,0,93,3,1,1,0,0,0.0,0.0,0.0,0.0,0,0,9999,0.0,0,211.38,313.25,304.35
C00220,0,91,1,9,Very Low,0,91,2,1,0,0,0,0.0,0.0,0.0,0.0,0,0,9999,0.0,0,240.56,0.0,0.0
C00316,0,83,1,9,Very Low,0,83,3,1,1,0,0,0.0,0.0,0.0,0.0,0,0,9999,0.0,0,213.36,110.98,0.0
C00318,0,80,1,9,Very Low,0,80,2,1,0,0,0,0.0,0.0,0.0,0.0,0,0,9999,0.0,0,222.85,0.0,0.0
C00062,0,73,1,9,Very Low,0,73,2,1,1,0,0,0.0,0.0,0.0,0.0,0,0,9999,0.0,0,193.96,99.73,0.0
C00324,0,68,1,9,Very Low,0,68,2,1,1,0,0,0.0,0.0,0.0,0.0,0,0,9999,0.0,0,210.75,290.13,0.0
C00105,0,63,0,9,Very Low,0,63,1,1,0,0,0,0.0,0.0,0.0,0.0,0,0,9999,0.0,0,273.88,0.0,0.0
C00315,0,55,0,9,Very Low,0,55,1,1,0,0,0,0.0,0.0,0.0,0.0,0,0,9999,0.0,0,277.0,0.0,0.0
C00386,0,52,0,9,Very Low,0,52,2,1,0,0,0,0.0,0.0,0.0,0.0,0,0,9999,0.0,0,442.2,0.0,0.0
C00299,0,51,0,9,Very Low,0,51,1,1,0,0,0,0.0,0.0,0.0,0.0,0,0,9999,0.0,0,135.67,0.0,0.0
C00302,0,42,0,9,Very Low,0,42,1,1,0,0,0,0.0,0.0,0.0,0.0,0,0,9999,0.0,0,106.16,0.0,998.95
C00354,0,42,0,10,Very Low,0,42,1,0,1,0,0,0.0,0.0,0.0,0.0,0,0,9999,0.0,0,0.0,100.38,0.0
C00297,0,40,0,10,Very Low,0,40,2,1,0,0,0,0.0,0.0,0.0,0.0,0,0,9999,0.0,0,114.03,0.0,0.0
C00080,0,40,0,10,Very Low,0,40,1,1,0,0,0,0.0,0.0,0.0,0.0,0,0,9999,0.0,0,241.24,0.0,2211.76
C00250,0,40,0,10,Very Low,0,40,1,1,0,0,0,0.0,0.0,0.0,0.0,0,0,9999,0.0,0,110.43,0.0,0.0
C00371,0,40,0,10,Very Low,0,40,2,1,0,0,0,0.0,0.0,0.0,0.0,0,0,9999,0.0,0,201.03,0.0,965.19
C00158,0,39,0,10,Very Low,0,39,3,1,0,0,0,0.0,0.0,0.0,0.0,0,0,9999,0.0,0,377.83,0.0,0.0
C00005,0,39,0,10,Very Low,0,39,2,1,0,0,0,0.0,0.0,0.0,0.0,0,0,9999,0.0,0,63.57,0.0,1063.26
C00100,0,39,0,10,Very Low,0,39,1,1,0,0,0,0.0,0.0,0.0,0.0,0,0,9999,0.0,0,127.69,0.0,915.17
C00241,0,38,0,10,Very Low,0,38,1,0,1,0,0,0.0,0.0,0.0,0.0,0,0,9999,0.0,0,0.0,69.98,0.0
C00209,0,36,0,10,Very Low,0,36,3,1,1,0,0,0.0,0.0,0.0,0.0,0,0,9999,0.0,0,70.98,98.28,0.0
C00298,0,33,0,10,Very Low,0,33,3,1,0,0,0,0.0,0.0,0.0,0.0,0,0,9999,0.0,0,308.84,0.0,0.0
C00466,0,32,0,10,Very Low,0,32,1,1,0,0,0,0.0,0.0,0.0,0.0,0,0,9999,0.0,0,122.16,0.0,0.0
C00195,0,30,0,10,Very Low,0,30,2,1,0,0,0,0.0,0.0,0.0,0.0,0,0,9999,0.0,0,102.65,0.0,881.36
C00075,0,28,0,10,Very Low,0,28,1,1,0,0,0,0.0,0.0,0.0,0.0,0,0,9999,0.0,0,49.76,0.0,1477.67
C00351,0,27,0,10,Very Low,0,27,1,1,0,0,0,0.0,0.0,0.0,0.0,0,0,9999,0.0,0,137.84,0.0,473.63
C00402,0,24,0,10,Very Low,0,24,3,1,1,0,0,0.0,0.0,0.0,0.0,0,0,9999,0.0,0,83.02,65.45,0.0
C00185,0,24,0,10,Very Low,0,24,3,1,0,0,0,0.0,0.0,0.0,0.0,0,0,9999,0.0,0,165.43,0.0,0.0
C00425,0,23,0,10,Very Low,0,23,3,1,0,0,0,0.0,0.0,0.0,0.0,0,0,9999,0.0,0,60.74,0.0,521.19
C00355,0,21,0,10,Very Low,0,21,1,1,0,0,0,0.0,0.0,0.0,0.0,0,0,9999,0.0,0,201.36,0.0,393.14
C00283,0,21,0,10,Very Low,0,21,3,1,0,0,0,0.0,0.0,0.0,0.0,0,0,9999,0.0,0,106.75,0.0,789.85
C00049,0,20,0,10,Very Low,0,20,3,1,0,0,0,0.0,0.0,0.0,0.0,0,0,9999,0.0,0,71.51,0.0,0.0
C00359,0,16,0,10,Very Low,0,16,1,1,0,0,0,0.0,0.0,0.0,0.0,0,0,9999,0.0,0,130.13,0.0,1016.98
C00417,0,15,0,10,Very Low,0,15,1,1,0,0,0,0.0,0.0,0.0,0.0,0,0,9999,0.0,0,47.98,0.0,0.0
C00290,0,14,0,10,Very Low,0,14,1,1,0,0,0,0.0,0.0,0.0,0.0,0,0,9999,0.0,0,38.42,0.0,0.0
C00103,0,12,0,10,Very Low,0,12,2,1,0,0,0,0.0,0.0,0.0,0.0,0,0,9999,0.0,0,72.78,0.0,0.0
C00376,0,9,0,10,Very Low,0,9,2,1,0,0,0,0.0,0.0,0.0,0.0,0,0,9999,0.0,0,95.5,0.0,0.0
C00143,0,9,0,10,Very Low,0,9,2,1,0,0,0,0.0,0.0,0.0,0.0,0,0,9999,0.0,0,53.42,0.0,0.0
C00415,0,8,0,10,Very Low,0,8,1,1,0,0,0,0.0,0.0,0.0,0.0,0,0,9999,0.0,0,151.74,0.0,0.0
