cust_id,full_name,gender,age,income_annual_inr,income_segment,credit_score,risk_bucket,region,zone,urban_rural_flag,num_products,cbs_total_clr_bal_amt,aa_avg_monthly_inflows,aa_avg_monthly_outflows,ml_unified_customer_proba,cltv_profit_final,cltv_decile_final,hybrid_score_0_100_final,priority_segment,action_bucket,lead_cnt,last_lead_date,lead_recency_days,lead_recency_bucket,last_lead_source,last_prod_product_id
C00150,Isha Iyer,F,45,184912.69,LOW,600,MEDIUM,WEST,WEST,RURAL_SEMIURBAN,2,6677.25,6570.572499999999,20689.98083333333,0.975062785486282,3094.0,1,99.0,HIGH,A1_HIGH_LEAD_NO_LOAN_UPSELL,1,2025-10-23,35,31_90d,Campaign,P004
C00019,Saanvi Khan,F,21,634527.67,MID,751,LOW,NORTH,NORTH,RURAL_SEMIURBAN,3,20718.16,0.0,19253.025833333333,0.9634533195339462,5457.0,1,98.0,HIGH,A2_HIGH_LEAD_WITH_LOAN_CROSSSELL,1,2025-09-02,86,31_90d,Campaign,P003
C00228,Harsh Gupta,M,67,2418807.3,HIGH,807,LOW,EAST,EAST,URBAN,2,540.07,5109.756666666666,26142.721666666665,0.936206997493196,1852.0,2,92.0,HIGH,A1_HIGH_LEAD_NO_LOAN_UPSELL,1,2025-10-30,28,0_30d,Website,P004
C00440,Shivani Sharma,F,47,108455.37,LOW,543,HIGH,NORTH,NORTH,URBAN,2,3303.07,2206.1066666666666,20794.32,0.9392285791205016,1712.0,2,92.0,HIGH,A2_HIGH_LEAD_WITH_LOAN_CROSSSELL,1,2025-09-09,79,31_90d,Website,P003
C00235,Tanvi Shah,F,21,75676.66,LOW,627,MEDIUM,WEST,WEST,URBAN,2,2869.0,5193.795,34637.875,0.8276575924870916,3257.0,1,91.0,HIGH,A2_HIGH_LEAD_WITH_LOAN_CROSSSELL,1,2025-09-16,72,31_90d,Social Media,P003
C00350,Aarohi Nair,F,59,164534.33,LOW,610,MEDIUM,NORTH,NORTH,URBAN,2,4875.71,3711.043333333333,24863.28916666667,0.93888032383825,1387.0,3,87.0,HIGH,A1_HIGH_LEAD_NO_LOAN_UPSELL,1,2025-10-20,38,31_90d,Campaign,P005
