[
  {
    "table": "schema.general_acct_mast_table",
    "row_count": 877,
    "null_rate_sol_id": 0.0,
    "null_rate_cust_id": 0.0,
    "null_rate_acid": 0.0,
    "null_rate_foracid": 0.0,
    "null_rate_acct_opn_date": 0.0,
    "null_rate_acct_cls_date": 0.9589509692132269,
    "null_rate_acct_cls_flg": 0.0,
    "null_rate_acct_crncy_code": 0.0,
    "null_rate_schm_code": 0.0,
    "null_rate_schm_type": 0.0,
    "null_rate_sanct_lim": 0.0,
    "null_rate_clr_bal_amt": 0.0,
    "null_rate_del_flg": 0.0
  },
  {
    "table": "schema.htd",
    "row_count": 40111,
    "null_rate_txn_id": 0.0,
    "null_rate_cust_id": 0.0,
    "null_rate_acid": 0.0,
    "null_rate_tran_date": 0.0,
    "null_rate_tran_amt": 0.0,
    "null_rate_part_tran_type": 0.0,
    "null_rate_tran_sub_type": 0.0,
    "null_rate_tran_particular": 0.0,
    "null_rate_del_flg": 0.0,
    "null_rate_pstd_flg": 0.0
  },
  {
    "table": "schema.chrg_tran_log_tbl",
    "row_count": 1497,
    "null_rate_charge_id": 0.0,
    "null_rate_target_acid": 0.0,
    "null_rate_actual_amt_coll": 0.0,
    "null_rate_chrg_tran_date": 0.0,
    "null_rate_tran_particular": 0.0,
    "null_rate_part_tran_type": 0.0,
    "null_rate_reversal_flg": 0.0,
    "null_rate_entity_cre_flg": 0.0,
    "null_rate_del_flg": 0.0
  },
  {
    "table": "schema.gam",
    "row_count": 500,
    "null_rate_cust_id": 0.0,
    "null_rate_cif_id": 0.0
  },
  {
    "table": "ans.acc_car",
    "row_count": 500,
    "null_rate_cust_id": 0.0,
    "null_rate_avg_bal_12m_td": 0.0,
    "null_rate_avg_bal_12m_savings": 0.0,
    "null_rate_avg_bal_12m_current_ac": 0.0
  }
]